,speaker,video_ids,videos,views,topics,average_views
2306,Juan Enriquez,"[1730, 71407, 50657, 33924, 26256, 2632, 2473, 1467, 193, 463, 80]",11,21972108,"['culture, technology, social media', 'science, technology, invention, DNA, biotech, genetics, nature, biology, TEDx, medical research, bioethics, synthetic biology, CRISPR', 'technology, future, history, humanity, ethics', 'environment, global issues, science, sustainability, DNA, genetics, nature, evolution, biology, future, history, potential, brain, biodiversity, humanity, conservation', 'science, technology, business, economics, robots, biology', 'science, technology, engineering, invention, DNA, biotech, genetics, collaboration, innovation, nature, evolution, biology, future, aging, brain, humanity, bacteria, society, chemistry, neuroscience, bioethics, human body', 'culture, science, technology, DNA, biotech, genetics, innovation, evolution, biology, future, history, astronomy, brain, biodiversity, Planets, TEDx, Autism spectrum disorder, bioethics, human body', 'social change, history, community, United States, humanity, society, immigration, policy, refugees', 'science, technology, business, biotech, energy, biodiversity', 'TED en Español', 'culture, science, technology, invention, business, DNA, biotech, genetics']",1997464.36
85,Al Gore,"[84188, 92787, 66654, 535, 83223, 1, 155791, 115855, 64693, 2441, 243]",11,20931826,"['climate change, global issues, science, activism', 'climate change, science, weather, Countdown', 'climate change, culture, environment, global issues, science, sustainability, technology, transportation, renewable energy', 'climate change, environment, global issues, science, sustainability, transportation, energy, pollution, solar energy, agriculture, manufacturing, Countdown', 'climate change, environment, sustainability, business, pollution, Countdown, fossil fuels', 'climate change, environment, science, sustainability, technology, social change, energy, solar energy, data, Countdown, renewable energy, fossil fuels', 'climate change, environment, social change, activism, leadership, Countdown', 'climate change, environment, global issues, science, sustainability, technology, business, social change, future, energy, pollution, finance, policy, Countdown, fossil fuels', 'climate change, science, energy, weather, electricity, renewable energy', 'climate change, environment, science, sustainability, technology, energy, ecology, natural resources, renewable energy, public speaking', 'climate change, science, innovation, leadership, energy, Countdown, renewable energy']",1902893.27
1718,Hans Rosling,"[1101, 912, 540, 1455, 974, 695, 620, 140, 92]",9,39570870,"['culture, global issues, poverty, demo, data, public speaking', 'health, Africa, statistics, TEDx, data, international development, equality', 'global issues, economics, health, Africa, statistics, poverty, Asia, visualizations, international development, equality', 'global issues, economics, health, Africa, statistics, demo, Asia, visualizations, math, international development', 'culture, economics, women, data, electricity', 'global issues, science, technology, Africa, statistics, medicine, Asia, visualizations, math, data, international development, public speaking', 'technology, economics, health, statistics, Asia, visualizations, india', 'global issues, religion, TEDx, data, public speaking', 'global issues, disease, Africa, statistics, AIDS, visualizations, public speaking']",4396763.33
798,Chris Anderson,"[121113, 211, 72, 148297, 123235, 54715, 8420, 3633, 955]",9,10871506,"['climate change, environment, science, sustainability, social change, activism, leadership, society, Countdown', 'technology, invention, entrepreneur, computers, software, collaboration, interview, innovation, cancer, creativity, future, work, motivation, potential, AI, society, data, algorithm, driverless cars', 'culture, global issues, technology, business, philosophy, community, philanthropy', 'social change, philanthropy, personal growth, humanity, compassion, empathy, social media, Internet, Ideas', 'science, technology, computers, innovation, future, AI, machine learning', 'politics, technology, media, AI, law, democracy, social media, Internet, government, data, journalism', 'culture, technology, business, economics, entertainment, marketing', 'environment, science, sustainability, future, space, humanity, deextinction', 'global issues, science, technology, business, education, innovation, Internet']",1207945.11
1897,Jacqueline Novogratz,"[494, 157429, 65394, 1076, 644, 91, 155908, 157]",8,9929826,"['culture, global issues, economics, women in business, investing', 'climate change, global issues, sustainability, technology, innovation, social change, Africa, philanthropy, energy, solar energy, electricity, Countdown, renewable energy, investing', 'social change, activism, poverty, society, equality', 'culture, technology, business, entrepreneur, Africa, society, finance', 'global issues, invention, business, economics, innovation, Africa, philanthropy, poverty, women, finance, international development, equality', 'culture, business, entrepreneur, philanthropy, poverty, finance, international development, investing', 'global issues, business, philanthropy, medicine, poverty, women, women in business, finance, international development, investing', 'culture, global issues, business, activism, poverty, work, women']",1241228.25
2878,Marco Tempest,"[51449, 1482, 1262, 1211, 1991, 1602, 1405]",7,17228297,"['technology, entertainment, magic', 'technology, entertainment, robots, magic', 'technology, design, entertainment, art, illusion, magic', 'technology, illusion, magic', 'science, technology, entertainment, robots, illusion, magic', 'science, technology, design, industrial design, invention, art, storytelling, visualizations, Internet', 'technology, design, entertainment, music, art, illusion, magic']",2461185.29
561,Bill Gates,"[2225, 1739, 1087, 91428, 64835, 767, 451]",7,75364998,"['global issues, science, technology, disease, health, health care, future, history, humanity, pandemic, coronavirus', 'education, aging, money, youth', 'global issues, science, technology, invention, business, energy, electricity', 'science, technology, business, education, health, philanthropy, insects, illness', 'culture, global issues, education, teaching', 'science, disease, health, health care, public health, Vaccines, virus, medical research, pandemic, coronavirus', 'global issues, disease, war, medicine, natural disaster, pandemic, ebola']",10766428.29
3098,Michael Green,"[110689, 77478, 63852, 26946, 2348, 2134, 1785]",7,9425975,"['global issues, economics, health, future, statistics, poverty, society, data, policy, international development, goals, equality', 'design, history, product design, identity, TEDx', 'climate change, environment, sustainability, design, architecture, innovation, resources, natural resources', 'design, engineering, architecture', 'global issues, economics, statistics, policy', 'design, community, sports, society, identity', 'global issues, economics, future, statistics, policy, international development, goals']",1346567.86
4256,Steven Pinker,"[158347, 1948, 164, 15274, 354, 163]",6,14734193,"['culture, science, psychology, philosophy, language, brain, books, kids', 'culture, psychology, philosophy, brain, consciousness', 'climate change, politics, history, statistics, war, happiness, pollution, violence, humanity, society, democracy, data', 'culture, psychology, language', 'economics, collaboration, innovation, social change, psychology, history, communication, activism, language, decision-making, society', 'culture, global issues, business, media, war, sociology, violence']",2455698.83
3758,Rives,"[383, 108, 26, 1490, 148, 2000]",6,12750113,"['science, entertainment, nature, future, insects, humor, TEDx, Internet', 'entertainment, storytelling, spoken word, humor, Internet', 'entertainment, performance, memory, storytelling, poetry, spoken word', 'culture, entertainment, performance, love, philosophy, poetry', 'design, entertainment, media, love, storytelling, poetry, humor', 'entertainment, poetry, spoken word']",2125018.83
2330,Julian Treasure,"[660, 2034, 1564, 1200, 965]",5,85597044,"['culture, social change, sound', 'design, architecture, sound', 'science, design, music, nature, psychology, sound', 'business, entertainment, music, cities, birds', 'culture, communication, sound']",17119408.8
488,Barry Schwartz,"[66136, 2324, 1043, 462, 93]",5,29559822,"['culture, business, economics, psychology, happiness, personal growth, potential, decision-making', 'social change, psychology, success, work, personal growth, society, equality', 'science, business, economics, psychology, happiness, work, TED Books', 'culture, global issues, philosophy, happiness, self', 'culture, global issues, business, social change, psychology, philosophy, self, society']",5911964.4
2660,Lawrence Lessig,"[1960, 139351, 1702, 871, 187]",5,6375584,"['technology, music, law, TEDx, Internet', 'politics, corruption, democracy, government', 'global issues, politics, corruption, law, democracy, government', 'technology, business, entertainment, creativity, law', 'politics, technology, social change, AI, democracy, social media, TEDx, Internet, machine learning']",1275116.8
3512,Paul Rucker,"[95866, 49399, 24865, 19413, 136306]",5,2512457,"['music, performance, TED Fellows, immigration', 'social change, art, community, activism, race, self, humanity, society, identity, TED Fellows', 'culture, music, history, war, photography', 'music, performance, TED Fellows']",502491.4
4262,Stewart Brand,"[123, 598, 8420, 1690, 402]",5,5818753,"['technology, design, architecture, art, future', 'culture, global issues, technology, business, cities, urban planning, future, poverty', 'technology, biology, philosophy, deextinction', 'climate change, environment, global issues, sustainability, urban planning, future, Anthropocene, electricity, renewable energy, international development', 'environment, science, sustainability, future, space, humanity, deextinction']",1163750.6
941,Dan Ariely,"[1212, 2229, 50957, 487, 1706]",5,19914737,"['business, leadership, work, motivation, productivity, TEDx, behavioral economics', 'science, technology, economics, cognitive science, medical research', 'culture, science, economics, psychology, motivation, brain, self, society', 'economics, cognitive science, psychology, motivation, decision-making, self, humanity, behavioral economics', 'economics, psychology, behavioral economics, equality']",3982947.4
1451,Eve Ensler,"[54214, 1205, 217, 751, 64]",5,8601492,"['culture, global issues, technology, activism, war, spoken word, women, violence', 'social change, gender, activism, self, literature, society, family, sexual violence, emotions', 'culture, global issues, entertainment, performance, gender, storytelling, happiness, theater, women', 'culture, cancer, activism, poetry, brain, human body', 'culture, social change, gender, self, women, feminism']",1720298.4
872,Clay Shirky,"[1329, 896, 575, 1546, 274]",5,7659577,"['politics, technology, software, collaboration, future, law, social media, Internet, government', 'culture, technology, collaboration, community', 'culture, global issues, politics, technology, social change, communication, social media', 'culture, technology, business, collaboration, social change, cognitive science, society', 'politics, technology, business, media, creativity']",1531915.4
1964,Jane McGonigal,"[146814, 1866, 1501, 799]",4,16493832,"['global issues, design, computers, entertainment, gaming', 'science, technology, entertainment, social change, health, health care, cognitive science, psychology, philosophy, aging, happiness, medicine, motivation, self, gaming, illness, compassion, social media, body language, neuroscience', 'entertainment, performance, gaming', 'creativity, future, personal growth']",4123458.0
42,Adam Grant,"[80686, 75615, 2652, 2474]",4,39469878,"['psychology, motivation, personal growth, mental health, pandemic, goals', 'invention, business, innovation, creativity, leadership, success, work, motivation, personal growth, potential, exploration, decision-making, curiosity', 'business, collaboration, psychology, community, leadership, anthropology, work, motivation, personal growth, self, society, behavioral economics, personality', 'psychology, personal growth, self, identity, curiosity, goals']",9867469.5
2244,Jonathan Haidt,"[1389, 2625, 1642, 341]",4,9214444,"['culture, global issues, politics, evolution, psychology, brain, ethics', 'culture, evolution, religion', 'economics, media, interview, social change, evolution, psychology, philosophy, communication, community, religion, United States, decision-making, sociology, society, identity, democracy, social media, government, policy, equality', 'global issues, politics, psychology, society']",2303611.0
2241,Jonathan Drori,"[821, 556, 1185, 333]",4,3594089,"['environment, science, biology, insects, bees, sex, botany, plants', 'science, technology, media, education, illusion', 'environment, biology, bees, sex, botany', 'environment, science, biology, future, biodiversity, ecology, plants, gardening']",898522.25
574,Bjarke Ingels,"[50009, 42488, 634, 1340]",4,5012101,"['technology, engineering, invention, architecture, innovation, future, exploration, space, Mars', 'environment, sustainability, design, architecture, cities, creativity', 'climate change, environment, sustainability, design, architecture, cities, urban planning, creativity, infrastructure', 'sustainability, design, architecture, cities, TEDx']",1253025.25
1962,Jane Fonda,"[1313, 54394, 2394, 99568]",4,11007665,"['interview, gender, relationships, aging, personal growth, comedy, self, women, humanity, humor, identity, friendship', 'climate change, environment, politics, sustainability, social change, activism, society, protest', 'culture, health, aging, women, TEDx, personality', 'climate change, environment, politics, social change, activism, United States, Countdown, protest']",2751916.25
1373,Enric Sala,"[82093, 17850, 17733, 854]",4,3314095,"['climate change, environment, nature, fish, biodiversity, water, conservation, Countdown, ocean', 'environment, economics, biosphere, nature, fish, future, water, TED en Español, ocean', 'science, economics, fish, Mission Blue, marine biology, coral reefs, ocean']",828523.75
1054,David Brooks,"[1973, 40930, 2716, 1094]",4,10932328,"['politics, collaboration, social change, future, history, communication, United States, women, humanity, writing, identity, democracy, social media, government, journalism, immigration, policy, infrastructure, equality', 'psychology, philosophy, success, self, personality', 'culture, social change, relationships, happiness, United States, success, motivation, personal growth, society', 'culture, motivation, brain, society, emotions']",2733082.0
2194,John Doerr,"[83767, 17922, 128, 66457]",4,14000893,"['business, collaboration, future, leadership, success, work, motivation, personal growth, potential, goals', 'climate change, environment, global issues, sustainability, technology, investing', 'climate change, sustainability, technology, innovation, leadership, energy, Countdown', 'climate change, environment, sustainability, technology, innovation, leadership, energy, Countdown']",3500223.25
2178,Johan Rockström,"[66925, 26072, 945, 135902]",4,8342024,"['climate change, environment, global issues, cities, agriculture, Anthropocene', 'climate change, environment, science, nature, leadership, Countdown', 'climate change, environment, global issues, sustainability, energy, Anthropocene, renewable energy, international development, fossil fuels', 'climate change, environment, science, sustainability, nature, leadership, policy, Countdown']",2085506.0
2773,Louie Schwartzberg,"[1969, 1283, 1140, 64338]",4,17518646,"['science, nature, evolution, film, insects, bees, beauty, botany, plants, gardening', 'global issues', 'culture, biology, photography, biodiversity, compassion, TEDx', 'nature, film, photography, insects, bacteria, nanotechnology']",4379661.5
2845,Malcolm Gladwell,"[139364, 1831, 1255, 20]",4,23107029,"['social change, history, sociology, writing, crime, journalism, policy', 'culture, business, economics, media, food, consumerism, marketing, storytelling, decision-making', 'invention, war, drones', 'entertainment, history, storytelling, war, ancient world']",5776757.25
949,Dan Dennett,"[485, 116, 102, 94]",4,15167097,"['cognitive science, evolution, philosophy, religion, brain, atheism, consciousness', 'culture, entertainment, illusion, brain, visualizations, consciousness, self', 'food, animals, primates, evolution, biology, comedy, humanity, humor, sex, kids', 'culture, philosophy, religion']",3791774.25
2888,Margaret Heffernan,"[46585, 2283, 1773, 1533]",4,15760945,"['culture, global issues, corruption, women in business, TEDx', 'business, leadership, women in business', 'technology, business, entrepreneur, innovation, social change, creativity, future, leadership, work, AI, humanity, society, government, algorithm', 'business, leadership, work, TED Books']",3940236.25
1700,Halla Tómasdóttir,"[1030, 85424, 37800, 2621]",4,6206802,"['politics, business, social change, gender, activism, leadership, women in business, society, government', 'politics, business, women, women in business, feminism', 'culture, politics, media, social change, gender, motivation, women, democracy, government, television, equality', 'climate change, sustainability, collaboration, leadership, policy, Countdown']",1551700.5
3319,Ngozi Okonjo-Iweala,"[70124, 2560, 152, 127]",4,4962232,"['global issues, business, corruption, women, women in business, investing', 'global issues, technology, business, economics, transportation, collaboration, education, Africa, future, war, potential, women, society, government, policy, natural resources, international development, goals, investing', 'education, social change, gender, future, leadership, personal growth, women, society, international development', 'global issues, business, economics, entrepreneur, health care, Africa, philanthropy, women, women in business, international development, investing']",1240558.0
3326,Nicholas Negroponte,"[423, 41, 2043, 230]",4,4217492,"['technology, design, entertainment, media, future, film, demo, UX design', 'global issues, technology, design, entrepreneur, education, social change, philanthropy, kids', 'technology, computers, innovation, future, UX design', 'global issues, technology, design, computers, philanthropy, kids']",1054373.0
2526,Kevin Kelly,"[88884, 2645, 770, 19]",4,7470064,"['culture, science, technology, evolution, future, history, philosophy, decision-making', 'technology, computers, history, TEDx', 'technology, industrial design, invention, business, computers, collaboration, innovation, robots, future, decision-making, AI, humanity, society, Internet, data, algorithm, machine learning, driverless cars', 'global issues, technology, innovation, social change, future, history, potential, humanity, society']",1867516.0
3590,Pico Iyer,"[2598, 46587, 2025, 1789]",4,12020644,"['culture, happiness, travel, writing', 'happiness, travel, TED Books, productivity, meditation, mindfulness, work-life balance', 'culture, history, sports, personal growth, humanity', 'illusion, aging, personal growth, self, humanity, writing, identity']",3005161.0
3672,Ray Kurzweil,"[2015, 560, 132599, 38]",4,8968460,"['culture, science, technology, invention, business, biotech, robots, future', 'technology, evolution, future, brain, AI', 'science, technology, computers, education, future, nanotechnology', 'technology, innovation, future, AI, humanity, human body']",2242115.0
983,Daniel Kraft,"[601, 25241, 76707, 1168]",4,5062994,"['science, innovation, health, health care, future, medicine, TEDx, medical research, pandemic, coronavirus', 'science, technology, design, health care, TEDx', 'science, technology, biotech, health, health care, biology, medicine', 'science, technology, invention, health, health care, future, product design, medicine, medical research, 3D printing, drugs']",1265748.5
3774,Robert Full,"[2014, 571, 280, 195]",4,4229226,"['technology, design, engineering, robots, animals, biology', 'science, technology, design, invention, robots, animals, biology, biomimicry, demo, insects', 'science, technology, design, transportation, robots, animals, evolution', 'science, technology, design, robots, evolution']",1057306.5
3971,Sarah Jones,"[115676, 2278, 1989, 527]",4,7002500,"['culture, performance, storytelling, theater, humanity, humor, identity', 'performance, future, theater, humor', 'culture, social change, gender, future, theater, personal growth, society, social media, diversity, inclusion', 'culture, performance, future, humor, sex']",1750625.0
3973,Sarah Kay,"[118554, 43362, 1293, 1100]",4,21328672,"['entertainment, performance, art, storytelling, poetry, spoken word', 'entertainment, performance, storytelling, poetry, spoken word', 'performance, art, poetry, Life', 'entertainment, performance, storytelling, poetry, spoken word, TEDx']",5332168.0
4206,Stefan Sagmeister,"[356, 1159, 649, 50]",4,9273178,"['design, innovation, creativity, art, happiness, work', 'design, art, film, happiness, motivation', 'design, education, art, happiness, work, humor', 'design, art, happiness, typography, graphic design']",2318294.5
4253,Steven Johnson,"[61, 80827, 961, 362]",4,9716536,"['culture, science, design, cities, urban planning, disease, health, history, maps', 'science, technology, collaboration, innovation, literature', 'global issues, design, cities, communication, community, Internet', 'science, technology, innovation, social change, health, health care, history, medicine, public health, society, human body']",2429134.0
1015,Danny Hillis,"[12799, 1693, 1346, 1082]",4,3982387,"['technology, computers, Internet', 'genetics, cancer, medical research', 'climate change, science, technology, social change, future, society, curiosity, Anthropocene', 'science, technology, engineering, DNA, genetics, computers, innovation, evolution, biology, future, history, math, code']",995596.75
2626,Latif Nasser,"[84188, 84189, 2455, 2285]",4,6209920,"['science, social change, health, health care, history, storytelling, medicine, empathy, medical research, drugs', 'environment, science, animals, nature, evolution, biology, history, paleontology, ancient world, curiosity, ecology', 'climate change, science, weather, Countdown', 'climate change, future, activism, leadership, Countdown']",1552480.0
4484,Tom Wujec,"[2179, 837, 694, 591]",4,15191237,"['technology, design, creativity, brain, visualizations, public speaking', 'science, technology, innovation, history, astronomy', 'design, business, collaboration, creativity, leadership', 'culture, design, business, entertainment, collaboration, psychology']",3797809.25
4711,Yuval Noah Harari,"[94157, 2307, 16159, 2695]",4,21264494,"['politics, technology, biotech, social change, future, history, leadership, AI, humanity, society, democracy, government, algorithm', 'climate change, global issues, politics, technology, economics, media, collaboration, social change, evolution, future, history, war, violence, humanity, society, identity, democracy, government, journalism, international development', 'evolution, history, storytelling, humanity', 'climate change, global issues, politics, science, sustainability, economics, money, finance, policy, Countdown']",5316123.5
1164,Derek Sivers,"[947, 814, 755]",3,23983960,"['psychology, storytelling, success, motivation, personal growth, self, goals', 'business, creativity, india, maps', 'business, entertainment, marketing, dance, leadership, Internet']",7994653.33
2243,Jonathan Foley,"[124191, 135050, 1412]",3,2280770,"['climate change, environment, science, sustainability, technology, data, Countdown', 'environment, global issues, TEDx, agriculture', 'climate change, environment, science, sustainability, food, pollution, agriculture, data, Countdown']",760256.67
635,Bruce Feiler,"[93272, 1675, 1062]",3,4588121,"['culture, technology, engineering, software, parenting, family, youth, kids', 'storytelling, communication, motivation, personal growth, mental health, TEDx', 'culture, health, cancer, storytelling, community, personal growth, family']",1529373.67
699,Carole Cadwalladr,"[148289, 39331, 148297]",3,7286968,"['politics, technology, media, AI, law, democracy, social media, Internet, government, data, journalism', 'culture, global issues, politics, social change, future, history, leadership, law, society, democracy, social media, Internet, government, data', 'politics, technology, social change, activism, democracy, social media, Internet, government, data, journalism, protest']",2428989.33
1430,Esther Perel,"[74840, 2252, 1669]",3,49117861,"['health, psychology, relationships, communication, community, work, personal growth, empathy, pandemic, emotions, coronavirus', 'culture, love, relationships, sex']",16372620.33
504,Beck Brachman,"[157723, 19831, 2648]",3,4467445,"['science, disease, health, medicine, brain, humanity, depression, mental health, chemistry, TED Fellows, neuroscience, medical research, PTSD, drugs', 'science, health, health care, history, happiness, medicine, brain, humanity, illness, depression, mental health, chemistry, neuroscience, TEDx, medical research, PTSD, drugs', 'science, innovation, disease, health, cancer, psychology, medicine, medical research']",1489148.33
1066,David Deutsch,"[50792, 666, 47]",3,6674867,"['science, technology, history, philosophy, religion, universe, physics, ancient world', 'science, evolution, future, universe, physics, Planets, space', 'climate change, culture, environment, global issues, science, technology, universe, physics']",2224955.67
289,Andrew Solomon,"[2005, 1894, 1756]",3,27087628,"['culture, love, mental health, family, disability, kids', 'culture, medicine, depression, mental health, suicide, TEDx', 'culture, health, gender, depression, identity, LGBTQIA+']",9029209.33
1354,Emily Nagoski,"[49356, 20084, 15813]",3,7625510,"['science, love, relationships, communication, humanity, empathy, sex, TEDx, friendship', 'relationships, personal growth, self, sex, identity', 'science, social change, brain, humanity, sex, society, sexual violence, human body']",2541836.67
1682,Guy Winch,"[53740, 9987, 2193]",3,35243659,"['health, psychology, self, mental health, TEDx, mindfulness', 'time, happiness, work, personal growth, decision-making, work-life balance, goals', 'social change, love, personal growth, humanity, depression, compassion, identity, addiction']",11747886.33
293,Andrew Youn,"[74773, 19729, 2522]",3,1673665,"['technology, social change, poverty, women, agriculture, farming, The Audacious Project, international development', 'global issues, innovation, food, Africa, future, community, activism, poverty, society, agriculture, farming, The Audacious Project, international development', 'global issues, innovation, food, Africa, future, community, activism, poverty, society, agriculture, farming, international development']",557888.33
1756,Helen Fisher,"[307, 2590, 16]",3,22812988,"['technology, love, relationships, communication, anthropology, personal growth, humanity, compassion, society, Internet, personality', 'culture, science, cognitive science, evolution, gender, love, psychology, relationships', 'culture, science, technology, cognitive science, love, psychology, relationships, poetry, brain, literature']",7604329.33
1105,David Pogue,"[1725, 196, 7]",3,8024369,"['technology, entertainment, music, humor', 'technology, computers, entertainment, media, music, performance, software, UX design', 'culture, technology']",2674789.67
1987,Jarrett J. Krosoczka,"[2062, 88427, 1644]",3,4386692,"['design, art, storytelling, writing, TEDx, books, kids', 'education, books, kids', 'creativity, art, personal growth, self, illness, emotions']",1462230.67
1963,Jane Goodall,"[63815, 340, 11]",3,5996233,"['climate change, environment, global issues, animals, nature, biodiversity, humanity, conservation, Countdown', 'environment, global issues, science, Africa, animals, primates, pollution, biodiversity', 'culture, environment, global issues, science, Africa, animals, nature, primates']",1998744.33
3169,Mikko Hypponen,"[1328, 1192, 1861]",3,4912152,"['global issues, technology, computers, terrorism, TEDx, Internet, surveillance, encryption', 'politics, technology, crime, TEDx, Internet, data, surveillance, encryption', 'global issues, technology, computers, crime, virus, TEDx, Internet']",1637384.0
1297,Elif Shafak,"[66869, 3269, 917]",3,9463940,"['climate change, environment, social change, nature, storytelling, writing, trees, Countdown', 'culture, politics, storytelling, women, literature', 'culture, global issues, politics, social change, leadership, women, humanity, writing, society, identity, democracy']",3154646.67
520,Ben Saunders,"[1631, 2143, 89]",3,4249483,"['sports, personal growth, potential, exploration, Antarctica', 'climate change, culture, global issues, technology, sports, personal growth, potential, exploration, travel', 'culture, sports, personal growth, potential, travel']",1416494.33
1783,His Holiness Pope Francis,"[71516, 67078, 2744]",3,6345489,"['climate change, global issues, technology, collaboration, social change, love, future, communication, community, religion, Christianity, humanity, compassion, society, identity, refugees, kids, equality, ethics', 'climate change, environment, sustainability, education, social change, creativity, community, religion, leadership, Christianity, Countdown']",2115163.0
417,Arthur Benjamin,"[587, 1862, 199]",3,22676670,"['entertainment, performance, education, math, magic', 'economics, education, statistics, math', 'entertainment, math, magic']",7558890.0
953,Dan Gilbert,"[2012, 420, 97]",3,34971754,"['culture, entertainment, psychology, happiness, brain, decision-making, self, society, goals', 'culture, psychology, humanity, personality', 'culture, science, evolution, psychology, happiness, brain, decision-making']",11657251.33
1877,JR,"[1451, 94273, 1085]",3,5526828,"['art, community, photography, TED Prize, public space', 'creativity, art, relationships, communication, community, humanity, prison', 'art, community, activism, photography, TED Prize']",1842276.0
2323,Julia Shaw,"[63673, 26570, 20974]",3,3831176,"['science, technology, memory, work, women, sexual violence', 'social change, cognitive science, psychology, work, brain, TEDx', 'science, memory, social change, cognitive science, work, brain, society, crime, TEDx']",1277058.67
1602,George Monbiot,"[99754, 46580, 1816]",3,7028555,"['climate change, science, innovation, food, future, agriculture, farming, Countdown', 'climate change, environment, science, sustainability, animals, community, activism, biodiversity, deextinction, conservation, ecology, ocean', 'culture, politics, social change, future, community, society, democracy']",2342851.67
1336,Elon Musk,"[90833, 2774, 1695]",3,58614014,"['technology, entrepreneur, transportation, innovation, energy, exploration, space, solar energy, electricity', 'environment, science, technology, design, engineering, industrial design, invention, business, entrepreneur, flight, cities, innovation, social change, future, product design, universe, energy, exploration, humanity, society, solar energy, infrastructure, Mars, manufacturing, international development', 'technology, business, computers, future, physics, brain, AI, space, Internet, Mars, manufacturing']",19538004.67
1811,Ian Bremmer,"[112608, 2618, 148342]",3,15320484,"['politics, economics, United States, government', 'global issues, politics, technology, economics, social change, government, international relations', 'global issues, politics, business, military, Africa, war, United States, motivation, Asia, china, law, society, democracy, TEDx, money, Europe, government, Middle East, South America, international relations, international development']",5106828.0
2648,Laurel Braitman,"[52807, 132954, 2066]",3,4365737,"['science, health, animals, psychology, history, mental health, empathy, TED Fellows, neuroscience', 'death, health, relationships, mental health, emotions, Life', 'health, health care, psychology, storytelling, communication, community, self, mental health, writing, TED Fellows, emotions']",1455245.67
647,Bryn Freedman,"[33880, 26707, 37800]",3,6445615,"['technology, business, social change, future, work, AI, humanity, society, machine learning', 'technology, economics, future, community, humanity, society, Internet', 'politics, business, social change, gender, activism, leadership, women in business, society, government']",2148538.33
316,Angus Hervey,"[148376, 130720, 113677]",3,2313267,"['global issues, politics, media, social change, humanity, society, journalism', 'global issues, politics, media, social change, journalism, policy', 'global issues, politics, media, social change, personal growth, humanity, compassion, society, journalism']",771089.0
2841,Majora Carter,"[97794, 1041, 53]",3,6399745,"['sustainability, business, economics, cities, community, TEDx', 'business, cities, social change, community, activism, United States, government, capitalism, investing', 'environment, politics, sustainability, business, cities, activism, pollution, equality']",2133248.33
78,Aimee Mullins,"[482, 769, 443]",3,9344519,"['social change, health, activism, happiness, prosthetics, society', 'technology, design, future, activism, sports, prosthetics, fashion, bionics', 'technology, design, sports, prosthetics, beauty, body language, bionics']",3114839.67
2866,Marc Bamuthi Joseph,"[11720, 147531, 46074]",3,4919388,"['performance, social change, art, poetry, race, United States, spoken word, society, identity, TED Fellows', 'politics, performance, social change, art, dance, public health, society', 'education, social change, creativity, art, community, dance, sports, personal growth, society, identity, TED Fellows, immigration']",1639796.0
827,Christiana Figueres,"[66942, 2480, 54715]",3,5247734,"['climate change, environment, collaboration, leadership, motivation, Countdown', 'climate change, environment, global issues, sustainability, technology, collaboration, innovation, social change, nature, future, history, leadership, pollution, motivation, potential, humanity, law, society, solar energy, government, ebola, renewable energy, international development, goals', 'climate change, environment, science, sustainability, social change, activism, leadership, society, Countdown']",1749244.67
1270,Edith Widder,"[1684, 1149, 833]",3,7695893,"['science, technology, marine biology, ocean', 'science, technology, design, animals, fish, exploration, Mission Blue, ocean', 'science, biology, photography, exploration, deextinction, ocean']",2565297.67
2908,Mariana Mazzucato,"[1855, 64938, 53669]",3,4101946,"['technology, business, economics, innovation, women in business, government, finance, investing', 'business, economics, innovation, social change, society, money, finance', 'climate change, global issues, economics, government, finance, coronavirus']",1367315.33
2959,Martin Reeves,"[88608, 5137, 2549]",3,4963539,"['business, collaboration, work, data', 'business, innovation, leadership, success, work', 'business, innovation, biology, future, leadership, success, work, potential, productivity, resources']",1654513.0
3060,Melinda Gates,"[977, 1964, 1418]",3,8166404,"['business, activism, philanthropy, money', 'global issues, business, philanthropy, public health, TEDx, international development', 'culture, global issues, health care, sex, TEDx']",2722134.67
726,Catherine Mohr,"[828, 22817, 580]",3,3724817,"['culture, sustainability, technology, business, electricity', 'science, technology, design, health care, medicine, heart', 'science, nature, love, storytelling, exploration, humor, human body, ocean']",1241605.67
3121,Michael Sandel,"[65986, 1836, 878]",3,6843590,"['politics, economics, social change, philosophy, society, equality', 'business, social change, communication, finance', 'politics, philosophy, sports, law, democracy, government']",2281196.67
3201,Monica Araya,"[82289, 66648, 2562]",3,5297808,"['climate change, environment, technology, business, cities, innovation, energy, government, Countdown', 'climate change, environment, global issues, transportation, collaboration, innovation, social change, nature, future, history, communication, community, activism, pollution, humanity, law, policy, infrastructure, natural resources, electricity, renewable energy, international development', 'climate change, environment, business, transportation, innovation, energy, The Audacious Project, Countdown']",1765936.0
3256,Nancy Lublin,"[1430, 62678, 2362]",3,3233169,"['technology, software, communication, community, activism, mental health, data, The Audacious Project', 'technology, health, communication, activism, society, data, youth, policy', 'culture, global issues, health, activism, bullying, youth']",1077723.0
3288,Nathan Myhrvold,"[1184, 853, 271]",3,3343702,"['entertainment, animals, fish, photography, exploration, humor, dinosaurs, archaeology', 'technology, invention, innovation, disease, creativity, poverty, insects', 'technology, design, entertainment, food, creativity, art, photography']",1114567.33
3312,Nellie McKay,"[325, 296, 287]",3,3239120,"['culture, science, genetics, entertainment, music, performance', 'entertainment, music, performance, animals', 'entertainment, music, performance, love, women, humor']",1079706.67
855,Christopher Soghoian,"[2614, 2314, 1940]",3,5126455,"['business, TED Fellows, Internet, government, surveillance, encryption', 'technology, computers, communication, activism, decision-making, society, TED Fellows, Internet, government, data, surveillance, encryption, cyber security', 'technology, TED Fellows, government, surveillance, encryption']",1708818.33
1224,Dr. Phillip Atiba Solomon,"[64034, 46535, 63996]",3,5133631,"['social change, history, community, race, United States, violence, society, policy, justice system, equality', 'social change, history, community, activism, race, United States, violence, humanity, law, society, identity, government, policy, justice system, equality', 'culture, social change, community, race, United States, violence, society, crime, data, justice system, The Audacious Project, equality']",1711210.33
3327,Nick Bostrom,"[2243, 44, 52673]",3,9211638,"['technology, future, philosophy, AI, humanity, society, vulnerability, machine learning', 'culture, global issues, technology, biotech, future, philosophy, happiness', 'technology, future, philosophy, AI, machine learning']",3070546.0
3334,Nicola Sturgeon,"[46584, 83359, 46582]",3,4415702,"['politics, economics, social change, future, leadership, society, policy, equality', 'climate change, global issues, sustainability, leadership, Countdown', 'politics, social change, leadership, society, government']",1471900.67
3362,Nina Tandon,"[120453, 1626, 1187]",3,2032745,"['science, engineering, entrepreneur, biotech, innovation, health, biomimicry, medicine', 'science, biotech, biology, biomimicry, TED Fellows', 'science, technology, engineering, biotech, innovation, disease, health, health care, cancer, biology, medicine, illness, TED Fellows, medical research, synthetic biology, human body, drugs']",677581.67
3487,Paul Bloom,"[108297, 2037, 1198]",3,5481734,"['psychology, behavioral economics', 'psychology, personal growth, humanity, society, crime, curiosity, emotions, ethics', 'science, psychology, philosophy, happiness']",1827244.67
792,Chip Conley,"[118670, 25601, 889]",3,6716606,"['business, economics, psychology, happiness, Buddhism, money', 'aging, personal growth, humanity, Life', 'business, entrepreneur, collaboration, creativity, communication, aging, leadership, work, personal growth, diversity']",2238868.67
3521,Paula Stone Williams,"[88835, 30527, 8225]",3,8889937,"['social change, gender, women, society, TEDx, Transgender', 'social change, gender, religion, parenting, personal growth, family, identity, Transgender, LGBTQIA+']",2963312.33
3546,Peter Diamandis,"[292, 1375, 335]",3,3030842,"['sustainability, technology, invention, cities', 'science, technology, design, business, exploration, space', 'science, technology, business, flight, universe, space']",1010280.67
3579,Philip Zimbardo,"[1206, 582, 272]",3,13062196,"['culture, gender, gaming, sex, feminism', 'science, business, psychology, happiness, brain', 'culture, global issues, education, psychology, crime, prison, kids']",4354065.33
578,Blaise Agüera,"[766, 129, 2533]",3,10194480,"['technology, design, cities, virtual reality, maps', 'technology, software, collaboration, photography, demo, visualizations, virtual reality', 'science, collaboration, innovation, art, future, demo, brain, visualizations, AI, beauty, algorithm, machine learning']",3398160.0
3608,Prosanta Chakrabarty,"[18094, 2536, 110068]",3,5954883,"['climate change, evolution, biology, fish, history', 'environment, science, animals, nature, primates, evolution, biology, fish, time, biodiversity, ancient world, TED Fellows', 'environment, science, DNA, animals, nature, evolution, biology, fish, history, time, brain, biodiversity, exploration, ancient world, curiosity, TED Fellows, sight, ecology, blindness']",1984961.0
3625,Rachel Botsman,"[2604, 1037, 1572]",3,5389785,"['technology, business, economics, collaboration, innovation, communication, community, potential, society, money, data, behavioral economics, trust, blockchain, cryptocurrency', 'business, collaboration, community, Internet, trust', 'culture, technology, business, cities, collaboration, consumerism, communication, TEDx, trust']",1796595.0
3635,Raghava KK,"[1219, 1484, 777]",3,2896297,"['technology, entertainment, art, storytelling, social media, TEDx, goals', 'technology, design, entertainment, creativity, storytelling, books', 'culture, design, entertainment, art, india']",965432.33
3642,Raj Panjabi,"[62238, 17280, 2789]",3,1494474,"['global issues, technology, collaboration, disease, health, health care, Africa, TED Prize, medicine, humanity, illness, society, virus, ebola, The Audacious Project, international development', 'technology, health, health care, medicine, humanity, illness, society', 'global issues, technology, collaboration, health, health care, medicine, humanity, illness, society']",498158.0
4734,Ze Frank,"[2049, 981, 87]",3,15357240,"['technology, music, comedy, gaming, humanity, humor, Internet', 'entertainment, performance, community, comedy, humanity, humor', 'culture, entertainment, performance, software, collaboration, community, dance, demo, comedy, humor']",5119080.0
3733,Richard Dawkins,"[159832, 113, 98]",3,11441976,"['culture, science, religion, atheism', 'science, evolution, biology, history, language, humanity, Life', 'science, cognitive science, evolution, psychology, biology, astronomy, universe, physics']",3813992.0
1133,Dean Kamen,"[82, 819, 9]",3,3423328,"['science, sustainability, technology, industrial design, invention, business, transportation, innovation, robots, social change', 'technology, design, health, health care, war, medicine, prosthetics', 'culture, global issues, science, technology, invention, health care, war, demo, prosthetics']",1141109.33
1134,Dean Ornish,"[252, 10, 377]",3,6699619,"['science, genetics, health, health care, aging, medicine', 'science, health, health care, medicine', 'culture, global issues, science, disease, food, health, health care']",2233206.33
3783,Robert Neuwirth,"[13340, 1555, 36]",3,3249734,"['global issues, business, economics, cities, community, law, finance', 'economics, Africa, money, trust', 'culture, global issues, business, entrepreneur, cities, social change, future, poverty, policy, international development']",1083244.67
3837,Rory Stewart,"[136667, 1595, 1196]",3,2504680,"['global issues, military, war, Middle East, international relations', 'social change, philanthropy, poverty, money', 'global issues, politics, corruption, society, democracy, TEDx, government']",834893.33
3838,Rory Sutherland,"[880, 658, 1437]",3,9003489,"['culture, psychology, marketing, humor, TEDx', 'politics, design, engineering, economics, creativity, motivation', 'business, economics, creativity, psychology, consumerism, marketing, happiness']",3001163.0
3903,Sal Khan,"[2579, 110653, 1090]",3,15100517,"['education, social change, personal growth, society, teaching, kids, goals', 'technology, education, AI, teaching, kids', 'culture, global issues, education, Internet, teaching']",5033505.67
3906,Sally Kohn,"[2073, 1883, 12354]",3,5267478,"['culture, social change, relationships, community, compassion, society', 'technology, media, social change, communication, social media', 'politics, entertainment, media, journalism']",1755826.0
402,Arcas,"[766, 129, 2533]",3,10194480,"['technology, design, cities, virtual reality, maps', 'technology, software, collaboration, photography, demo, visualizations, virtual reality', 'science, collaboration, innovation, art, future, demo, brain, visualizations, AI, beauty, algorithm, machine learning']",3398160.0
369,Anthony D. Romero,"[64037, 2791, 63996]",3,4030533,"['global issues, politics, social change, future, history, communication, activism, United States, society, democracy, government, journalism, immigration, refugees, equality', 'social change, history, community, activism, race, United States, violence, humanity, law, society, identity, government, policy, justice system, equality', 'social change, history, activism, race, United States, violence, humanity, law, society, justice system, equality']",1343511.0
3982,Sarah Parcak,"[1477, 2566, 2673]",3,3668463,"['science, technology, computers, collaboration, innovation, Africa, history, anthropology, exploration, space, ancient world, geology, TED Fellows, Egypt, archaeology', 'culture, global issues, science, technology, collaboration, evolution, communication, community, terrorism, war, TED Prize, potential, violence, humanity, ancient world, society, Egypt, Middle East, algorithm, South America, archaeology', 'culture, global issues, technology, innovation, history, TED Prize, exploration, space, humanity, ancient world, curiosity, TED Fellows, Internet, South America, conservation, discovery, archaeology']",1222821.0
4024,Sebastian Wernicke,"[846, 1315, 2403]",3,5169033,"['entertainment, statistics, comedy, humor', 'statistics, visualizations, TEDx', 'technology, media, brain, decision-making, TEDx, data, algorithm, television']",1723011.0
4097,Shereen El Feki,"[710, 1909, 1457]",3,3852843,"['culture, relationships, sex, TED Fellows, Egypt, Middle East', 'global issues, health, AIDS, law, TEDx', 'culture, global issues, entertainment, media, music, Egypt']",1284281.0
4150,Sir Ken Robinson,"[865, 1738, 66]",3,103282991,"['invention, education, creativity, kids', 'culture, education, creativity, dance, parenting, teaching, kids', 'culture, education, teaching']",34427663.67
4160,Skylar Tibbits,"[1215, 52189, 1707]",3,4418787,"['climate change, design, engineering, innovation, nature, physics, energy, TED Fellows, ocean', 'technology, design, industrial design, TED Fellows', 'technology, design, TED Fellows']",1472929.0
611,Brian Cox,"[531, 876, 253]",3,8144630,"['global issues, science, economics, innovation, physics, space, curiosity', 'science, technology, astronomy, physics, energy, exploration, quantum', 'science, technology, education, physics, String theory, Big Bang, quantum']",2714876.67
1160,Dennis Hong,"[1158, 820, 103361]",3,3698151,"['technology, design, transportation, sight, blindness', 'technology, engineering, invention, innovation, robots, demo, TEDx', 'science, technology, engineering, robots, AI, TEDx']",1232717.0
1386,Eric Liu,"[40727, 2587, 2060]",3,5625379,"['politics, entertainment, performance, collaboration, history, communication, community, society, identity, democracy, government, equality', 'culture, politics, social change, activism, society, democracy, government, policy', 'politics, democracy, policy']",1875126.33
3,A.J. Jacobs,"[2021, 1312, 27173]",3,7158094,"['genetics, entertainment, history, comedy, humanity, humor, family', 'culture, communication, community, happiness, personal growth, humor, TED Books', 'culture, entertainment, health, comedy, self, humor']",2386031.33
4341,Tan Le,"[10375, 1368, 921]",3,4507043,"['storytelling, family, TEDx, immigration', 'technology, cognitive science, brain, neurology', 'technology, design, computers, entertainment, brain, UX design']",1502347.67
4381,Terry Moore,"[1469, 1150, 115187]",3,16753984,"['culture, entertainment, demo', 'culture, history, language, math', 'culture, design, art, history, humanity']",5584661.33
4432,Tim Berners-Lee,"[788, 2061, 484]",3,4008434,"['global issues, software, Internet', 'technology, design, invention, business, communication, Internet', 'computers, statistics, visualizations, Internet']",1336144.67
4438,Tim Harford,"[31630, 2401, 1190]",3,12312638,"['culture, business, creativity, society', 'music, collaboration, innovation, creativity, cognitive science, psychology, success, work, potential', 'creativity, success, work, motivation, personal growth, productivity']",4104212.67
907,Craig Venter,"[863, 227, 6]",3,3312036,"['science, technology, business, DNA, genetics, biology', 'science, technology, invention, entrepreneur, DNA, biotech, genetics, biology, biodiversity, ecology, ocean', 'global issues, science, technology, invention, genetics, creativity, energy, renewable energy']",1104012.0
4519,Tristan Harris,"[148338, 2802, 2525]",3,6401756,"['technology, design, innovation, future, communication, product design, motivation, potential, decision-making, social media, TEDx, Internet, UX design', 'technology, design, product design, social media, algorithm, mindfulness, addiction', 'culture, technology, innovation, future, AI']",2133918.67
4592,Vishaan Chakrabarti,"[84954, 18517, 64686]",3,5313858,"['sustainability, design, engineering, architecture, cities, urban planning, future, community, infrastructure, Countdown', 'climate change, architecture, cities, urban planning, health care, community, policy, inclusion, coronavirus, Countdown, equality', 'design, engineering, architecture, cities, urban planning, innovation, future, community, humanity, society, beauty, infrastructure']",1771286.0
4667,Xiye Bastida,"[148320, 84189, 65429]",3,2671404,"['climate change, environment, politics, social change, activism, pollution, youth, Countdown', 'climate change, future, activism, leadership, Countdown', 'climate change, environment, future, activism, humanity']",890468.0
174,Alison Killing,"[2212, 2393, 91866]",3,4683600,"['global issues, politics, technology, social change, humanity, TED Fellows, journalism, human rights, maps', 'design, architecture, cities, death, TED Fellows', 'design, architecture, cities, death, aging, humanity, TED Fellows, TEDx']",1561200.0
4738,Zeynep Tufekci,"[2606, 2176, 3595]",3,6967019,"['technology, social change, activism, sociology, society, social media, protest', 'politics, technology, business, corruption, economics, social change, consumerism, AI, sociology, society, democracy, social media, government, data, algorithm, machine learning', 'science, technology, computers, software, robots, potential, decision-making, AI, humanity, society, data, algorithm, machine learning, ethics, online privacy']",2322339.67
1413,Erin McKean,"[2158, 161]",2,3802848,"['culture, entertainment, education, language, books', 'creativity, communication, language']",1901424.0
329,Anindya Kundu,"[46386, 2874]",2,5893225,"['education, social change, United States, potential, teaching', 'education, success, personal growth, sociology, teaching, TED Residency']",2946612.5
1310,Elizabeth Gilbert,"[1983, 453]",2,28286736,"['culture, entertainment, creativity, poetry, work, writing, personality', 'creativity, success, personal growth, writing']",14143368.0
2098,Jessica Green,"[1204, 1698]",2,1781042,"['climate change, environment, science, sustainability, design, architecture, collaboration, health, biology, biodiversity, visualizations, microbiology, TED Fellows, data, ecology', 'science, health, microbiology, TED Fellows']",890521.0
1312,Elizabeth Lesser,"[1052, 2641]",2,3926170,"['death, health, relationships, communication, aging, humanity, compassion, empathy, family, vulnerability', 'global issues, politics, communication']",1963085.0
740,Cesar Harada,"[2363, 1499]",2,2814508,"['environment, global issues, sustainability, design, invention, collaboration, education, innovation, water, TED Fellows, ocean', 'global issues, software, TED Fellows, TEDx, ocean']",1407254.0
100,Alanna Shaikh,"[1498, 60872]",2,5552089,"['global issues, health, health care, illness, virus, TED Fellows, TEDx, pandemic, coronavirus', ""science, death, disease, health, health care, psychology, future, philosophy, aging, medicine, brain, self, illness, mental health, compassion, family, TED Fellows, neuroscience, Alzheimer's""]",2776044.5
1587,Gayle Tzemach Lemmon,"[2288, 1339]",2,1966189,"['war, women', 'global issues, entrepreneur, poverty, women, women in business, TEDx']",983094.5
1849,Isabel Allende,"[2070, 204]",2,9491842,"['culture, global issues, entertainment, love, storytelling, parenting, women, South America', 'storytelling, aging']",4745921.0
337,Anjan Sundaram,"[136305, 3363]",2,1549062,"['climate change, culture, environment, corruption, war, society, TED Fellows, journalism, conservation, indigenous peoples', 'corruption, Africa, war, TED Fellows, journalism']",774531.0
1200,Dolores Huerta,"[54322, 35351]",2,4063624,"['education, activism, women, society, feminism', 'politics, social change, history, activism, society, democracy, policy, equality, protest']",2031812.0
2162,Joe Davis,"[145333, 6059]",2,440270,"['business, leadership, personal growth', 'business, collaboration, leadership, sports, society']",220135.0
1068,David Epstein,"[65876, 1986]",2,12525585,"['psychology, success, work, motivation, personal growth, self, TEDx, goals', 'science, DNA, genetics, innovation, sports, human body']",6262792.5
1952,Jamil Zaki,"[85259, 73231]",2,3431205,"['science, psychology, happiness, humanity, empathy, neuroscience, emotions', 'relationships, empathy, emotions']",1715602.5
1671,Gretchen Carlson,"[3680, 2716]",2,2875409,"['politics, collaboration, social change, future, history, communication, United States, women, humanity, writing, identity, democracy, social media, government, journalism, immigration, policy, infrastructure, equality', 'social change, activism, leadership, work, personal growth, women, law, society, journalism, sexual violence']",1437704.5
1204,Don Tapscott,"[1492, 2573]",2,8699924,"['technology, business, economics, computers, software, collaboration, innovation, future, society, Internet, data, trust, blockchain, cryptocurrency, online privacy', 'technology, business, future']",4349962.0
2213,John McWhorter,"[2595, 1718]",2,9766411,"['culture, technology, language, sociology', 'culture, education, communication, language, personal growth, writing, Internet']",4883205.5
1073,David Gallo,"[206, 343]",2,17881882,"['science, technology, animals, geology, marine biology, ocean', 'science, technology, animals, evolution, fish, exploration, marine biology, ocean']",8940941.0
562,Bill Gross,"[2272, 450]",2,12591059,"['technology, invention, energy, solar energy, electricity', 'technology, business, creativity']",6295529.5
2035,Jeff Speck,"[1843, 2682]",2,4145829,"['culture, design, transportation, cities', 'design, engineering, transportation, architecture, cities, collaboration, urban planning, innovation, community, potential, society, TEDx, infrastructure, public space']",2072914.5
924,César Cuauhtémoc García Hernández,"[95949, 58762]",2,1670869,"['global issues, politics, prison, immigration, justice system', 'social change, United States, law, prison, TEDx, immigration, policy, justice system']",835434.5
925,César Hidalgo,"[32617, 32267]",2,2345507,"['politics, technology, innovation, social change, future, history, leadership, AI, society, democracy, government, policy, TED en Español']",1172753.5
1076,David Gruber,"[67428, 2414]",2,3848657,"['environment, science, nature, biology, fish, photography, biodiversity, exploration, water, beauty, neuroscience, Mission Blue, marine biology, ocean', 'science, animals, biology, communication, language, AI, machine learning, The Audacious Project, ocean']",1924328.5
1512,Frank Gehry,"[231, 13]",2,1884704,"['culture, design, invention, business, architecture, interview, creativity', 'global issues, technology, design, architecture, collaboration']",942352.0
569,Billy Collins,"[2031, 1398]",2,3409057,"['death, animals, creativity, love, poetry', 'culture, entertainment, poetry, humor']",1704528.5
1596,Geoff Mulgan,"[1232, 625]",2,1265987,"['culture, technology, design, social change, health', 'culture, design, education, creativity, work']",632993.5
760,Charles Leadbeater,"[892, 63]",2,2984798,"['global issues, cities, education, innovation', 'culture, invention, business, economics, media, software, collaboration, innovation, product design']",1492399.0
761,Charles Limb,"[1291, 1046]",2,2240159,"['science, technology, entertainment, music, creativity, brain, TEDx', 'science, technology, music, art, beauty, sound, medical research, disability, hearing']",1120079.5
930,Dalia Mogahed,"[2442, 1462]",2,9584031,"['culture, religion, United States, Islam', 'economics, women, TEDx, Egypt, data, protest']",4792015.5
2316,Julia Bacha,"[1214, 2578]",2,1897301,"['entertainment, communication, film, war, violence, compassion', 'global issues, social change, history, war, women, protest']",948650.5
932,Dambisa Moyo,"[2423, 1842]",2,4446314,"['global issues, business, economics, future, United States, china, society, democracy, money, government, finance, policy, capitalism, international development', 'global issues, politics, economics, Africa, Asia, china, democracy, infrastructure']",2223157.0
1080,David Hoffman,"[282, 239]",2,1784770,"['culture, storytelling, film, library, personal growth', 'science, technology, education, history, war, space, math']",892385.0
132,Alex Steffen,"[1207, 74]",2,3017185,"['culture, environment, global issues, sustainability, design, invention, business, cities, collaboration, renewable energy', 'environment, sustainability, technology, design, architecture, cities, collaboration, energy, infrastructure']",1508592.5
1427,Esther Duflo,"[162528, 847]",2,1956015,"['climate change, global issues, economics, health, poverty, finance, Countdown, ethics', 'economics, cities, poverty']",978007.5
1326,Ella Al-Shamahi,"[50061, 46250]",2,2511089,"['global issues, science, evolution, anthropology, archaeology', 'science, nature, evolution, war, anthropology, biodiversity, exploration, humanity, paleontology, discovery']",1255544.5
368,Anthony Atala,"[1088, 744]",2,5275358,"['science, technology, health, biology, medicine', 'invention, health care, prosthetics, medical research, Surgery']",2637679.0
137,Alexander Betts,"[2543, 2449]",2,4930957,"['global issues, economics, social change, future, personal growth, potential, natural disaster, fear, Europe, government, Middle East, policy, refugees', 'global issues, politics, collaboration, social change, future, history, communication, community, decision-making, humanity, society, identity, democracy, Europe, government, journalism, immigration, policy, refugees, international development, equality']",2465478.5
2317,Julia Dhar,"[74155, 27383]",2,9636902,"['politics, relationships, communication, personal growth, society', 'politics, business, collaboration, social change, communication, personal growth, society']",4818451.0
1516,Frans Lanting,"[2117, 40]",2,3862974,"['animals, nature, photography', 'design, animals, nature, art, evolution, fish, storytelling, photography']",1931487.0
938,Damon Davis,"[2837, 148345]",2,1361822,"['culture, science, social change, art, history, TED Fellows, quantum', 'social change, art, community, activism, film, race, fear, TED Fellows, equality, protest']",680911.0
771,Charmian Gooch,"[1949, 1784]",2,3665126,"['global issues, business, corruption, TED Prize', 'global issues, business, corruption, energy']",1832563.0
585,Bob Mankoff,"[141238, 1776]",2,1794157,"['design, art, comedy, humor', 'technology, art, comedy, AI, humor, TEDx, Life']",897078.5
940,Damon Horowitz,"[1286, 1162]",2,2561943,"['culture, technology, philosophy, TEDx', 'culture, global issues, philosophy, crime, prison']",1280971.5
1517,Frans de Waal,"[15290, 1417]",2,9887254,"['politics, science, animals, nature, primates, biology, communication, community, biodiversity, empathy, body language', 'science, animals, primates, community, TEDx, ethics']",4943627.0
1087,David Kelley,"[1449, 122]",2,7708578,"['technology, design, creativity, fear', 'culture, design, collaboration, creativity, philanthropy, museums, water']",3854289.0
1802,Hugh Herr,"[17238, 1959]",2,20905698,"['technology, dance, prosthetics, bionics', 'science, technology, design, nature, future, prosthetics, humanity, human body, bionics']",10452849.0
1089,David Kwong,"[2027, 133770]",2,2296332,"['technology, performance, storytelling, AI, magic', 'entertainment, magic']",1148166.0
1090,David Lammy,"[66907, 115309]",2,2747425,"['climate change, environment, social change, health care, activism, race, leadership, Countdown', 'climate change, environment, politics, social change, future, community, activism, personal growth, Countdown, equality']",1373712.5
383,António Guterres,"[66940, 2397]",2,2735357,"['global issues, interview, social change, future, terrorism, humanity, society, Europe, government, immigration, policy', 'climate change, environment, sustainability, leadership, government, Countdown']",1367678.5
1091,David Lang,"[1885, 12385]",2,2883873,"['science, technology, collaboration, nature, fish, future, TED Fellows, TEDx, marine biology, ocean', 'technology, software, robots, exploration, TED Fellows, TEDx, ocean']",1441936.5
1332,Ellen Jorgensen,"[2593, 1568]",2,3743243,"['science, technology, engineering, DNA, biotech, genetics, innovation, disease, nature, biology, future, potential, curiosity, virus, CRISPR, nanotechnology', 'science, technology, engineering, invention, entrepreneur, DNA, biotech, genetics, media, software, collaboration, innovation, art, biology, future, community, microbiology, Internet, journalism, bioethics, code, synthetic biology']",1871621.5
597,Bono,"[1691, 59]",2,2926281,"['global issues, activism, poverty, equality', 'global issues, entertainment, social change, Africa, activism, philanthropy, AIDS, poverty']",1463140.5
1600,George Blair-West,"[31375, 127674]",2,5384190,"['love, relationships, personal growth, humanity, TEDx, emotions', 'love, relationships, community, personal growth, decision-making, humanity, TEDx']",2692095.0
1601,George Dyson,"[221, 278]",2,1932744,"['science, technology, engineering, military, computers, software, history, library', 'science, technology, rocket science, future, history, storytelling, physics, Planets, space']",966372.0
788,Chimamanda Ngozi Adichie,"[2732, 652]",2,46534395,"['Africa, gender, communication, community, women, literature, humanity, writing, society, identity, TEDx, feminism, kids, equality', 'culture, Africa, storytelling, writing, identity, books']",23267197.5
1223,Dr. Bernice King,"[64036, 63996]",2,3880816,"['social change, history, community, activism, race, United States, violence, humanity, law, society, identity, government, policy, justice system, equality', 'social change, history, community, activism, race, United States, violence, humanity, society, equality']",1940408.0
395,Aparna Pallavi,"[62845, 36760]",2,2238654,"['culture, social change, food, history, ancient world, TEDx, indigenous peoples', 'culture, global issues, food, agriculture, indigenous peoples']",1119327.0
396,Aparna Rao,"[1921, 1265]",2,2211545,"['technology, creativity, art, humor, TED Fellows', 'creativity, art, TED Fellows, UX design']",1105772.5
608,Brené Brown,"[1391, 1042]",2,89736309,"['culture, psychology, brain, self', 'culture, social change, psychology, communication, self, depression, mental health, fear, TEDx, vulnerability']",44868154.5
793,Chip Kidd,"[1410, 2287]",2,4933550,"['design, creativity, literature, humor', 'design, creativity, literature, TED Books, books']",2466775.0
2324,Julia Sweeney,"[856, 86]",2,8843200,"['comedy, humor, sex, kids', 'culture, performance, storytelling, religion, Christianity, atheism, comedy, humor']",4421600.0
2301,Joy Buolamwini,"[121076, 2705]",2,1948480,"['technology, social change, AI, society, human rights', 'technology, software, innovation, activism, product design, race, AI, identity, TEDx, data, algorithm, code, equality']",974240.0
2237,Jon Ronson,"[2302, 1544]",2,34562838,"['culture, technology, humanity, society, social media', 'culture, storytelling, prison']",17281419.0
614,Brian Greene,"[1426, 251]",2,14084559,"['science, astronomy, time, universe, physics, exploration, Planets, space, String theory, math, Big Bang, dark matter', 'science, universe, physics, String theory']",7042279.5
797,Chris Abani,"[294, 155]",2,1845412,"['culture, global issues, entertainment, Africa, storytelling, poetry, literature', 'culture, entertainment, Africa, poetry, literature, humanity, humor, writing']",922706.0
179,Allan Adams,"[1963, 2439]",2,4818021,"['science, technology, nature, astronomy, universe, physics, exploration, space, curiosity', 'astronomy, time, universe, physics, space, Big Bang']",2409010.5
961,Dan Pallotta,"[2497, 1688]",2,7861260,"['culture, global issues, business, philanthropy', 'technology, collaboration, social change, communication, community, activism, personal growth, potential, self, empathy, society, identity']",3930630.0
1608,George Whitesides,"[760, 845]",2,1292291,"['technology, design, history, chemistry', 'science, technology, biotech, innovation, disease, health, health care, poverty, chemistry, TEDx']",646145.5
2348,Julián Delgado Lopera,"[111750, 33923]",2,1318742,"['culture, global issues, communication, poetry, language', 'social change, storytelling, communication, community, language, personal growth, identity, TEDx, immigration, LGBTQIA+']",659371.0
807,Chris Fisher,"[64970, 50062]",2,1862560,"['climate change, technology, history, ancient world, TEDx, archaeology', 'climate change, technology, history, humanity, archaeology']",931280.0
2291,Joshua Prager,"[2482, 1715]",2,3632357,"['storytelling, anthropology, writing, disability', 'storytelling, aging, language, humanity, writing, identity, journalism, meditation, books']",1816178.5
2292,Joshua Prince-Ramus,"[750, 49]",2,2235392,"['design, architecture, creativity, theater, TEDx', 'culture, design, architecture, collaboration, library']",1117696.0
1617,Gever Tulley,"[588, 202]",2,7047583,"['design, invention, education, innovation, creativity, kids', 'technology, design, entertainment, parenting, sports, kids']",3523791.5
813,Chris Milk,"[2228, 2527]",2,2680793,"['technology, entertainment, innovation, storytelling, film, humanity, virtual reality', 'technology, entertainment, media, collaboration, innovation, art, future, communication, film, visualizations, beauty, virtual reality']",1340396.5
426,Ash Beckham,"[1932, 2282]",2,4688385,"['activism, identity, TEDx, LGBTQIA+, ethics', 'culture, gender, happiness, empathy, TEDx, LGBTQIA+']",2344192.5
633,Bruce Aylward,"[2177, 1153]",2,2007857,"['global issues, science, disease, health, Vaccines', 'disease, health, public health, virus, TEDx, ebola']",1003928.5
1353,Emily Levine,"[15555, 510]",2,5531484,"['science, technology, entertainment, cognitive science, philosophy, comedy, humor', 'death, cancer, creativity, aging, happiness, comedy, humanity, illness, humor']",2765742.0
201,Amanda Palmer,"[2481, 1682]",2,13924956,"['entertainment, music, performance, TED Fellows', 'business, entertainment, music, performance']",6962478.0
2010,Jay Walker,"[554, 418]",2,5889124,"['global issues, business, United States, language, china', 'culture, technology, design, invention, business, entrepreneur, entertainment, innovation, library, books, 3D printing']",2944562.0
2202,John Hockenberry,"[762, 1474]",2,1367940,"['science, creativity, art, astronomy, space, illness', 'design, humor, journalism']",683970.0
206,Amane Dannouni,"[126841, 52270]",2,3029655,"['technology, business, economics, entrepreneur, work, Internet, finance, international development', 'business, entrepreneur, transportation, social change, leadership, work, Asia, money']",1514827.5
435,Ashraf Ghani,"[64598, 3]",2,1424307,"['politics, war, leadership, public health, policy, international development', 'culture, global issues, politics, business, corruption, economics, entrepreneur, military, poverty, policy, international development, investing']",712153.5
1971,Janet Iwasa,"[58104, 2052]",2,1502210,"['science, software, biology, visualizations, TED Fellows, animation, CRISPR, human body', 'science, technology, software, biology, communication, visualizations, TED Fellows, Internet, medical research, animation']",751105.0
2203,John Hodgman,"[1471, 374]",2,3691355,"['design, architecture, comedy, humor', 'science, entertainment, love, film, time, physics, comedy, humor, aliens']",1845677.5
1360,Emma Belcher,"[91082, 52463]",2,2113550,"['global issues, war', 'global issues, technology, social change, communication, humanity, democracy, TEDx, nuclear energy, policy']",1056775.0
2146,Jinha Lee,"[1781, 57461]",2,1921951,"['technology, design, computers, TED Fellows, virtual reality, UX design', 'technology, innovation, future, work, virtual reality, UX design']",960975.5
1974,Janine Benyus,"[614, 18]",2,4390236,"['design, invention, biotech, innovation, nature, creativity, biology, biomimicry, biodiversity', 'environment, science, technology, design, DNA, animals, evolution, biology, biomimicry, fish']",2195118.0
2224,Johnny Staats,"[13017, 12818]",2,34832,"['music, performance', 'culture, music, performance']",17416.0
443,Asmeret Asefaw Berhe,"[118669, 46383]",2,2870832,"['climate change, environment, science, sustainability, technology, energy, policy, farming, Countdown', 'climate change, global issues, science, sustainability, innovation, future, humanity, agriculture, weather, farming']",1435416.0
1252,E.O. Wilson,"[1485, 83]",2,3207172,"['science, technology, education, social change, biology, future, storytelling, TED Prize, success, work, personal growth, potential, humanity, math, society, medical research, youth', 'global issues, science, technology, nature, biology, TED Prize, biodiversity, insects, ecology']",1603586.0
447,Atul Gawande,"[3623, 1421]",2,6501798,"['health care, medicine, heart', 'science, collaboration, personal growth, potential, Surgery, teaching, goals']",3250899.0
1822,Ilona Szabó de Carvalho,"[158932, 2124]",2,1557177,"['global issues, Brazil, violence, policy, drugs', 'climate change, environment, sustainability, business, economics, Brazil, leadership, trees, Countdown']",778588.5
222,Amir Nizar Zuabi,"[125274, 80283]",2,2314790,"['climate change, environment, art, activism, theater, Countdown', 'politics, social change, creativity, art, storytelling, community, theater, humanity, refugees']",1157395.0
225,Amit Sood,"[1144, 2519]",2,2001863,"['technology, design, art', 'culture, technology, computers, software, collaboration, innovation, art, future, history, library, exploration, visualizations, museums, Big Bang, society, beauty, Internet, data, painting, machine learning']",1000931.5
1257,Ed Boyden,"[2557, 1146]",2,2828307,"['science, technology, brain, neuroscience', 'science, technology, engineering, biotech, innovation, biology, potential, brain, humanity, illness, chemistry, neuroscience, medical research, nanotechnology']",1414153.5
227,Amma Y. Ghartey-Tagoe Kootin,"[50857, 148345]",2,2145132,"['culture, science, social change, art, history, TED Fellows, quantum', 'music, performance, art, history, race, United States, TED Fellows']",1072566.0
228,Amory Lovins,"[1434, 51]",2,2431805,"['environment, science, sustainability, technology, business, economics, energy', 'climate change, environment, science, sustainability, technology, design, engineering, industrial design, invention, business, economics, innovation, future, energy, solar energy, wind energy, natural resources, electricity, renewable energy']",1215902.5
1630,Giorgia Lupi,"[138596, 2727]",2,1944145,"['design, media, collaboration, art, communication, statistics, personal growth, visualizations, humanity, data, algorithm', 'design, media, innovation, disease, health, storytelling, data']",972072.5
837,Christine Blume,"[145025, 102437]",2,565971,"['science, health, TEDx, sleep', 'health, nature, biology, sleep, Sun']",282985.5
2180,Johann Hari,"[2299, 48103]",2,41436302,"['culture, society, policy, addiction, drugs', 'relationships, personal growth, brain, humanity, illness, depression, mental health, society']",20718151.0
1931,James Logan,"[50638, 43755]",2,405582,"['science, disease, animals, biology, illness, smell, TEDx', 'disease, health, animals, public health, smell']",202791.0
1979,Jared Diamond,"[1877, 365]",2,4449043,"['culture, environment, global issues, technology, social change, history, society', 'culture, social change, aging']",2224521.5
1263,Eddi Reader,"[109, 110]",2,1247249,"['entertainment, music, performance, memory', 'entertainment, music, performance, potential']",623624.5
1141,Debbie Millman,"[65384, 57734]",2,2629514,"['design, business, creativity, history, consumerism, community, anthropology, humanity, society, graphic design', 'art, love, storytelling, travel, gardening']",1314757.0
665,Cameron Sinclair,"[681, 54]",2,1854945,"['culture, global issues, design, invention, software, architecture, collaboration, activism, philanthropy, natural disaster', 'global issues, technology, design, business, cities, social change']",927472.5
1142,Deborah Gordon,"[1995, 145]",2,2818947,"['science, design, collaboration, biology, insects', 'science, computers, animals, nature, cancer, evolution, biomimicry, insects, Internet, algorithm']",1409473.5
465,Ayana Elizabeth Johnson,"[91995, 49398]",2,2571176,"['science, sustainability, nature, fish, conservation, coral reefs, ocean', 'climate change, environment, sustainability, social change, activism, leadership, society, Countdown, ocean']",1285588.0
2384,Karen Armstrong,"[647, 234]",2,3266092,"['global issues, politics, religion, TED Prize, violence', 'global issues, collaboration, religion, TED Prize']",1633046.0
2392,Karen Lloyd,"[42604, 9296]",2,4881916,"['science, biosphere, animals, nature, biology, biodiversity, microbiology, ocean', 'science, nature, biodiversity, microbiology, geology']",2440958.0
2412,Kary Mullis,"[594, 426]",2,1614354,"['science, technology, DNA, biology, history, microbiology, curiosity', 'science, technology, disease, health, health care, biology, medicine, chemistry']",807177.0
2418,Kasley Killam,"[145676, 142484]",2,1323417,"['health, love, psychology, relationships, mental health, friendship, emotions', 'science, technology, computers, psychology, relationships, future, AI, emotions']",661708.5
2435,Kate Stone,"[22947, 1793]",2,2246833,"['technology, design, engineering, entertainment', 'media, social change, health, gender, storytelling, personal growth, humanity, society, identity, journalism, Transgender']",1123416.5
1654,Graham Hill,"[1238, 860]",2,9450872,"['culture, design, media, consumerism, happiness', 'culture, global issues, sustainability, food']",4725436.0
2489,Keller Rinaudo Cliffton,"[1709, 3694]",2,2579388,"['technology, robots', 'technology, entrepreneur, innovation, social change, disease, health, health care, Africa, medicine, drones']",1289694.0
2503,Ken Goldberg,"[127267, 1459]",2,1164957,"['science, biotech, computers, software, collaboration, robots, art, philosophy, community, AI, social media, TEDx, Internet, code, machine learning, gardening, UX design', 'technology, innovation, robots, TEDx, tech']",582478.5
2513,Keolu Fox,"[138090, 2528]",2,1501524,"['science, genetics, health, health care, community, activism, medicine, society, TED Fellows, medical research, indigenous peoples, equality', 'environment, science, technology, DNA, data, indigenous peoples']",750762.0
2515,Kesha,"[68920, 131533]",2,1465106,"['culture, entertainment, music, performance, art, personal growth', 'music, performance, art']",732553.0
1635,Glenn Cantave,"[33798, 35526]",2,487710,"['technology, social change, activism, augmented reality, virtual reality', 'technology, social change, creativity, history, activism, race, humanity, society, augmented reality, virtual reality']",243855.0
2533,Kevin Stone,"[120293, 922]",2,675635,"['science, technology, biotech, health, health care, biology, medicine, medical research, human body', 'technology, design, biology, future, medicine']",337817.5
2545,Kim Gorgens,"[37661, 1012]",2,4166175,"['health, medicine, brain, TEDx, kids', 'social change, psychology, brain, law, society, crime, prison, neuroscience, TEDx, justice system']",2083087.5
2567,Kitra Cahana,"[2009, 2111]",2,2824847,"['global issues, art, photography, travel, TED Fellows, journalism, youth', 'health, love, religion, photography, medicine, TED Fellows']",1412423.5
2577,Krista Tippett,"[118552, 1074]",2,1771627,"['social change, personal growth, humanity, mindfulness', 'science, religion, compassion']",885813.5
2580,Kristen Marhaver,"[2823, 2385]",2,2416262,"['climate change, environment, science, animals, nature, biology, pollution, water, microbiology, TED Fellows, marine biology, coral reefs, ocean', 'climate change, environment, science, animals, nature, biology, pollution, water, microbiology, TED Fellows, Mission Blue, marine biology, coral reefs, ocean']",1208131.0
2591,Kristine McDivitt Tompkins,"[137405, 63363]",2,2978333,"['climate change, environment, nature, philanthropy, South America, conservation, Countdown', 'climate change, environment, science, social change, animals, nature, biodiversity, conservation, natural resources, wildlife']",1489166.5
2604,LaToya Ruby Frazier,"[2280, 52188]",2,3657442,"['social change, art, activism, photography, water, TED Fellows', 'environment, social change, creativity, art, community, photography, TED Fellows, equality']",1828721.0
2619,Larry Brilliant,"[62748, 58]",2,3832879,"['global issues, science, collaboration, disease, virus, pandemic, coronavirus', 'global issues, science, technology, collaboration, disease, health, TED Prize, ebola']",1916439.5
669,Camille Seaman,"[1763, 1171]",2,3508386,"['entertainment, nature, photography, TED Fellows, weather', 'global issues, art, photography, TED Fellows, Antarctica, glaciers']",1754193.0
2628,Laura Boushnak,"[2195, 2569]",2,1849721,"['military, death, war, photography, violence, humanity, TED Fellows, refugees', 'education, photography, women, TED Fellows, feminism, Islam, Middle East']",924860.5
2054,Jennifer Doudna,"[115190, 2354]",2,6081544,"['science, technology, health, biology, bacteria, microbiology, medical research, microbes, CRISPR, The Audacious Project', 'science, technology, engineering, DNA, biotech, genetics, software, innovation, health, biology, future, philosophy, medicine, virus, medical research, bioethics, synthetic biology, CRISPR']",3040772.0
2654,Lauren Sallan,"[3587, 57908]",2,2937423,"['science, biology, fish, history, biodiversity, TED Fellows', 'science, animals, nature, evolution, history, paleontology, TED Fellows']",1468711.5
470,Aziz Abu Sarah,"[2161, 129029]",2,4059473,"['culture, activism, war, travel, violence, TED Fellows, Middle East', 'global issues, social change, history, communication, community, activism, war, violence, Middle East']",2029736.5
2668,Lee Cronin,"[1661, 1218]",2,1916780,"['science, technology, engineering, invention, biotech, software, innovation, health care, biology, future, product design, medicine, chemistry, medical research, 3D printing, synthetic biology, manufacturing, drugs', 'science, biology, marine biology, nanotechnology']",958390.0
2695,Lesley Hazleton,"[1045, 1772]",2,4282468,"['culture, global issues, religion, TEDx, journalism', 'culture, global issues, religion, Islam']",2141234.0
2702,Leticia Gasca,"[21307, 21768]",2,2499113,"['business, entrepreneur, communication, personal growth']",1249556.5
2703,Levon Biss,"[38719, 2885]",2,1340406,"['animals, creativity, art, photography, insects']",670203.0
2705,Lewis Pugh,"[928, 629]",2,2235679,"['climate change, science, sports', 'climate change, global issues, science, activism, sports']",1117839.5
2719,Lily Yeh,"[139080, 98250]",2,682818,"['creativity, art, community, compassion, painting', 'creativity, art, community, beauty, painting, street art']",341409.0
2725,Lindiwe Mazibuko,"[120760, 21913]",2,834919,"['global issues, politics, Africa, youth, immigration', 'politics, social change, Africa, future, leadership, democracy, government']",417459.5
2753,Liv Boeree,"[23583, 119915]",2,4864580,"['technology, business, computers, social change, AI, gaming, machine learning, ethics', 'psychology, sports, decision-making, gaming, math']",2432290.0
2758,Liz Ogbu,"[66966, 11337]",2,2456356,"['design, architecture, collaboration, urban planning, social change, community, society', 'climate change, environment, sustainability, technology, business, innovation, Countdown']",1228178.0
1883,Jack Dangermond,"[82057, 70778]",2,3062206,"['climate change, science, technology, software, nature, data, Countdown, maps', 'technology, software, decision-making, data, maps']",1531103.0
2789,Lucy Hone,"[63918, 50473]",2,8592810,"['psychology, personal growth, TEDx, emotions', 'death, personal growth, emotions']",4296405.0
2799,Luis von Ahn,"[118164, 1295]",2,13146333,"['technology, business, computers, education, communication, language, motivation, personal growth, AI, teaching, kids', 'technology, computers, collaboration, language, TEDx, Internet']",6573166.5
2800,Luisa Neubauer,"[103482, 48495]",2,4361288,"['climate change, environment, politics, sustainability, education, social change, society, TEDx', 'climate change, environment, global issues, sustainability, social change, history, activism, Countdown, fossil fuels']",2180644.0
2820,Madame Gandhi,"[65879, 28953]",2,2201882,"['entertainment, music, social change, gender, women, women in business, TED Fellows', 'entertainment, music, performance']",1100941.0
2837,Maira Kalman,"[120171, 182]",2,1934601,"['design, creativity, art, storytelling, humanity', 'culture, design, entertainment, art, happiness, kids']",967300.5
849,Christopher Bell,"[157082, 2572]",2,1755787,"['business, leadership, work, personal growth, TEDx', 'entertainment, media, art, marketing, communication, film, parenting, women, society, identity, TEDx, kids, equality, toys']",877893.5
1934,James Nachtwey,"[360, 84]",2,2305506,"['culture, global issues, media, social change, art, storytelling, activism, war, photography, poverty', 'technology, design, media, art, communication, photography, TED Prize']",1152753.0
2853,Mandy Len Catron,"[2661, 2330]",2,7496072,"['collaboration, love, relationships, communication, happiness, humanity, depression, mental health, compassion, empathy, writing, TEDx, personality, trust', 'media, love, writing, TEDx']",3748036.0
2857,Manoush Zomorodi,"[59157, 2834]",2,8918345,"['social change, community, activism, United States, law, crime, prison, justice system, The Audacious Project, equality', 'entertainment, creativity, cognitive science, communication, personal growth, brain, social media, addiction']",4459172.5
2859,Manu Prakash,"[1941, 2812]",2,3922021,"['global issues, health, physics, TED Fellows', 'invention, innovation, disease, health care, product design, medicine, TED Fellows']",1961010.5
250,Anand Giridharadas,"[2561, 2219]",2,3132390,"['politics, collaboration, social change, history, communication, community, humanity, compassion, society, identity, democracy, fear, government', 'history, storytelling, crime, immigration, equality']",1566195.0
2873,Marcelo Mena,"[119434, 63920]",2,863568,"['climate change, environment, science, technology, engineering, food, pollution, agriculture, Countdown', 'climate change, sustainability, economics, social change, activism, society, South America, Countdown']",431784.0
1378,Eric Berlow,"[1006, 1823]",2,2739595,"['science, design, TED Fellows', 'technology, TED Fellows, data, algorithm']",1369797.5
2886,Margaret Gould Stewart,"[885, 2039]",2,2996651,"['culture, technology, business, entertainment, creativity, art, law, Internet', 'culture, technology, design, business, graphic design']",1498325.5
2055,Jennifer Golbeck,"[1957, 140425]",2,3328058,"['technology, sociology, social media, TEDx, data', 'technology, computers, AI, TEDx, algorithm, machine learning']",1664029.0
2900,Maria Popova,"[51937, 91867]",2,1847653,"['poetry, spoken word, humanity', 'science, technology, astronomy, universe, space, telescopes']",923826.5
1380,Eric Dishman,"[1711, 797]",2,1777404,"['science, technology, business, health, health care', 'technology, health care, heart']",888702.0
2958,Martin Rees,"[2067, 42]",2,4443351,"['science, future, humanity', 'climate change, science, technology, social change, astronomy, time, universe']",2221675.5
479,Baratunde Thurston,"[131492, 41678]",2,6126889,"['social change, humanity, democracy, inclusion', 'social change, history, community, activism, race, United States, violence, humanity, law, society, equality']",3063444.5
2971,Mary Lou Jepsen,"[1939, 21803]",2,2008663,"['science, technology, engineering, biotech, computers, memory, creativity, cognitive science, brain, visualizations, neuroscience, medical research, Surgery, medical imaging, UX design', 'science, technology, invention, computers, cancer, cognitive science, future, brain, neuroscience, medical research, medical imaging, human body']",1004331.5
2975,Mary Robinson,"[99867, 2331]",2,3087796,"['climate change, environment, sustainability, social change, Africa, activism, energy, youth, Countdown, fossil fuels', 'climate change, global issues, politics, humanity, equality']",1543898.0
2977,Maryn McKenna,"[31810, 2289]",2,2123011,"['global issues, food, animals, public health, farming', 'disease, health, medicine, public health, drugs']",1061505.5
2991,Matt Cutts,"[59151, 1183]",2,17333150,"['technology, computers, society, government, data, infrastructure, online privacy', 'culture, success']",8666575.0
3016,Matthieu Ricard,"[2168, 191]",2,13315052,"['communication, compassion', 'culture, global issues, evolution, psychology, religion, photography, happiness, brain, Buddhism, mindfulness, emotions']",6657526.0
3024,Max Tegmark,"[119528, 17851]",2,2503590,"['technology, computers, innovation, future, AI, humanity, society, machine learning', 'science, technology, computers, social change, future, AI, machine learning']",1251795.0
3031,Maz Jobrani,"[1629, 935]",2,28749711,"['politics, entertainment, comedy, humor, Middle East', 'culture, entertainment, performance, comedy, humor, TEDx, Middle East']",14374855.5
1886,Jack Horner,"[1163, 1352]",2,6701496,"['science, animals, biology, history, paleontology, humor, dinosaurs, TEDx', 'science, genetics, paleontology, dinosaurs']",3350748.0
3062,Melissa Fleming,"[2110, 2358]",2,3332009,"['global issues, social change, war, poverty, humanity, society, TEDx, government, Middle East, immigration, policy', 'global issues, education, war, poverty, Middle East, refugees']",1666004.5
1153,Del Harvey,"[1958, 6032]",2,1108664,"['technology, social media', 'technology, communication, social media']",554332.0
3106,Michael Metcalfe,"[2489, 1929]",2,2123420,"['global issues, economics, poverty', 'climate change, environment, global issues, sustainability, business, economics, future, pollution, money, government, finance, policy']",1061710.0
681,Carl Honoré,"[53088, 73]",2,3626343,"['culture, health, psychology, parenting, happiness, personal growth, potential, decision-making, work-life balance', 'creativity, aging, personal growth, society']",1813171.5
3125,Michael Shermer,"[22, 884]",2,11586396,"['science, psychology, religion, self, neuroscience', 'culture, science, entertainment, illusion, religion']",5793198.0
3149,Miguel Nicolelis,"[1671, 2172]",2,2921411,"['science, technology, design, engineering, invention, biotech, innovation, robots, primates, cognitive science, brain, prosthetics, neuroscience, disability, bioethics, code, bionics', 'communication, brain, neuroscience']",1460705.5
2454,Kathryn Schulz,"[1287, 1126]",2,8342334,"['culture, personal growth, decision-making', 'culture, personal growth']",4171167.0
3173,Min Kym,"[53587, 55143]",2,2318760,"['music, performance', 'music, relationships, communication, happiness, personal growth']",1159380.0
3180,Miracle Jones,"[79961, 76064]",2,1805016,"['global issues', 'social change, activism, race, happiness, society, TEDx']",902508.0
3183,Misha Glenny,"[1221, 633]",2,2772287,"['global issues, technology, computers, crime, Internet', 'global issues, economics, writing, crime, journalism, drugs']",1386143.5
2151,Joachim Horn,"[13016, 5147]",2,40088,"['design, engineering, architecture, creativity, Internet', 'technology, engineering, innovation']",20044.0
3213,Moriba Jah,"[44266, 37852]",2,1872867,"['environment, science, technology, communication, exploration, space, TED Fellows', 'sustainability, technology, communication, space, policy']",936433.5
3215,Morley,"[51936, 1323]",2,390323,"['music, performance, activism, poetry, women, TEDx', 'music, performance, immigration, refugees']",195161.5
3217,Moshe Safdie,"[2092, 219]",2,2581438,"['design, architecture, cities, collaboration, creativity, visualizations, museums', 'design, architecture, cities']",1290719.0
3224,Murray Gell-Mann,"[276, 194]",2,2639844,"['science, technology, storytelling, physics, String theory', 'culture, global issues, history, physics, language']",1319922.0
3233,Myriam Sidibe,"[159070, 2108]",2,2552832,"['culture, business, marketing, humanity, public health, society', 'global issues, health, public health, kids']",1276416.0
3250,Nalini Nadkarni,"[911, 476]",2,1201988,"['environment, sustainability, social change, nature, crime, prison, trees, ecology, plants', 'environment, animals, biology, activism, biodiversity, insects, trees, ecology, plants, kids']",600994.0
1642,Golan Levin,"[606, 14]",2,1544592,"['technology, design, software, creativity, art, poetry', 'technology, invention, entertainment, music, performance, software, art']",772296.0
3265,Naomi Klein,"[11199, 1054]",2,3801510,"['climate change, global issues, politics, collaboration, social change, future, communication, activism, society, government, equality', 'culture, science, business, economics, social change, activism']",1900755.0
3275,Natalie MacMaster,"[117, 447]",2,2562534,"['culture, entertainment, music, performance, collaboration', 'entertainment, music, performance, history']",1281267.0
3284,Nathalia Holt,"[21920, 32034]",2,113092,"['science, health, cancer, medicine, medical research', 'science, NASA, history, women, space']",56546.0
685,Carl Safina,"[2373, 914]",2,3508830,"['environment, energy, pollution, natural disaster, birds, TEDx, ocean, fossil fuels', 'environment, science, animals, primates, cognitive science, evolution, love, biology, fish, brain, biodiversity, consciousness, mental health, empathy, birds, neuroscience, Mission Blue, conservation, marine biology, ocean']",1754415.0
3289,Nathan Wolfe,"[1454, 499]",2,2929747,"['environment, science, DNA, genetics, disease, biology, biodiversity, exploration, public health, bacteria, microbiology, Vaccines, virus, medical research, nanotechnology', 'global issues, science, disease, health, Africa, biology, AIDS, biodiversity, exploration, bacteria, microbiology']",1464873.5
3292,Natsai Audrey Chieza,"[74192, 5458]",2,2867775,"['science, technology, design, collaboration, innovation, biology, future', 'science, sustainability, technology, design, engineering, biotech, innovation, nature, creativity, biology, future, pollution, water, bacteria, fashion']",1433887.5
3302,Negin Farsad,"[158933, 2521]",2,1602353,"['entertainment, social change, community, religion, activism, terrorism, comedy, humor, society, identity, TED Fellows', 'performance, parenting, comedy, sex, TED Fellows']",801176.5
3306,Neil Gershenfeld,"[90, 1786]",2,1728494,"['culture, science, technology, engineering, invention, computers, education, social change, code', 'technology, animals, Internet']",864247.0
30,Achim Steiner,"[71385, 64439]",2,1586782,"['environment, global issues, politics, business, natural disaster, society, government, international development, investing', 'climate change, environment, sustainability, social change, future, Anthropocene']",793391.0
1276,Edward Burtynsky,"[683, 56]",2,2071862,"['culture, environment, design, cities, social change, art, photography, pollution, TED Prize', 'global issues, technology, design, photography, energy, TED Prize']",1035931.0
3324,Nicholas Christakis,"[958, 852]",2,2816571,"['science, health, evolution, medicine, society, friendship', 'science, health, medicine, humanity, society, friendship']",1408285.5
1713,Hannah Fry,"[1543, 2153]",2,7119500,"['culture, science, economics, biomimicry, physics, anthropology, decision-making, sociology, math, crime, TEDx, behavioral economics, algorithm', 'love, relationships, statistics, math, TED Books, TEDx']",3559750.0
1385,Eric Lewis,"[541, 478]",2,1310568,"['entertainment, music, performance, art', 'invention, entertainment, music, performance, innovation']",655284.0
3328,Nick Hanauer,"[48545, 2055]",2,9201945,"['business, economics, social change, leadership, work, equality', 'business, economics, social change, equality']",4600972.5
1279,Edward Tenner,"[50958, 1217]",2,3125687,"['culture, technology, invention, history, work, society, productivity, manufacturing', 'culture, technology, design, invention, history']",1562843.5
3345,Nigel Topping,"[68165, 64040]",2,1980579,"['climate change, environment, sustainability, collaboration, leadership, Countdown', 'climate change, environment, global issues, sustainability, energy, coronavirus, Countdown, international development']",990289.5
3355,Nili Gilbert,"[83420, 118671]",2,2464780,"['climate change, science, sustainability, money, finance, Countdown, investing', 'climate change, environment, global issues, science, sustainability, business, money, finance, Countdown, investing']",1232390.0
2021,Jedidah Isler,"[2237, 2387]",2,3832667,"['science, astronomy, universe, physics, space, math, dark matter, TED Fellows, telescopes', 'science, future, race, astronomy, universe, physics, potential, women, space, society, identity, TED Fellows, goals, equality']",1916333.5
3363,Nir Eyal,"[9504, 64584]",2,2264441,"['science, innovation, health, future, medicine, public health, Vaccines, coronavirus', 'technology, design']",1132220.5
3368,Nita Farahany,"[111748, 28050]",2,3317041,"['science, technology, cognitive science, brain, decision-making, neuroscience, medical imaging, online privacy', 'science, technology, health, future, brain, AI, data, ethics']",1658520.5
3377,Noah Feldman,"[2819, 358]",2,2646601,"['politics, history, United States, government', 'culture, global issues, politics, social change, religion, war, society, democracy']",1323300.5
3379,Noah Wilson-Rich,"[37225, 1522]",2,2919689,"['environment, science, sustainability, nature, biology, insects, natural disaster, bees, TEDx, botany, ecology, plants, natural resources', 'climate change, environment, global issues, science, sustainability, cities, urban planning, animals, nature, biology, activism, insects, bees, TEDx, agriculture, botany, infrastructure, ecology, plants, natural resources']",1459844.5
3389,Nora Flanagan,"[72186, 65622]",2,1887491,"['education, community, pandemic, teaching', 'education, community, United States, family, TEDx, teaching, coronavirus, kids']",943745.5
3403,OK Go,"[64182, 2792]",2,2655111,"['music, creativity, pandemic', 'entertainment, music, performance, collaboration, communication, discovery']",1327555.5
3410,Olafur Eliasson,"[66841, 599]",2,958974,"['design, cities, art', 'climate change, environment, technology, nature, art, augmented reality, Countdown']",479487.0
3422,Olivia Remes,"[27866, 36811]",2,8509902,"['science, relationships, depression, mental health, emotions', 'health, depression, mental health, emotions, Life']",4254951.0
3455,Paola Antonelli,"[207, 1752]",2,1779396,"['design, art, museums, gaming', 'culture, design, art, museums, graphic design']",889698.0
3459,Parag Khanna,"[2475, 645]",2,3081022,"['culture, global issues, politics, economics, history, war, Asia, infrastructure, maps', 'culture, environment, global issues, politics, sustainability, engineering, economics, transportation, cities, collaboration, urban planning, innovation, social change, future, history, communication, community, war, pollution, potential, visualizations, humanity, society, Internet, government, policy, infrastructure, international development, equality, investing, maps']",1540511.0
3460,Pardis Parker,"[98275, 85266]",2,530227,"['culture, entertainment, performance, storytelling, comedy, humor']",265113.5
3461,Pardis Sabeti,"[62738, 2425]",2,3658498,"['science, technology, disease, public health, virus, medical research, pandemic, The Audacious Project, coronavirus', 'global issues, science, genetics, innovation, disease, health, Africa, future, medicine, humanity, illness, public health, medical research, pandemic, ebola']",1829249.0
3465,Pat Mitchell,"[55113, 4490]",2,3861941,"['culture, gender, community, activism, leadership, women, women in business, feminism, inclusion, human rights, equality', 'interview, social change, food, history, activism, race, leadership, personal growth, women, society, family']",1930970.5
3473,Patrick Chappatte,"[48854, 987]",2,1581080,"['media, art, war, journalism', 'media, art, humor, democracy, social media, journalism']",790540.0
3482,Patty McCord,"[74002, 5151]",2,2205698,"['business, leadership, work, motivation, women, women in business', 'business, work, society, work-life balance']",1102849.0
1564,Garry Kasparov,"[90887, 2787]",2,4287607,"['global issues, politics, history, war, democracy', 'technology, computers, innovation, robots, social change, future, potential, AI, data, algorithm']",2143803.5
3490,Paul Collier,"[584, 270]",2,2223227,"['global issues, politics, poverty, money', 'global issues, politics, business, economics, Africa, activism, poverty, international development, equality']",1111613.5
3502,Paul MacCready,"[379, 176]",2,1153814,"['technology, design, invention, business, flight, energy, drones, solar energy, renewable energy', 'sustainability, technology, design, flight, transportation, demo, drones, solar energy']",576907.0
3509,Paul Romer,"[1165, 608]",2,1280965,"['culture, global issues, design, business, cities', 'culture, global issues, politics, business, economics, cities']",640482.5
3511,Paul Rothemund,"[183, 331]",2,1374238,"['science, technology, DNA, creativity, physics, nanotechnology', 'science, DNA, computers']",687119.0
273,Andrew Bastawrous,"[23089, 1987]",2,2794068,"['global issues, technology, economics, health, health care, medicine, public health, TED Fellows, sight, blindness', 'invention, health, public health, TED Fellows, sight, blindness']",1397034.0
1481,Fei-Fei Li,"[130471, 2218]",2,4539645,"['technology, computers, innovation, robots, AI, machine learning, tech', 'technology, photography, AI, sight']",2269822.5
499,Beau Lotto,"[50640, 653]",2,8636902,"['science, creativity, art, brain, humanity, neuroscience', 'science, art, psychology, brain, visualizations, consciousness']",4318451.0
3550,Peter Gabriel,"[23, 1786]",2,1852655,"['technology, animals, Internet', 'culture, global issues, music, collaboration, social change, art, storytelling, activism, film']",926327.5
3572,Phil Plait,"[36762, 1280]",2,4502428,"['science, technology, astronomy, space, dinosaurs, TEDx, asteroid', 'science, technology, nature, astronomy, universe, Planets, space, TEDx, discovery, solar system']",2251214.0
2182,Johanna Blakley,"[1066, 866]",2,3041696,"['culture, design, business, media, creativity, law, fashion, TEDx', 'culture, entertainment, media, marketing, social media']",1520848.0
281,Andrew McAfee,"[1759, 1574]",2,6399885,"['economics, robots, work', 'technology, business, flight, robots, work, AI, TEDx']",3199942.5
1648,Gordon Brown,"[700, 604]",2,2192285,"['environment, global issues, politics, interview, war, Europe, government', 'global issues, politics, technology, economics, collaboration, communication, Europe']",1096142.5
1394,Eric Topol,"[120982, 772]",2,1124384,"['technology, disease, health, health care, medicine, TEDMED', 'science, technology, health, health care, medicine, AI, medical research, machine learning, medical imaging, human body']",562192.0
3634,Raffaello D'Andrea,"[2440, 1764]",2,24773089,"['technology, design, invention, flight, creativity, future, demo, drones, beauty', 'technology, robots, drones']",12386544.5
286,Andrew Ng,"[97780, 121068]",2,2997254,"['technology, engineering, business, entrepreneur, software, innovation, AI, data, machine learning, manufacturing', 'technology, engineering, computers, software, innovation, future, AI, ethics']",1498627.0
1395,Eric Whitacre,"[1697, 1110]",2,6356625,"['entertainment, music, performance, collaboration, conducting, Internet, virtual reality', 'technology, entertainment, performance, collaboration, community, conducting, virtual reality']",3178312.5
3665,Rashad Robinson,"[64035, 63996]",2,2777877,"['social change, community, activism, race, United States, violence, humanity, equality', 'social change, history, community, activism, race, United States, violence, humanity, law, society, identity, government, policy, justice system, equality']",1388938.5
3668,Raul Midon,"[298, 188]",2,986767,"['entertainment, music, performance, storytelling', 'culture, technology, entertainment, music, performance']",493383.5
288,Andrew Pelling,"[65191, 2502]",2,1979503,"['science, technology, design, engineering, invention, biotech, collaboration, innovation, creativity, future, potential, exploration, TED Fellows, cyber security', 'science, technology, biotech, innovation, health, TED Fellows, medical research, human body']",989751.5
3678,Rebeca Hwang,"[16294, 19714]",2,2199604,"['education, community, self, humanity, society, family, identity, TED en Español, diversity, kids']",1099802.0
3686,Rebecca MacKinnon,"[2567, 1188]",2,2042567,"['culture, social media, surveillance, encryption, protest', 'global issues, technology, communication, terrorism, war, violence, society, democracy, social media, Internet, Middle East, surveillance, encryption, online privacy, protest']",1021283.5
3689,Rebecca Onie,"[23713, 1475]",2,3405387,"['social change, health, health care, medicine, United States, public health, society, medical research', 'global issues, social change, health, health care, medicine, poverty, public health, society']",1702693.5
3696,Refik Anadol,"[116953, 65962]",2,2124072,"['technology, nature, creativity, art, AI, beauty, data', 'technology, computers, architecture, memory, creativity, art, future, AI, data, machine learning']",1062036.0
3697,Reggie Watts,"[137456, 1458]",2,14119520,"['entertainment, music, performance, poetry, comedy, humor', 'culture, music, performance, innovation, creativity, personal growth']",7059760.0
3706,Renny Gleeson,"[1444, 511]",2,3414491,"['communication, society, social media', 'technology, marketing, Internet']",1707245.5
3708,Renzo Vitale,"[31827, 31121]",2,1961403,"['music, performance', 'sustainability, technology, transportation, music, cities, innovation, sound']",980701.5
3711,Resistance Revival Chorus,"[87396, 42087]",2,10697,"['music, performance, social change, protest', 'music, performance, social change']",5348.5
1719,Hany Farid,"[155789, 25805]",2,1529896,"['technology, prison, data, justice system, equality', 'technology, corruption, media, future, photography, AI, trust']",764948.0
3744,Richard St. John,"[572, 70]",2,22194327,"['business, psychology, success, humor, productivity', 'culture, business, entertainment, psychology, happiness, success, work']",11097163.5
3748,Richard Wilkinson,"[81477, 1253]",2,6066183,"['social change, mental health, society, money, equality', 'culture, global issues, social change, visualizations, money, data, equality']",3033091.5
1941,James Veitch,"[2577, 2405]",2,89928011,"['technology, communication, comedy, humor, curiosity', 'technology, business, communication, comedy, humor']",44964005.5
3767,Rob Reid,"[1390, 42931]",2,5704074,"['business, entertainment, music, comedy, humor', 'science, technology, engineering, invention, biotech, genetics, innovation, biology, public health, medical research, bioethics, synthetic biology, CRISPR']",2852037.0
881,Clint Smith,"[2240, 2059]",2,11427012,"['social change, poetry, spoken word', 'social change, poetry, race, spoken word, equality']",5713506.0
3776,Robert Gupta,"[805, 1577]",2,2814127,"['entertainment, music, performance, brain, mental health, TED Fellows', 'entertainment, music, performance, activism, medicine, TED Fellows']",1407063.5
3782,Robert Muggah,"[3616, 2139]",2,2463974,"['global issues, cities, war, violence, youth, infrastructure', 'climate change, global issues, politics, economics, cities, urban planning, future, Brazil, society, democracy, government, data, infrastructure, international development, equality, maps']",1231987.0
1721,Harald Haas,"[2368, 1202]",2,5745173,"['technology, invention, cities, Internet', 'design, invention, innovation, communication, demo, solar energy, Internet, infrastructure']",2872586.5
3788,Robert Thurman,"[130, 677]",2,2855790,"['global issues, love, religion, self, compassion', 'culture, global issues, religion, happiness, Buddhism']",1427895.0
3790,Robert Wright,"[679, 68]",2,2485324,"['culture, global issues, collaboration, evolution, war', 'global issues, evolution, compassion']",1242662.0
3792,Robin Chase,"[1632, 212]",2,1687230,"['technology, business, transportation, cities', 'business, transportation, collaboration, consumerism, women in business']",843615.0
3794,Robin Hauser,"[90287, 10370]",2,2230577,"['technology, AI, society, algorithm', 'gender, leadership, women, women in business, identity, TEDx']",1115288.5
3801,Robin Steinberg,"[59157, 14471]",2,4773533,"['social change, community, activism, philanthropy, United States, law, society, prison, justice system, The Audacious Project, equality', 'social change, community, activism, United States, law, crime, prison, justice system, The Audacious Project, equality']",2386766.5
3806,Rodney Brooks,"[1762, 355]",2,2196760,"['robots, work', 'technology, design, robots, AI, humanity']",1098380.0
3820,Rokia Traore,"[265, 186]",2,428177,"['music, performance, Africa', 'entertainment, music, performance, Africa']",214088.5
3824,Roman Krznaric,"[66828, 146101]",2,2097496,"['culture, innovation, future, history, philosophy, humanity, society, Countdown', 'climate change, environment, sustainability, social change, nature, future, activism, leadership, Countdown']",1048748.0
1294,Eli Pariser,"[1091, 48102]",2,8847352,"['technology, media, cities, urban planning, social change, community, social media, Internet, public space', 'culture, global issues, politics, technology, journalism']",4423676.0
711,Carolyn Porco,"[551, 178]",2,4298919,"['science, technology, design, universe, exploration, visualizations, Planets, space, solar system', 'science, technology, astronomy, exploration, Planets, space, solar system']",2149459.5
3845,Rose George,"[1887, 1713]",2,3538314,"['global issues, health, water, public health, smell', 'culture, transportation, consumerism']",1769157.0
3847,Rose M. Mutiso,"[66922, 48919]",2,3679473,"['climate change, environment, sustainability, Africa, energy, policy, Countdown', 'climate change, global issues, science, sustainability, technology, innovation, Africa, energy, potential, society, solar energy']",1839736.5
3880,Ryan Martin,"[41917, 24689]",2,3870708,"['science, evolution, psychology, mental health, TEDx, emotions', 'science, psychology, mental health, emotions']",1935354.0
3902,Sakinah Hofler,"[70086, 62542]",2,1766020,"['creativity, personal growth, writing, identity', 'memory, creativity, personal growth, writing, TEDx']",883010.0
516,Ben Goldacre,"[1575, 1234]",2,6185222,"['science, corruption, health, health care, cancer, activism, medicine, illness, public health, data, medical research, drugs', 'science, health care, illusion, medicine, illness, data, drugs']",3092611.0
1178,Diana Nyad,"[1896, 1336]",2,7889298,"['culture, aging, sports, goals', 'culture, sports, success, fear']",3944649.0
3915,Sam Harris,"[2592, 801]",2,13854737,"['science, technology, invention, innovation, robots, future, history, potential, brain, decision-making, AI, humanity, society, neuroscience, machine learning', 'culture, global issues, science, evolution, psychology, philosophy, religion, ethics']",6927368.5
3917,Sam Kass,"[138980, 2659]",2,2418692,"['education, food, health, community, personal growth, mental health, society, policy, teaching, kids, equality', 'climate change, environment, food, Countdown']",1209346.0
3941,Sangu Delle,"[2213, 2739]",2,4496317,"['entrepreneur, social change, health, health care, Africa, communication, activism, personal growth, humanity, depression, mental health, society, identity, TED Fellows, vulnerability, personality', 'economics, entrepreneur, Africa, TED Fellows, investing']",2248158.5
303,Angel Hsu,"[66801, 21646]",2,2360766,"['climate change, environment, science, sustainability, technology, future, china, electricity, renewable energy', 'climate change, environment, sustainability, cities, innovation, data, Countdown']",1180383.0
522,Benedetta Berti,"[2309, 22704]",2,3812730,"['global issues, politics, terrorism, violence, TED Fellows, Middle East']",1906365.0
2155,Joan C. Williams,"[75168, 27172]",2,1447550,"['politics, social change, United States, democracy', 'business, race, work, TEDx, diversity, inclusion']",723775.0
3994,Saul Griffith,"[492, 48]",2,1402290,"['environment, engineering, future, energy, wind energy, renewable energy', 'technology, design, engineering, invention, software, collaboration, innovation, product design']",701145.0
4003,Scott Galloway,"[129805, 4539]",2,12134129,"['politics, technology, business, economics, future, United States, society, government, youth, policy, kids', 'culture, technology, business, economics, innovation, social change, marketing, product design, humanity, society, social media, data']",6067064.5
4011,Scott Williams,"[31239, 8589]",2,1244635,"['health, health care, personal growth, humanity, illness, society', 'health care, personal growth, potential, illness']",622317.5
4016,Sean Gourley,"[1823, 532]",2,2235829,"['war, physics, math, TED Fellows', 'technology, TED Fellows, data, algorithm']",1117914.5
4020,Sebastian Junger,"[2505, 1999]",2,5928205,"['global issues, film, war, journalism, PTSD', 'culture, military, death, social change, health, film, war, violence, humanity, depression, mental health, journalism, PTSD']",2964102.5
4023,Sebastian Thrun,"[1109, 3633]",2,5191114,"['science, technology, business, transportation, robots, driverless cars', 'technology, invention, entrepreneur, computers, software, collaboration, interview, innovation, cancer, creativity, future, work, motivation, potential, AI, society, data, algorithm, driverless cars']",2595557.0
2245,Jonathan Harris,"[144, 316]",2,2145862,"['global issues, technology, design, entertainment, software', 'culture, global issues, entertainment, software, art, storytelling, happiness, Internet']",1072931.0
4038,Seth Berkley,"[2317, 869]",2,1906200,"['global issues, disease, health, medicine, AIDS, Vaccines', 'global issues, science, economics, health, medicine, public health, Vaccines, ebola']",953100.0
4040,Seth Godin,"[538, 28]",2,10287020,"['culture, business, marketing, storytelling, decision-making', 'marketing, communication, community, leadership, society, social media, books']",5143510.0
4047,Shabana Basij-Rasikh,"[1666, 84818]",2,3600801,"['education, social change, community, activism, women, Middle East, teaching, kids, equality', 'global issues, education, women, TEDx, feminism']",1800400.5
4056,Shaka Senghor,"[2029, 61357]",2,4085834,"['relationships, communication, parenting, personal growth, family, TEDx, kids', 'culture, crime, prison']",2042917.0
4071,ShaoLan,"[2520, 1736]",2,9663602,"['culture, economics, entrepreneur, education, china, family, identity', 'education, language, china']",4831801.0
4075,Sharmeen Obaid-Chinoy,"[868, 45233]",2,3815017,"['culture, politics, film, war, suicide, TED Fellows, kids', 'culture, social change, art, storytelling, film, humanity, society, TED Fellows']",1907508.5
4085,Sheena Iyengar,"[1330, 924]",2,7716139,"['culture, business, economics, social change, psychology, decision-making, society', 'culture, business, marketing, decision-making']",3858069.5
2185,John Bidden,"[23318, 12966]",2,14368,"['music, performance', 'music, creativity, art']",7184.0
4100,Sherwin Nuland,"[441, 189]",2,3124858,"['philosophy, philanthropy, writing', 'science, technology, health care, medicine, brain, illness, depression, mental health, suicide']",1562429.0
4102,Sheryl Sandberg,"[1906, 1040]",2,15445651,"['gender, leadership, work, women, women in business, feminism', 'technology, business, gender, leadership, women, women in business, feminism, goals']",7722825.5
4106,Shimon Schocken,"[1570, 1009]",2,1811804,"['technology, computers, software, education, code', 'education, storytelling, leadership, sports, motivation, personal growth, TEDx, kids']",905902.0
4114,Shohini Ghose,"[30300, 148345]",2,5349944,"['science, technology, invention, computers, innovation, nature, future, physics, medicine, exploration, TED Fellows, encryption, quantum', 'culture, science, social change, art, history, TED Fellows, quantum']",2674972.0
4115,Shonda Rhimes,"[3625, 2438]",2,7090189,"['culture, creativity, parenting, work, motivation, personal growth, decision-making, writing, family, identity, television, work-life balance, kids', 'culture, entertainment, media, creativity, future, storytelling, parenting, work, writing, family, television']",3545094.5
4121,Shubhendu Sharma,"[2075, 2546]",2,5277631,"['environment, science, sustainability, design, engineering, entrepreneur, cities, urban planning, nature, future, microbiology, trees, TED Fellows, botany, india, ecology, plants, natural resources, fungi, gardening, international development', 'engineering, software, nature, trees, TED Fellows, fungi, gardening']",2638815.5
4136,Simon Anholt,"[2714, 2036]",2,8936263,"['culture, global issues, politics, economics, collaboration, innovation, social change, future, history, communication, community, society, democracy, TEDx, government, policy, international relations', 'global issues, business, statistics, government, policy, international relations']",4468131.5
4138,Simon Sinek,"[1998, 848]",2,90843068,"['business, entrepreneur, leadership, success, TEDx', 'business, military, leadership, work']",45421534.0
4141,Simona Francese,"[20390, 159724]",2,3002933,"['science, technology, health, health care, cancer, biology, TEDx, forensics, human body', 'science, technology, biology, crime, forensics, human body, justice system']",1501466.5
526,Benjamin Zander,"[119256, 286]",2,18013137,"['culture, entertainment, music, performance, creativity, conducting', 'music, performance, storytelling, personal growth, Life']",9006568.5
719,Casey Gerald,"[31459, 2451]",2,4628813,"['business, education, social change, community, religion, society, capitalism, equality', 'social change, race, personal growth, self, humanity, writing, society, identity, LGBTQIA+']",2314406.5
4162,Sleepy Man Banjo Boys,"[1619, 1782]",2,12785649,"['entertainment, performance, youth, kids', 'entertainment, music, performance, kids']",6392824.5
4173,Sonaar Luthra,"[1326, 49067]",2,3765201,"['technology, design, water, TED Fellows, international development', 'climate change, environment, science, sustainability, innovation, future, water, TED Fellows, weather, resources']",1882600.5
4185,Sophie Scott,"[18190, 2236]",2,4792164,"['science, cognitive science, communication, humor, society', 'science, animals, cognitive science, evolution, psychology, communication, brain, sociology, humor, neuroscience, human body']",2396082.0
4202,Stanley McChrystal,"[1992, 1112]",2,4837148,"['culture, global issues, war, leadership, Middle East', 'military, collaboration, war, Middle East, surveillance']",2418574.0
1727,Harry Baker,"[2209, 19045]",2,2026638,"['performance, love, poetry, spoken word, literature, humor, math, TEDx, emotions', 'poetry, medicine, writing']",1013319.0
4232,Stephen Petranek,"[2476, 167]",2,9176724,"['climate change, global issues, science, technology, future, space, humanity, solar system, asteroid', 'climate change, environment, global issues, science, technology, engineering, industrial design, invention, rocket science, transportation, architecture, future, potential, exploration, space, humanity, TED Books, solar system, Mars']",4588362.0
4234,Stephen Trzeciak,"[18011, 16827]",2,234001,"['science, health, health care, happiness, compassion', 'science, health, health care, compassion']",117000.5
4236,Stephen Wilkes,"[66356, 2517]",2,2456065,"['environment, technology, Africa, creativity, photography, time, visualizations, water, beauty', 'climate change, environment, nature, creativity, photography, time, Countdown']",1228032.5
4237,Stephen Wolfram,"[119479, 843]",2,3027414,"['science, technology, computers, physics, AI, math, TEDx, machine learning', 'science, computers, biology, physics, String theory, math']",1513707.0
4239,Steve Brown,"[8108, 19828]",2,32876,"['technology, design, business, collaboration, fashion, data', 'computers, future, society']",16438.0
1661,Greg Gage,"[2244, 3013]",2,17918584,"['science, technology, biotech, biology, demo, brain, TED Fellows, neuroscience, human body', 'science, technology, education, nature, communication, TED Fellows, teaching, plants, electricity']",8959292.0
4254,Steven Levitt,"[30, 29]",2,5715614,"['culture, business, economics, transportation, parenting, statistics', 'culture, business, economics, cities, race, drugs']",2857807.0
2369,Kakenya Ntaiya,"[35767, 1672]",2,4924301,"['education, Africa, activism, women, TEDx, feminism, international development', 'education, social change, Africa, gender, activism, parenting, women, feminism, teaching, kids, equality']",2462150.5
1189,Diego Prilusky,"[57924, 55342]",2,376952,"['technology, entertainment, media, film', 'technology, entertainment, media, innovation, creativity, film']",188476.0
4279,Sugata Mitra,"[949, 1678]",2,7466972,"['global issues, technology, education, Internet, kids, international development', 'technology, education, TED Prize, code']",3733486.0
4290,Susan Cain,"[55143, 1377]",2,38057385,"['culture, business, psychology, personality', 'music, relationships, communication, happiness, personal growth']",19028692.5
4309,Suzanne Lee,"[1138, 52269]",2,4164247,"['science, sustainability, engineering, invention, innovation, biology, pollution, humanity, fashion, TED Fellows', 'technology, design, engineering, biotech, creativity, biology, bacteria, fashion, TED Fellows']",2082123.5
4324,T. Morgan Dixon,"[14491, 2788]",2,3557084,"['social change, health, community, activism, race, personal growth, women, humanity, society, heart', 'social change, health, gender, history, community, activism, race, women, society, The Audacious Project, equality']",1778542.0
2370,Kaki King,"[2366, 557]",2,2826209,"['entertainment, music, performance, innovation, creativity, art', 'music, performance, innovation']",1413104.5
4358,Taryn Simon,"[1423, 643]",2,2697263,"['culture, global issues, art, photography', 'culture, art, photography, curiosity']",1348631.5
4369,Taylor Wilson,"[1397, 1727]",2,6505240,"['science, sustainability, technology, engineering, invention, innovation, future, physics, energy, space, chemistry, youth, nuclear energy, electricity, renewable energy', 'science, technology, invention, innovation, future, physics, energy, chemistry, youth, nuclear energy, renewable energy']",3252620.0
2211,John Maeda,"[1571, 172]",2,2887682,"['technology, design, computers, creativity, art, leadership, humor, Internet', 'technology, design, art']",1443841.0
4411,Thomas Dohmke,"[130300, 140573]",2,1318222,"['technology, computers, software, education, innovation, future, AI, code, tech', 'technology, computers, software, education, AI, Europe, code, machine learning']",659111.0
4414,Thomas Heatherwick,"[94694, 1147]",2,3974877,"['design, architecture, cities, urban planning, art, humanity, emotions', 'design, architecture, creativity, biomimicry']",1987438.5
4426,Tiana Epps-Johnson,"[91497, 29521]",2,3305648,"['politics, technology, social change, community, United States, society, democracy, government', 'politics, technology, social change, community, United States, democracy, government, The Audacious Project']",1652824.0
1053,David Brenner,"[4958, 65351]",2,3364680,"['science, innovation, medicine, illness, public health, bacteria, virus, medical research, pandemic, human body, coronavirus', 'science, innovation, health, medicine, illness, public health, bacteria, virus']",1682340.0
4434,Tim Exile,"[9475, 8590]",2,34923,"['music', 'technology, music, performance, innovation']",17461.5
86,Al Roker,"[84188, 117583]",2,1498529,"['climate change, environment, science, social change, nature, natural disaster, weather, Countdown', 'climate change, science, weather, Countdown']",749264.5
4441,Tim Leberecht,"[2619, 1591]",2,2920307,"['design, business, social media', 'business, collaboration, innovation, leadership, work, motivation, humanity, beauty, goals']",1460153.5
4454,Titus Kaphar,"[64776, 2826]",2,2388408,"['social change, creativity, art, history, community, activism, race, painting', 'art, history, race, identity, painting, equality']",1194204.0
4480,Tom Shannon,"[534, 762]",2,1900005,"['science, creativity, art, astronomy, space, illness', 'design, engineering, art, TED Prize, space']",950002.5
4483,Tom Thum,"[1792, 32071]",2,40065522,"['science, entertainment, music, performance, creativity, art, comedy, TEDx, medical imaging', 'entertainment, music, performance, creativity, TEDx']",20032761.0
1055,David Burkus,"[118167, 2585]",2,3262308,"['culture, business, work, motivation, TEDx, worklife', 'business, economics, social change, leadership, work, women in business, society, TEDx, money, equality']",1631154.0
902,Countdown Summit,"[82964, 82590]",2,138621,"['climate change, government, policy, Countdown', 'climate change, sustainability, activism, Countdown, fossil fuels']",69310.5
4524,Tshering Tobgay,"[46577, 2452]",2,7928518,"['climate change, environment, politics, sustainability, collaboration, nature, Asia, government, conservation, Anthropocene, glaciers', 'climate change, culture, environment, global issues, sustainability, economics, innovation, nature, future, happiness, pollution, Buddhism, humanity, beauty, trees, democracy, government, ecology, renewable energy, international development, goals']",3964259.0
4533,Uldus Bakhtiozina,"[2089, 3257]",2,2639409,"['creativity, art, photography, identity, TED Fellows', 'art, photography, humor, TED Fellows']",1319704.5
4536,Uri Alon,"[63652, 2020]",2,3444107,"['science, social change, creativity, theater, medical research, teaching', 'economics, health, future, work, virus, pandemic, coronavirus']",1722053.5
4570,Vijay Kumar,"[2346, 1376]",2,7538409,"['technology, robots, AI, drones', 'science, technology, design, engineering, flight, computers, innovation, robots, biomimicry, demo, insects, drones, bees, TEDx, agriculture, machine learning, farming, plants, gardening']",3769204.5
903,Courtney E. Martin,"[1089, 2580]",2,4277709,"['business, economics, cities, social change, future, community, parenting, happiness, United States, work, motivation, personal growth, humanity, society, family, identity, money, journalism, work-life balance, friendship, kids, goals', 'culture, history, women, writing, identity, feminism']",2138854.5
4599,Vusi Mahlasela,"[169, 158]",2,1397125,"['entertainment, music, performance, Africa, activism, women', 'entertainment, music, performance, Africa']",698562.5
4603,Wade Davis,"[273, 69]",2,7406548,"['culture, environment, global issues, film, photography, anthropology, language, indigenous peoples', 'culture, global issues, religion, photography, anthropology, beauty, indigenous peoples']",3703274.0
4604,Wael Ghonim,"[1086, 2400]",2,3120809,"['politics, entrepreneur, computers, media, collaboration, innovation, social change, communication, activism, society, democracy, social media, Internet, government, Egypt, Middle East', 'global issues, politics, social change, democracy, Egypt, protest']",1560404.5
4614,Wanis Kabbaj,"[2609, 25335]",2,6063076,"['technology, design, transportation, cities, collaboration, urban planning, nature, biology, communication, product design, infrastructure, driverless cars', 'global issues, politics, future, communication, community, government, policy']",3031538.0
4615,Wanjira Mathai,"[115476, 59152]",2,3276672,"['politics, corruption, social change, Africa, activism, society, government, policy', 'climate change, environment, social change, Africa, nature, community, activism, trees, resources, The Audacious Project']",1638336.0
4629,Wendy Woods,"[6292, 8866]",2,1681539,"['sustainability, business, economics, innovation, social change, society, data, manufacturing', 'business, collaboration, social change, health care']",840769.5
4639,Will Marshall,"[20447, 1982]",2,3881997,"['technology, astronomy, space', 'environment, technology, photography, space']",1940998.5
4640,Will Potter,"[2018, 2352]",2,6154005,"['environment, politics, animals, activism, terrorism, TED Fellows, journalism, protest', 'communication, crime, prison, TED Fellows, journalism, justice system, online privacy']",3077002.5
4646,William Kamkwamba,"[642, 153]",2,7642668,"['invention, Africa, creativity, energy, poverty', 'global issues, technology, design, interview, Africa, library, energy, renewable energy']",3821334.0
90,Alain de Botton,"[605, 1327]",2,12647865,"['culture, philosophy, religion, atheism', 'culture, philosophy, success, work, work-life balance']",6323932.5
4701,Yordanos Eyoel,"[129700, 120180]",2,1096976,"['politics, social change, communication, community, leadership, democracy, government', 'politics, social change, activism, society, democracy, inclusion']",548488.0
4709,Yuko Munakata,"[77111, 40753]",2,5285007,"['parenting, success, family, kids', 'psychology, relationships, parenting, personal growth, TEDx, personality, kids']",2642503.5
1056,David Byrne,"[988, 883]",2,2651769,"['music, performance, future, society, gardening', 'music, architecture, future, history']",1325884.5
4713,Yves Béhar,"[552, 266]",2,2031784,"['sustainability, design, engineering, transportation', 'design, business, computers, creativity, sex, society']",1015892.0
4714,Yves Morieux,"[1911, 2321]",2,6619517,"['leadership, work, productivity', 'business, leadership, work, productivity']",3309758.5
4718,Yvonne Aki-Sawyerr,"[66358, 61253]",2,3854494,"['climate change, environment, social change, nature, leadership, trees, government, Countdown', 'culture, social change, community, activism, leadership, motivation, decision-making, humanity']",1927247.0
1791,Honor Harger,"[1177, 64823]",2,1246867,"['culture, social change, art, community, museums, society, coronavirus', 'technology, design, entertainment, art, astronomy, physics, sound']",623433.5
4747,eL Seed,"[2304, 2556]",2,2775803,"['art, community, public health, society, beauty, TED Fellows, Egypt, Middle East, painting', 'culture, art, community, poetry, language, TED Fellows, street art']",1387901.5
275,Andrew Blum,[1576],1,1772001,"['technology, business, exploration, Internet']",1772001.0
276,Andrew Connolly,[2069],1,1290231,"['technology, astronomy, universe, space, telescopes']",1290231.0
277,Andrew Dent,[13000],1,1512768,"['sustainability, technology, design, engineering, innovation, nature, creativity, future, pollution, plastic']",1512768.0
278,Andrew Fitzgerald,[1841],1,1064059,"['culture, technology, storytelling, literature, writing, social media']",1064059.0
279,Andrew Forrest,[49732],1,3015899,"['business, entrepreneur, innovation, future, pollution, plastic, Anthropocene, ocean']",3015899.0
280,Andrew Marantz,[46600],1,2430837,"['technology, computers, software, society, social media, Internet, code, cyber security, online privacy']",2430837.0
282,Andrew Miki,[135446],1,652383,"['psychology, relationships, motivation, personal growth, depression, mental health, TEDx, emotions, goals']",652383.0
283,Andrew Millar,[8154],1,25311,"['business, collaboration, communication, leadership, compassion, empathy']",25311.0
284,Andrew Mwenda,[159],1,1417022,"['global issues, technology, business, Africa, philanthropy, international development, investing']",1417022.0
285,Andrew Nemr,[49394],1,10438,"['performance, art, dance, TED Fellows']",10438.0
287,Andrew Peek,[35611],1,143809,"['technology, future, storytelling, personal growth, decision-making, society, identity']",143809.0
290,Andrew Stanton,[1379],1,6038771,"['entertainment, art, storytelling, film, animation']",6038771.0
291,Andrew Winston,[20461],1,24640,"['climate change, environment, business']",24640.0
292,Andrew Yang,[129699],1,1524481,"['politics, United States, personal growth, society, democracy, policy']",1524481.0
294,Andri Snær Magnason,[66956],1,398743,"['climate change, environment, social change, nature, poetry, time, Countdown, glaciers']",398743.0
295,Andrés Ruzo,[2424],1,2324897,"['environment, science, nature, motivation, exploration, beauty, geology, chemistry, bioethics, South America, ecology, rivers, indigenous peoples']",2324897.0
296,Andy Dunn,[111361],1,1490726,"['business, entrepreneur, work, personal growth, mental health, worklife']",1490726.0
297,Andy Hobsbawm,[407],1,524203,"['climate change, global issues, design, business, entertainment, media, humor, sex']",524203.0
298,Andy Jarvis,[142987],1,381402,"['climate change, environment, science, sustainability, food, health, Countdown']",381402.0
299,Andy Laats,[148325],1,328732,"['death, cancer, parenting, Life']",328732.0
300,Andy Puddicombe,[1640],1,15059836,"['culture, health, happiness, success, work, Buddhism, body language, productivity, meditation, mindfulness']",15059836.0
301,Andy Yen,[2204],1,1946258,"['technology, communication, Internet, surveillance, encryption, online privacy']",1946258.0
302,Ane Brun,[41909],1,10604,"['music, performance']",10604.0
304,Angela Belcher,[1133],1,1024951,"['science, DNA, genetics, nature, evolution, biology, virus, TEDx, renewable energy']",1024951.0
305,Angela Francis,[72243],1,1777090,"['climate change, environment, economics, society, TEDx, policy']",1777090.0
306,Angela Lee Duckworth,[1733],1,36958237,"['business, education, psychology, success']",36958237.0
307,Angela Mahecha Adrar,[71706],1,1308436,"['climate change, innovation, social change, community']",1308436.0
308,Angela Oguntala,[35622],1,321621,"['technology, design, art, future']",321621.0
309,Angela Patton,[1646],1,990366,"['social change, activism, dance, parenting, women, TEDx, youth, kids']",990366.0
310,Angela Wang,[5162],1,2010689,"['technology, business, transportation, innovation, social change, future, china, society, shopping, Internet']",2010689.0
311,Angelica Dass,[57139],1,72090,"['art, race, photography, beauty, identity']",72090.0
312,Angelicque White,[56009],1,1972457,"['climate change, fish, water, humanity, microbiology, marine biology, coral reefs, ocean']",1972457.0
313,Angeline Murimirwa,[113935],1,1264549,"['education, social change, Africa, gender, community, youth, teaching, The Audacious Project, kids']",1264549.0
314,Angelo Vermeulen,[2197],1,1200303,"['science, sustainability, technology, design, engineering, architecture, collaboration, innovation, food, psychology, future, space, TED Fellows, Internet']",1200303.0
315,Angie Murimirwa,[60416],1,1882291,"['business, economics, social change, women, women in business, society, finance, investing']",1882291.0
317,Angélica Dass,[2463],1,3046559,"['culture, global issues, design, social change, creativity, art, community, race, Brazil, photography, visualizations, humanity, society, beauty, identity, Slavery, diversity']",3046559.0
318,Angélique Kidjo,[99729],1,1548957,"['music, education, social change, Africa, activism, potential, women, youth, kids']",1548957.0
319,Angélique Parisot-Potter,[68118],1,1521306,"['corruption, social change, work, self, bullying, ethics']",1521306.0
320,Ani Liu,[2700],1,1020651,"['science, technology, design, innovation, nature, art, bacteria, microbiology, beauty, chemistry, TEDx, plants']",1020651.0
321,Anicka Yi,[96396],1,1737366,"['technology, computers, robots, creativity, art, future, AI, machine learning']",1737366.0
322,Anika Goss,[115255],1,1019737,"['climate change, politics, science, sustainability, design, cities, social change, community, United States, infrastructure, Countdown, equality, investing']",1019737.0
323,Anika Paulson,[2844],1,1317303,"['entertainment, music, performance, personal growth, TED-Ed']",1317303.0
324,Anil Ananthaswamy,[102332],1,2364851,"[""science, psychology, philosophy, personal growth, brain, consciousness, self, humanity, identity, Alzheimer's""]",2364851.0
325,Anil Gupta,[851],1,814556,"['invention, entrepreneur, innovation, creativity, poverty, india']",814556.0
326,Anil Raj,[5129],1,15247,"['technology, industrial design, energy, society, plants, electricity']",15247.0
327,Anil Seth,[2817],1,15382470,"['science, cognitive science, brain, humanity, neuroscience']",15382470.0
328,Anima Anandkumar,[133759],1,525156,"['technology, design, engineering, biotech, innovation, AI, weather, artificial intelligence']",525156.0
330,Anirudh Krishna,[146381],1,465158,"['education, sports, personal growth, potential, TEDx, policy, india, teaching']",465158.0
331,Anirudh Sharma,[29413],1,625129,"['environment, science, technology, design, invention, art, pollution, Anthropocene']",625129.0
332,Anita Collins,[46459],1,350486,"['music, education, brain, kids']",350486.0
333,Anjali Kumar,[9125],1,3822912,"['social change, health, love, community, religion, happiness, personal growth, humanity, society']",3822912.0
334,Anjali Sud,[99753],1,1536150,"['business, innovation, future, leadership, work, women in business, work-life balance']",1536150.0
335,Anjali Tripathi,[2656],1,1353002,"['environment, science, technology, rocket science, biosphere, future, astronomy, universe, Planets, TEDx, solar system, Mars, astrobiology']",1353002.0
336,Anjan Chatterjee,[2836],1,3145964,"['science, nature, cognitive science, evolution, brain, humanity, beauty, neuroscience, TEDMED']",3145964.0
338,Ann Curry,[19320],1,53391,[],53391.0
339,Ann Morgan,[2382],1,1939915,"['library, personal growth, literature, writing, books, goals']",1939915.0
340,AnnMarie Thomas,[1111],1,1046536,"['science, technology, education, toys']",1046536.0
341,Anna Babel,[70327],1,1707034,"['culture, education, language, society, TEDx']",1707034.0
342,Anna Deavere Smith,[60],1,1373389,"['culture, entertainment, performance, interview, history, storytelling, race, United States, sports, theater']",1373389.0
343,Anna Greka,[117845],1,664776,"['science, technology, health, medicine, medical research, human body']",664776.0
344,Anna Heringer,[2878],1,1206469,"['environment, sustainability, design, engineering, architecture']",1206469.0
345,Anna Malaika Tubbs,[85658],1,1984914,"['social change, history, parenting, personal growth, women, family']",1984914.0
346,Anna Maria Coclite,[119289],1,682837,"['science, technology, health, health care, future, TEDx, human body']",682837.0
347,Anna Mracek Dietrich,[1260],1,1040684,"['design, invention, flight, transportation']",1040684.0
348,Anna Piperal,[53583],1,2509803,"['technology, innovation, social change, society, government, data, online privacy']",2509803.0
349,Anna Rosling Rönnlund,[8606],1,2405188,"['global issues, photography, visualizations, humanity, society, data']",2405188.0
350,Anna Rothschild,[19140],1,1400722,"['science, health, animals, nature, biology, communication, medicine, TEDx, human body, kids']",1400722.0
351,Annalee Newitz,[125490],1,516631,"['architecture, creativity, art, humanity, Internet, books']",516631.0
352,Anne Basting,[63318],1,333043,"[""health care, creativity, art, communication, brain, Alzheimer's""]",333043.0
353,Anne Curzan,[2022],1,2190855,"['culture, language, TEDx']",2190855.0
354,Anne Lamott,[2801],1,7326514,"['art, love, communication, religion, aging, Christianity, personal growth, comedy, self, humanity, writing, society, beauty, family, birds, books, friendship']",7326514.0
355,Anne Madden,[2833],1,1694181,"['science, technology, biotech, innovation, health, nature, biology, future, bacteria, microbiology, fungi']",1694181.0
356,Anne Marie Albano,[63674],1,614796,"['psychology, relationships, parenting, personal growth, self, mental health, kids']",614796.0
357,Anne Milgram,[1914],1,1269932,"['crime, data, justice system']",1269932.0
358,Anne Morriss,[111970],1,2228510,"['business, relationships, communication, leadership, success, work, personal growth, trust']",2228510.0
359,Anne Pasternak,[64822],1,221088,"['culture, social change, creativity, art, museums, humanity, coronavirus']",221088.0
360,Anne Scherer,[78775],1,1889898,"['science, technology, robots, psychology, communication, humanity, TEDx, machine learning']",1889898.0
361,Anne-Marie Slaughter,[1943],1,2575531,"['gender, work, women, identity, policy, work-life balance, equality']",2575531.0
362,Annette Heuser,[1937],1,1253173,"['global issues, business, finance']",1253173.0
363,Annie Lennox,[963],1,571465,"['health, Africa, activism, AIDS, personal growth']",571465.0
364,Annie Murphy Paul,[1289],1,3125230,"['culture, science, education, food, evolution, brain, mental health, writing, neuroscience, pregnancy, kids']",3125230.0
365,Annie Rauwerda,[118166],1,966418,"['media, collaboration, education, personal growth, exploration, humanity, TEDx, Internet']",966418.0
366,Anote Tong,[2379],1,1186588,"['climate change, environment, global issues, science, social change, fish, future, pollution, natural disaster, humanity, Mission Blue, policy, ocean']",1186588.0
367,Anshul Tewari,[158865],1,293379,"['climate change, media, social change, storytelling, social media, youth, india, Countdown']",293379.0
370,Anthony Goldbloom,[2548],1,3151552,"['technology, collaboration, innovation, robots, future, work, AI, productivity, data, code, machine learning']",3151552.0
371,Anthony Myint,[133186],1,456253,"['climate change, environment, sustainability, business, food, nature, community, agriculture, farming, Countdown']",456253.0
372,Anthony Tan,[126841],1,625950,"['business, entrepreneur, transportation, social change, leadership, work, Asia, money']",625950.0
373,Anthony Veneziale,[48665],1,527202,"['art, love, communication, comedy, humor, curiosity']",527202.0
374,Antionette Carroll,[65272],1,33049,"['design, social change, creativity, community, equality']",33049.0
375,Antoine Gourévitch,[70779],1,1478733,"['science, technology, engineering, innovation, biology, future, AI, synthetic biology']",1478733.0
376,Antonella Mei-Pochtler,[5130],1,22978,"['economics, transportation, cities, community, travel, infrastructure']",22978.0
377,Antonio Damasio,[1308],1,2571153,"['science, memory, cognitive science, brain, decision-making, consciousness, self, mental health, identity, neuroscience, medical research, medical imaging']",2571153.0
378,Antonio Donato Nobre,[2088],1,1249870,"['climate change, nature, trees, TEDx, rivers, indigenous peoples']",1249870.0
379,Antonio Garcia Vicente,[49136],1,2554912,"['technology, education, youth, code']",2554912.0
380,Antonio Muñoz Fernández,[65444],1,6263,"['music, performance']",6263.0
381,Antony Gormley,[1551],1,602559,"['design, art, public space']",602559.0
382,Antón García-Abril,[23418],1,24871,"['sustainability, design, engineering, industrial design, architecture']",24871.0
384,Anu Puusa,[76271],1,1291141,"['sustainability, business, economics, social change, leadership, work']",1291141.0
385,Anu Sridharan,[20462],1,12148,"['sustainability, water, india']",12148.0
386,Anuj Tanna,[158326],1,362881,"['business, economics, entrepreneur, innovation, Africa, community, women in business, Countdown']",362881.0
387,Anupam Mishra,[702],1,1304347,"['environment, sustainability, design, architecture, innovation, history, photography, water, india, rivers']",1304347.0
388,Anushka Naiknaware,[15536],1,1607978,"['science, technology, design, invention, innovation, health, medicine, medical research']",1607978.0
389,Anushka Ratnayake,[91509],1,1633231,"['climate change, business, entrepreneur, Africa, money, agriculture, capitalism, farming, The Audacious Project']",1633231.0
390,Aomawa Shields,[2402],1,1872020,"['technology, computers, education, art, future, astronomy, universe, exploration, women, Planets, space, TED Fellows, telescopes, astrobiology, kids, aliens']",1872020.0
391,Aparna Bharadwaj,[102333],1,1420961,"['global issues, business, social change, consumerism, anthropology, humanity, shopping']",1420961.0
392,Aparna Hegde,[76210],1,1588136,"['health, health care, medicine, family, TED Fellows, india, human rights']",1588136.0
393,Aparna Mehta,[25368],1,1942707,"['environment, sustainability, engineering, business, social change, consumerism, pollution, fashion']",1942707.0
394,Aparna Nancherla,[66949],1,1438664,"['climate change, sustainability, comedy, Countdown']",1438664.0
397,Apiorkor Seyiram Ashong-Abbey,[70888],1,9374,"['performance, art, poetry']",9374.0
398,Apolinário Passos,[142484],1,337081,"['science, technology, computers, psychology, relationships, future, AI, emotions']",337081.0
399,Apollo Robbins,[1821],1,34826189,"['entertainment, crime']",34826189.0
400,Aqeela Sherrills,[159281],1,267195,"['cities, history, community, United States, violence, society, The Audacious Project']",267195.0
401,Aravind Srinivas,[144591],1,805114,"['technology, computers, innovation, AI, humanity, curiosity, artificial intelligence']",805114.0
403,Archie Crowley,[74838],1,1586747,"['social change, history, communication, language, identity, TEDx, Transgender, LGBTQIA+']",1586747.0
404,Ari Wallach,[2728],1,2778807,"['technology, social change, future, history, leadership, personal growth, decision-making, humanity, society, identity, TEDx, goals']",2778807.0
405,Ariana Curtis,[29779],1,3314780,"['culture, art, gender, history, race, United States, museums, identity']",3314780.0
406,Arianna Huffington,[1044],1,5951865,"['culture, business, entertainment, productivity, sleep']",5951865.0
407,Aric Yegudkin,[10576],1,90254,"['performance, collaboration, dance']",90254.0
408,Ariel Ekblaw,[148399],1,392278,"['science, technology, engineering, NASA, architecture, innovation, future, universe, space']",392278.0
409,Ariel Garten,[1338],1,530080,"['science, technology, psychology, neuroscience, TEDx, mindfulness']",530080.0
410,Ariel Waldman,[63749],1,1689074,"['environment, science, animals, nature, exploration, Antarctica, glaciers']",1689074.0
411,Arik Hartmann,[2860],1,1233806,"['disease, health, activism, AIDS, humanity, TEDx, human body']",1233806.0
412,Arindam Bhattacharya,[27845],1,88406,"['business, economics, data']",88406.0
413,Aris Venetikidis,[1582],1,776709,"['design, transportation, brain, TEDx, UX design, maps']",776709.0
414,Arjan Dwarshuis,[53155],1,14003,"['global issues, nature, birds, conservation, ecology']",14003.0
415,Armando Azua-Bustos,[2869],1,1247534,"['science, biology, universe, exploration, TED Fellows, South America, Mars, astrobiology, aliens']",1247534.0
416,Arnav Kapur,[40540],1,887635,"['science, technology, design, invention, computers, future, demo, AI, TED Fellows']",887635.0
418,Arthur Brooks,[2456],1,1455941,"['global issues, politics, business, economics, collaboration, social change, psychology, philosophy, communication, community, society, identity, democracy, government, policy, capitalism']",1455941.0
419,Arthur Ganson,[267],1,1068600,"['design, engineering, entertainment, art, philosophy, humor']",1068600.0
420,Arthur Potts Dawson,[1020],1,1001498,"['culture, global issues, sustainability, business, entertainment, cities, food']",1001498.0
421,Artūrs Miksons,[62341],1,420943,"['psychology, communication, emotions']",420943.0
422,Aruna Rangachar Pohl,[130929],1,515534,"['climate change, sustainability, food, health, agriculture, farming, Countdown']",515534.0
423,Arunabha Ghosh,[52819],1,283967,"['environment, science, technology, social change, health, pollution, india, Anthropocene']",283967.0
424,Arunachalam Muruganantham,[1614],1,1943560,"['global issues, invention, innovation, women, public health, india']",1943560.0
425,Asali DeVan Ecclesiastes,[20172],1,250699,"['performance, art, poetry, personal growth']",250699.0
427,Asha Curran,[122222],1,816846,"['social change, community, philanthropy, happiness, humanity, society, money']",816846.0
428,Asha de Vos,[2160],1,1601383,"['nature, biology, TED Fellows, marine biology, ocean']",1601383.0
429,Asher Hasan,[719],1,501202,"['culture, global issues, politics, entrepreneur, health, health care, war, violence, TED Fellows, india']",501202.0
430,Ashif Shaikh,[115479],1,532534,"['business, social change, immigration, refugees, The Audacious Project']",532534.0
431,Ashley Clift-Jennings,[104710],1,5255973,"['love, relationships, Transgender, vulnerability, Life']",5255973.0
432,Ashley Graham,[13588],1,4610731,"['social change, health, self, women, beauty, identity, fashion']",4610731.0
433,Ashley Judd,[2666],1,2081479,"['global issues, computers, gender, communication, activism, potential, women, writing, society, social media, Internet, feminism, bullying, policy, sexual violence']",2081479.0
434,Ashley M. Grice,[89599],1,2185140,"['business, leadership, success, work, productivity']",2185140.0
436,Ashton Applewhite,[2843],1,2075951,"['social change, aging, personal growth, humanity, society, identity, equality']",2075951.0
437,Ashton Cofer,[2719],1,1581100,"['climate change, science, technology, engineering, invention, collaboration, innovation, product design, pollution, water, chemistry, TED-Ed']",1581100.0
438,Ashweetha,[33885],1,2281186,"['education, social change, future, community, activism, personal growth, potential, women, society, india, kids']",2281186.0
439,Ashwin Naidu,[49281],1,1855787,"['climate change, environment, science, sustainability, animals, community, TED Fellows, conservation']",1855787.0
440,Ashwini Anburajan,[23421],1,1984283,"['technology, business, entrepreneur, innovation, future, finance, blockchain, TED Residency, cryptocurrency, investing']",1984283.0
441,Ashwini Bhandiwad,[27691],1,50306,"['science, education, innovation, food, kids']",50306.0
442,Ashwini Mrinal Bhagat,[19057],1,258295,"['interview, work, women in business']",258295.0
444,Aspen Baker,[2297],1,2005199,"['culture, storytelling, decision-making, women, society, ethics']",2005199.0
445,Astro Teller,[2460],1,3043295,"['global issues, technology, design, engineering, invention, collaboration, creativity, future, product design, leadership, motivation, personal growth, potential, exploration']",3043295.0
446,Athena Kugblenu,[147797],1,279474,"['corruption, relationships, communication, society, trust']",279474.0
448,Aubrey de Grey,[39],1,4804885,"['science, technology, engineering, biotech, disease, health care, future, aging']",4804885.0
449,Audrey Choi,[2431],1,2005989,"['sustainability, business, social change, finance']",2005989.0
450,Audrey Tang,[64458],1,451856,"['technology, innovation, social change, society, democracy, government, coronavirus']",451856.0
451,Augie Picado,[2867],1,1906917,"['global issues, politics, business, economics, collaboration, work, government, policy, capitalism, manufacturing']",1906917.0
452,Auke Ijspeert,[2419],1,2100861,"['technology, design, engineering, invention, biotech, innovation, robots, animals, nature, biology, future, physics, neuroscience']",2100861.0
453,Auret van Heerden,[1005],1,762158,"['global issues, business, work, law, equality']",762158.0
454,Austin Eubanks,[41874],1,874362,"['health, personal growth, public health, society, addiction, emotions']",874362.0
455,Ava DuVernay,[122555],1,693491,"['entertainment, interview, social change, art, gender, history, storytelling, film, race, diversity']",693491.0
456,Avani Prabhakar,[141407],1,380653,"['business, collaboration, innovation, future, leadership, work, work-life balance, worklife']",380653.0
457,Avi Loeb,[133970],1,1936723,"['science, technology, future, astronomy, universe, space, aliens']",1936723.0
458,Avi Reichental,[2026],1,2733365,"['technology, 3D printing, manufacturing']",2733365.0
459,Avi Rubin,[1370],1,1387442,"['technology, computers, TEDx, Internet, encryption, cyber security']",1387442.0
460,Avinash Persaud,[116403],1,968677,"['climate change, sustainability, business, future, energy, poverty, humanity, money, finance, resources, Countdown']",968677.0
461,Aviv Regev,[121116],1,32321,"['technology, health, health care, medicine, AI, data, medical research']",32321.0
462,Avni Patel Thompson,[148334],1,320040,"['technology, relationships, community, product design, parenting, AI, family']",320040.0
463,Axel Reinaud,[83177],1,2014396,"['climate change, science, technology, food, future, farming']",2014396.0
464,Ayah Bdeir,[1404],1,1337442,"['technology, education, creativity, TED Fellows, code, toys']",1337442.0
466,Ayanna Howard,[41910],1,10957,"['technology, robots, AI, algorithm']",10957.0
467,Ayelet Fishbach,[135550],1,1138249,"['science, psychology, success, work, motivation, personal growth, TEDx, emotions, goals']",1138249.0
468,Azim Khamisa,[8779],1,1193545,"['death, social change, communication, community, activism, violence, humanity, compassion, empathy, society, kids']",1193545.0
469,Azim Shariff,[109966],1,1916805,"['culture, psychology, work, personal growth, capitalism, work-life balance, ethics, worklife']",1916805.0
471,Aziza Chaouni,[2064],1,792460,"['sustainability, architecture, cities, activism, TED Fellows, infrastructure, rivers']",792460.0
472,B.E.A.T. NYC,[18809],1,4066,"['music, dance, writing']",4066.0
473,BJ Miller,[2325],1,19094033,"['global issues, death, health, health care, medicine']",19094033.0
474,BLACK,[1716],1,16020566,"['entertainment, performance, dance, toys']",16020566.0
475,Baba Shiv,[1514],1,930889,"['business, health care, cancer, decision-making, TEDx']",930889.0
476,Bahia Shehab,[1537],1,1207094,"['culture, art, TED Fellows, Egypt, Middle East, protest']",1207094.0
477,Bandi Mbubi,[1567],1,672416,"['technology, engineering, Africa, communication, war, TEDx']",672416.0
478,Barat Ali Batoor,[2231],1,1076733,"['global issues, social change, photography, TEDx, immigration']",1076733.0
480,Barbara Block,[973],1,384689,"['science, technology, Mission Blue, ocean']",384689.0
481,Barbara F. Walter,[115995],1,2077687,"['politics, business, social change, history, war, United States, violence']",2077687.0
482,Barbara J. King,[44200],1,3596468,"['science, animals, evolution, love, psychology, biology, biodiversity, mental health, empathy, emotions']",3596468.0
483,Barbara Natterson-Horowitz,[2145],1,1867895,"['animals, evolution, biology, medicine, mental health']",1867895.0
484,Barbara Sherman,[44387],1,813231,"['science, animals, communication, language, body language']",813231.0
485,Bari Weiss,[130301],1,637977,"['culture, politics, social change, communication, United States, language, personal growth']",637977.0
486,Baron Ryan,[144334],1,615493,"['performance, relationships, storytelling, personal growth, self, emotions']",615493.0
487,Baroness Beeban Kidron,[17035],1,15305,"['technology, social media, Internet, kids, online privacy']",15305.0
489,Barry Sonnenfeld,[156794],1,484246,"['business, film, personal growth, writing, TV, career']",484246.0
490,Bart Knols,[1445],1,370329,"['global issues, health, medicine, insects, TEDx']",370329.0
491,Bart Weetjens,[1019],1,702863,"['technology, Africa, animals, war, smell, TEDx']",702863.0
492,Barton Seaver,[993],1,650804,"['environment, sustainability, food, fish, ocean']",650804.0
493,Bas Sudmeijer,[70037],1,1372253,"['climate change, environment, business, energy']",1372253.0
494,Bassam Tariq,[2169],1,1504851,"['creativity, film, writing, TED Fellows']",1504851.0
495,Bastian Schaefer,[1798],1,1173600,"['design, industrial design, flight, transportation, manufacturing']",1173600.0
496,Bea Rodriguez-Fransen,[128187],1,8059,"['education, history, TED-Ed, teaching, indigenous peoples']",8059.0
497,Beardyman,[1804],1,2903273,"['technology, entertainment, music, performance, creativity']",2903273.0
498,Beatriz Villarroel,[114345],1,74282,"['science, astronomy, space, aliens, Life']",74282.0
500,Beau Lotto + Amy O'Toole,[1587],1,1815428,"['science, collaboration, memory, cognitive science, biology, brain, insects, decision-making, bees, curiosity, neuroscience, youth, kids']",1815428.0
501,Becca Heller,[91495],1,1657950,"['social change, activism, war, humanity, law, immigration, refugees, The Audacious Project, human rights, international relations, equality']",1657950.0
502,Becca McCharen-Tran,[48638],1,2037145,"['design, social change, art, gender, identity, fashion, human body, inclusion']",2037145.0
503,Becci Manson,[1532],1,909133,"['culture, memory, storytelling, photography, Asia, natural disaster']",909133.0
505,Becky Barker,[90739],1,1694902,"['design, health, art, TEDx, human body']",1694902.0
506,Becky Blanton,[669],1,1397689,"['social change, storytelling, happiness, poverty, personal growth, depression, society, homelessness']",1397689.0
507,Becky Kennedy,[116355],1,4848622,"['psychology, relationships, communication, parenting, personal growth, mental health']",4848622.0
508,Bedouine,[101419],1,8062,"['entertainment, music, performance']",8062.0
509,Beeban Kidron,[1476],1,1082467,"['culture, art, storytelling, film, youth, kids']",1082467.0
510,Bektour Iskender,[92074],1,1584648,"['politics, corruption, social change, activism, writing, TED Fellows, journalism, international relations']",1584648.0
511,Bel Pesce,[2200],1,5948976,"['entrepreneur, innovation, TED Fellows']",5948976.0
512,Bel Trew,[135109],1,475599,"['war, violence, humanity, empathy, writing, TEDx, journalism']",475599.0
513,Ben Ambridge,[2178],1,3362278,"['psychology, brain, TEDx, personality']",3362278.0
514,Ben Cameron,[952],1,616746,"['entertainment, music, performance, education, theater, TEDx']",616746.0
515,Ben Cort,[8530],1,2612453,"['business, health, public health, society, TEDx, justice system']",2612453.0
517,Ben Gran,[102024],1,1602982,"['technology, innovation, health, health care, TEDx, medical research']",1602982.0
518,Ben Kacyra,[1266],1,675347,"['technology, invention, history, archaeology']",675347.0
519,Ben Katchor,[524],1,345736,"['cities, art, United States, comedy, humor, books']",345736.0
521,Ben Wellington,[2199],1,1096335,"['technology, cities, statistics, United States, TEDx, data, infrastructure']",1096335.0
523,Benjamin Barber,[1825],1,1001725,"['global issues, politics, cities']",1001725.0
524,Benjamin Grant,[2853],1,1461130,"['climate change, environment, art, photography, TEDx']",1461130.0
525,Benjamin Lewis,[133971],1,489122,"['science, health, psychology, communication, community, medicine, brain, mental health, TEDx, medical research, emotions']",489122.0
527,Benoit Mandelbrot,[909],1,1730428,['math'],1730428.0
528,Bernhard Kowatsch,[90404],1,1734561,"['global issues, technology, business, innovation, humanity']",1734561.0
529,Bernie Dunlap,[208],1,2303722,"['culture, entertainment, education, storytelling, library, race, literature']",2303722.0
530,Bernie Krause,[1788],1,1290194,"['animals, nature, sound']",1290194.0
531,Bernt Børnich,[148292],1,1188520,"['technology, engineering, innovation, robots, future, demo, AI']",1188520.0
532,Berry Marttin,[146806],1,327383,"['climate change, sustainability, business, food, society, money, farming, Countdown']",327383.0
533,Bertrand Piccard,[723],1,919067,"['sustainability, technology, engineering, flight, solar energy']",919067.0
534,Beth Ann Fennelly,[63502],1,156741,"['education, literature, writing, books']",156741.0
535,Beth Ford,[76708],1,1389080,"['climate change, sustainability, technology, food, agriculture, Internet, farming']",1389080.0
536,Beth Malone,[3614],1,1331278,"['death, disease, personal growth, humanity, illness, mental health, family, TED Residency']",1331278.0
537,Beth Mortimer,[41913],1,12929,"['animals, nature, language, conservation, ecology']",12929.0
538,Beth Noveck,[1558],1,626635,"['global issues, politics, democracy, government, data']",626635.0
539,Beth Viner,[122223],1,710957,"['business, innovation, creativity, work, work-life balance']",710957.0
540,Betsy Kauffman,[67235],1,1624311,"['business, social change, communication, work, personal growth, self, productivity']",1624311.0
541,Bettina Warburg,[2626],1,4671453,"['technology, business, economics, computers, software, collaboration, innovation, future, society, Internet, data, trust, blockchain, cryptocurrency, online privacy']",4671453.0
542,Betty Hart,[73443],1,1699538,"['politics, relationships, personal growth, compassion, family, TEDx, friendship']",1699538.0
543,Bettye Kearse,[102444],1,51975,"['Africa, history, women, family, Life']",51975.0
544,Betül Kaçar,[89664],1,1786628,"['environment, science, innovation, future, universe, exploration, Planets, space, ancient world, chemistry, discovery, astrobiology, ethics']",1786628.0
545,Beverly + Dereck Joubert,[1039],1,1023983,"['environment, global issues, Africa, animals, film, photography']",1023983.0
546,Bevy Smith,[91710],1,6110039,"['relationships, work, motivation, personal growth, self, goals']",6110039.0
547,Bhakti Sharma,[51997],1,633306,"['sports, personal growth, self, water, fear, india']",633306.0
548,Bhu Srinivasan,[10173],1,1158917,"['politics, business, economics, innovation, future, drones, society, capitalism']",1158917.0
549,Bianca Tylek,[76222],1,1446436,"['social change, law, prison, TED Fellows, justice system']",1446436.0
550,Bijan Zakeri,[8424],1,10157,"['science, innovation, health care, bacteria']",10157.0
551,Bilal Bomani,[1332],1,300202,"['climate change, environment, science, sustainability, technology, engineering, biotech, innovation, nature, future, energy, solar energy, TEDx, ecology, synthetic biology, plants, natural resources, renewable energy, ocean']",300202.0
552,Bilawal Sidhu,[116411],1,918401,"['technology, design, computers, creativity, art, AI, beauty']",918401.0
553,Bill,[1964],1,5126116,"['business, activism, philanthropy, money']",5126116.0
554,Bill Ackman,[130230],1,726491,"['business, economics, social change, society, money, finance, investing']",726491.0
555,Bill Bernat,[5351],1,2013713,"['health, relationships, communication, personal growth, humanity, depression, compassion, TEDx, friendship']",2013713.0
556,Bill Burnett,[73225],1,3384023,"['design, work, personal growth']",3384023.0
557,Bill Clinton,[85],1,976623,"['culture, global issues, technology, business, economics, health care, Africa, TED Prize']",976623.0
558,Bill Davenhall,[748],1,1105989,"['technology, cities, health, health care, medicine, public health, heart']",1105989.0
559,Bill Doyle,[1343],1,777723,"['technology, cancer, medical research']",777723.0
560,Bill Ford,[1174],1,942318,"['technology, design, transportation, cities, infrastructure, driverless cars']",942318.0
563,Bill Heck,[155246],1,33858,"['performance, social change, art, communication, personal growth, society, capitalism']",33858.0
564,Bill Joy,[405],1,621038,"['science, technology, business, health, future']",621038.0
565,Bill Stone,[141],1,2290665,"['technology, energy, exploration, Moon, Planets, space']",2290665.0
566,Bill Strickland,[209],1,782884,"['culture, performance, cities, activism, philanthropy, kids']",782884.0
567,Bill T. Jones,[2242],1,1475848,"['entertainment, music, performance, dance, TED Fellows']",1475848.0
568,Billie Jean King,[2327],1,1125058,"['interview, social change, gender, sports, women, feminism, equality, LGBTQIA+']",1125058.0
570,Billy Graham,[308],1,4669910,"['technology, death, religion, Christianity']",4669910.0
571,Billy Samuel Mwape,[67584],1,1522392,"['collaboration, leadership, success, motivation, personal growth, family, goals']",1522392.0
572,Bina Venkataraman,[45613],1,2644742,"['culture, memory, social change, future, history, community, humanity, society, family']",2644742.0
573,Birke Baehr,[1016],1,2548923,"['environment, sustainability, business, food, health, TEDx, agriculture']",2548923.0
575,Bjorn Lomborg,[62],1,1862201,"['climate change, culture, environment, business, economics, Africa, future, AIDS, decision-making, natural disaster']",1862201.0
576,Björn Ulvaeus,[78861],1,1884187,"['business, economics, music, art, TEDx, Internet']",1884187.0
577,Bjørn Otto Sverdrup,[86387],1,1808460,"['climate change, environment, sustainability, business, energy, Countdown, fossil fuels']",1808460.0
579,Blinky Bill,[98757],1,25691,"['entertainment, music, performance, TED Fellows']",25691.0
580,Blitz Bazawule,[53586],1,6643,"['culture, music, performance, Africa, art, TED Fellows']",6643.0
581,Bo Cerup-Simonsen,[116410],1,814268,"['climate change, environment, global issues, business, nature, energy, resources, Countdown, ocean']",814268.0
582,Boaz Almog,[1495],1,2835954,"['science, technology, design, engineering, invention, innovation, physics, energy, demo, potential, magic, renewable energy, nanotechnology, quantum']",2835954.0
583,Bob Inglis,[8799],1,2406490,"['climate change, politics, collaboration, social change, leadership, United States, society, democracy, TEDx, government']",2406490.0
584,Bob Langert,[51698],1,1606115,"['sustainability, business, collaboration, social change, leadership, work, society']",1606115.0
586,Bob Nease,[9467],1,44925,"['science, psychology, success, decision-making']",44925.0
587,Bob Schneider,[65137],1,3670,"['music, performance']",3670.0
588,Bob Stein,[12303],1,1261009,"['culture, future, communication, aging, personal growth, society, TED Residency']",1261009.0
589,Bob Wiltfong,[116751],1,1038844,"['culture, business, communication, work, TEDx']",1038844.0
590,Bob Woodward,[24727],1,209905,"['politics, government, journalism']",209905.0
591,Bobby Ghosh,[1623],1,754815,"['culture, global issues, politics, religion, terrorism, war, TEDx, Egypt']",754815.0
592,Boghuma Kabisen Titanji,[1645],1,642036,"['global issues, health care, medicine, AIDS, TEDx, drugs']",642036.0
593,Bogolo Joy Kenewendo,[58612],1,49151,"['global issues, history, storytelling, leadership, women']",49151.0
594,Boniface Mwangi,[2221],1,1534168,"['corruption, art, activism, photography, TED Fellows']",1534168.0
595,Bonnie Bassler,[509],1,3193111,"['science, disease, health, evolution, biology, communication, bacteria, microbiology']",3193111.0
596,Bonnie Hancock,[128758],1,517517,"['sports, motivation, personal growth, humanity']",517517.0
598,Boris Hesser,[31241],1,6871,"['health care, community, drugs']",6871.0
599,Boy Girl Banjo,[19995],1,319679,"['music, performance']",319679.0
600,Boyd Varty,[1890],1,1875531,"['culture, Africa, nature']",1875531.0
601,Bozoma Saint John,[83205],1,2444458,"['business, creativity, leadership, motivation, personal growth, self, data']",2444458.0
602,Bradley Tusk,[155248],1,275493,"['politics, technology, United States, democracy, policy']",275493.0
603,Bran Ferren,[1956],1,1172480,"['design, engineering, architecture, ancient world']",1172480.0
604,Brandon Clifford,[43183],1,806643,"['culture, design, architecture, innovation, creativity, history, society, beauty, TED Fellows']",806643.0
605,Bree Jones,[97915],1,1598312,"['cities, social change, history, community, United States, TED Fellows, policy, investing']",1598312.0
606,Brenda Laurel,[474],1,498774,"['culture, technology, design, entertainment, history, women, gaming, kids']",498774.0
607,Brenda Romero,[1432],1,626813,"['global issues, social change, history, gaming, TEDx']",626813.0
609,Bret Stephens,[129700],1,483934,"['politics, social change, communication, community, leadership, democracy, government']",483934.0
610,Brett Hennig,[13476],1,1828780,"['politics, corruption, social change, future, history, activism, leadership, society, democracy, TEDx, government, policy, equality']",1828780.0
612,Brian Dettmer,[2180],1,1348148,"['creativity, art, books']",1348148.0
613,Brian Goldman,[1337],1,1905484,"['culture, communication, medicine, public health, TEDx']",1905484.0
615,Brian Janosch,[45410],1,36377,"['creativity, art, communication, humor, writing']",36377.0
616,Brian Johnson,[108114],1,24969,"['culture, education, communication, TED-Ed, teaching']",24969.0
617,Brian Kateman,[78170],1,805621,[],805621.0
618,Brian Little,[2530],1,20155985,"['psychology, communication, self, humanity, humor, TED Books, identity, personality']",20155985.0
619,Brian Olson,[26918],1,28522,"['politics, technology, social change, activism, democracy']",28522.0
620,Brian S. Lowery,[136666],1,948118,"['psychology, relationships, community, happiness, personal growth, emotions']",948118.0
621,Brian Skerry,[873],1,1710777,"['science, fish, photography, Mission Blue, marine biology, ocean']",1710777.0
622,Brian Sokol,[6598],1,35650,"['global issues, photography, humanity, refugees']",35650.0
623,Bridget Seegers,[101216],1,31351,"['climate change, science, NASA, health, ocean']",31351.0
624,Bright Simons,[53580],1,1749908,"['global issues, business, entrepreneur, innovation, social change, food, Africa, medicine, society, finance']",1749908.0
625,Britt Wray,[46385],1,2593430,"['climate change, environment, science, social change, psychology, mental health, society, Anthropocene']",2593430.0
626,Britta Riley,[1284],1,2627396,"['design, cities, collaboration, food, TEDx, gardening']",2627396.0
627,Brittany K. Barnett,[85568],1,1733179,"['social change, creativity, potential, prison, justice system, equality, investing']",1733179.0
628,Brittany Packnett Cunningham,[41455],1,8377757,"['communication, community, personal growth, potential, society']",8377757.0
629,Brittany Young,[76223],1,1465111,"['science, technology, engineering, education, math, TED Fellows, kids']",1465111.0
630,Brittney Cooper,[2691],1,1100645,"['culture, social change, history, race, time, United States, humanity, society, identity, justice system, equality']",1100645.0
631,Bronwyn King,[20268],1,3354502,"['global issues, economics, social change, health, health care, cancer, public health, TEDx, money, finance, investing']",3354502.0
632,Brooke Bennett,[96515],1,1641510,"['health, health care, United States, illness, TEDx']",1641510.0
634,Bruce Bueno de Mesquita,[507],1,1189617,"['global issues, technology, war, math']",1189617.0
636,Bruce Friedrich,[41570],1,2489450,"['environment, sustainability, business, innovation, food, future, TED Fellows, agriculture']",2489450.0
637,Bruce Schneier,[1132],1,1052424,"['culture, global issues, technology, terrorism, TEDx']",1052424.0
638,Bruno Bowden + Rufus Cappadocia,[322],1,447793,"['entertainment, music, performance']",447793.0
639,Bruno Maisonnier,[1677],1,1490196,"['robots, TEDx']",1490196.0
640,Bruno Michel,[10364],1,11021,"['technology, future, AI, machine learning']",11021.0
641,Bruno Torturra,[2154],1,1363357,"['politics, media, activism, social media, Internet, journalism']",1363357.0
642,Bryan Kett,[26767],1,56376,"['science, entertainment, humanity, society']",56376.0
643,Bryan Kramer,[9505],1,105320,"['technology, self, social media']",105320.0
644,Bryan Stevenson,[1378],1,9126992,"['culture, global issues, race, law, crime, justice system, equality']",9126992.0
645,Bryan William Jones,[132181],1,82416,"['science, education, biology, brain, neuroscience']",82416.0
646,Bryce Dallas Howard,[92254],1,2380697,"['media, relationships, personal growth, self, family, social media, mindfulness']",2380697.0
648,Bunker Roy,[1248],1,4575451,"['culture, global issues, invention, education, women, india, international development']",4575451.0
649,Burt Rutan,[4],1,2609819,"['design, engineering, industrial design, invention, business, entrepreneur, flight, rocket science, space']",2609819.0
650,Burçin Mutlu-Pakdil,[20753],1,2716746,"['science, astronomy, universe, physics, space, TED Fellows, discovery']",2716746.0
651,Butterscotch,[61902],1,38335,"['music, performance']",38335.0
652,Buzz,[124189],1,96118,"['entertainment, music, performance']",96118.0
653,Béatrice Coron,[1257],1,1033329,"['creativity, art, storytelling']",1033329.0
654,C.K. Williams,[500],1,318043,"['culture, entertainment, storytelling, poetry, literature, writing, society']",318043.0
655,Cady Coleman,[52061],1,565378,"['science, technology, universe, exploration, space']",565378.0
656,Cai Guo-Qiang,[135242],1,782602,"['culture, technology, creativity, art, storytelling, AI']",782602.0
657,Caitlin Doughty,[2707],1,1420579,"['environment, sustainability, death, social change, animals, nature, pollution, potential, decision-making, humanity, public health, bacteria, society, family, TEDMED, ecology']",1420579.0
658,Caitlin Holman,[66033],1,57302,"['design, education, innovation, gaming']",57302.0
659,Caitlin Quattromani,[2876],1,1239221,"['politics, communication, society, TEDx, friendship']",1239221.0
660,Caitria + Morgan O'Neill,[1545],1,1010655,"['culture, collaboration, natural disaster, TEDx, weather']",1010655.0
661,Cal Newport,[13586],1,11689743,"['technology, work, mental health, social media, productivity']",11689743.0
662,Caleb Barlow,[2668],1,1809489,"['computers, crime, data, cyber security']",1809489.0
663,Cameron Herold,[887],1,1982274,"['business, entrepreneur, education, TEDx, money, teaching, kids']",1982274.0
664,Cameron Russell,[1647],1,41468800,"['culture, photography, beauty, fashion, TEDx']",41468800.0
666,Cameron Webb,[88834],1,1789088,"['climate change, environment, science, sustainability, technology, cities, urban planning, disease, health, animals, nature, insects, water, TEDx']",1789088.0
667,Camilla Arndal Andersen,[49440],1,3857764,"['science, food, health, biology, brain, neuroscience, human body']",3857764.0
668,Camille A. Brown,[23393],1,225540,"['entertainment, music, performance, art, dance, TED Fellows']",225540.0
670,Candace Parker,[86532],1,2920656,"['social change, activism, sports, motivation, personal growth, equality']",2920656.0
671,Candice Neveu,[119916],1,210434,"['education, future, personal growth, TEDx']",210434.0
672,Candis Watts Smith,[79766],1,2257572,"['politics, social change, history, race, United States, society, TEDx']",2257572.0
673,Candy Chang,[1553],1,6133316,"['cities, death, art, community, TED Fellows, public space']",6133316.0
674,Canwen Xu,[75605],1,3919805,[],3919805.0
675,Cara E. Yar Khan,[55027],1,2737289,"['health, storytelling, personal growth, self, humanity, fear']",2737289.0
676,Cara Greene Epstein,[72363],1,1352325,"['performance, creativity, art, history, theater, society, TEDx, pandemic, coronavirus']",1352325.0
677,Cara Hunter,[141557],1,450472,"['politics, technology, media, communication, AI, democracy, government, trust']",450472.0
678,Carey Kolaja,[5131],1,15547,"['technology, economics, identity, money, trust']",15547.0
679,Carin Bondar,[1945],1,2683051,"['animals, biology, sex']",2683051.0
680,Carina Morillo,[2740],1,798675,"['social change, art, communication, parenting, personal growth, family, TEDx, Autism spectrum disorder, TED en Español, kids']",798675.0
682,Carl Joshua Ncube,[57377],1,18167,"['culture, Africa, comedy']",18167.0
683,Carl June,[46528],1,2021798,"['science, innovation, disease, health, cancer, medicine, humanity, human body']",2021798.0
684,Carl Miller,[148421],1,800769,"['culture, humanity, society, crime, TEDx, Internet']",800769.0
686,Carl Schoonover,[1450],1,1022807,"['science, technology, engineering, biotech, art, cognitive science, biology, biomimicry, brain, TED Fellows, neuroscience, medical research, human body']",1022807.0
687,Carl Vause,[8425],1,5682,"['technology, innovation, robots, biology']",5682.0
688,Carla Harris,[29523],1,5171725,"['business, entrepreneur, leadership, success, work, personal growth, potential, women in business, goals']",5171725.0
689,Carlo Ratti,[1137],1,781979,"['technology, design, entertainment, cities']",781979.0
690,Carlos Bautista,[3574],1,1038400,"['software, innovation, communication, war, violence, South America, TED Residency']",1038400.0
691,Carlos M. Duarte,[86534],1,1801726,"['climate change, environment, science, nature, natural resources, Countdown, ocean']",1801726.0
692,Carlos Moreno,[66946],1,1578946,"['climate change, environment, cities, urban planning, innovation, social change, Countdown']",1578946.0
693,Carlos Rodríguez-Pastor,[117869],1,749628,"['business, education, social change, health care, community, public health, South America, infrastructure']",749628.0
694,Carmen Jiménez Borja,[15699],1,53131,"['education, language, TED en Español']",53131.0
695,Caro Verbeek,[36405],1,30548,"['culture, memory, art, history, smell']",30548.0
696,Carol Bruess,[43438],1,107022,"['love, relationships, communication, family, Life']",107022.0
697,Carol Dweck,[2156],1,17538264,"['business, education, psychology, personal growth, brain, TEDx']",17538264.0
698,Carol Fishman Cohen,[2469],1,3766539,"['culture, business, economics, success, work, personal growth, TEDx, work-life balance']",3766539.0
700,Carole K. Hooven,[134465],1,548481,"['culture, science, education, social change, health, gender, brain, kids']",548481.0
701,Caroline Casey,[1116],1,2483519,"['culture, business, activism']",2483519.0
702,Caroline Catlin,[74281],1,1438775,"['death, art, relationships, photography, personal growth, humanity, family, TEDx, emotions']",1438775.0
703,Caroline Harper,[14484],1,1457903,"['science, invention, disease, medicine, humanity, public health, society, sight, data, medical research, blindness, The Audacious Project']",1457903.0
704,Caroline Lavelle,[101],1,513195,"['entertainment, music, performance']",513195.0
705,Caroline Paul,[2704],1,2175495,"['education, social change, gender, community, parenting, personal growth, women, society, family, identity, fear, teaching, kids']",2175495.0
706,Caroline Phillips,[959],1,912125,"['culture, technology, music, performance, history']",912125.0
707,Caroline Winterer,[27220],1,45052,"['politics, social change']",45052.0
708,Carolyn Bertozzi,[2850],1,1677228,"['science, disease, health, cancer, biology, medicine, illness, chemistry, TEDx, medical research, human body']",1677228.0
709,Carolyn Freiwald,[73025],1,1756240,"['science, education, food, health, evolution, biology, history, TEDx, archaeology, human body']",1756240.0
710,Carolyn Jones,[2742],1,1563403,"['death, health, health care, cancer, community, medicine, personal growth, humanity, compassion, empathy, society, family, TEDMED']",1563403.0
712,Carolyn Steel,[650],1,1396390,"['culture, global issues, cities, food, ancient world']",1396390.0
713,Carrie Nugent,[2491],1,1533061,"['global issues, science, technology, collaboration, nature, astronomy, universe, physics, exploration, space, TED Books, TED Fellows, discovery, solar system, asteroid']",1533061.0
714,Carrie Poppy,[2702],1,2285378,"['science, death, health, storytelling, society, curiosity, fear, TEDx, sound']",2285378.0
715,Carson Bruns,[40949],1,762730,"['science, technology, innovation, health, biology, future, potential, TEDx, medical research, human body']",762730.0
716,Carter Emmart,[900],1,2110393,"['science, technology, art, astronomy, space']",2110393.0
717,Cary Fowler,[622],1,925874,"['climate change, environment, food, biodiversity, natural disaster, agriculture, ecology, plants, Anthropocene, gardening']",925874.0
718,Casey Brown,[2724],1,3902506,"['business, economics, entrepreneur, gender, work, personal growth, women, women in business, society, TEDx, finance, behavioral economics, goals, equality']",3902506.0
720,Cassie Flynn,[53502],1,6128,"['climate change, gaming, government']",6128.0
721,Catalina Lotero,[126567],1,535232,"['culture, design, art, future, history']",535232.0
722,Catarina Mota,[1692],1,1198815,"['science, technology, design, creativity, TED Fellows, manufacturing']",1198815.0
723,Cate Hall,[156830],1,717120,"['success, personal growth, decision-making, Life']",717120.0
724,Catherine Bracy,[1933],1,932446,"['software, cities, urban planning']",932446.0
725,Catherine Crump,[2149],1,2048494,"['TED Fellows, data, surveillance, online privacy']",2048494.0
727,Catherine Price,[95500],1,5765966,"['science, health, psychology, happiness, motivation, personal growth']",5765966.0
728,Cathie Wood,[121069],1,1186553,"['technology, business, economics, innovation, AI, money, finance, driverless cars']",1186553.0
729,Cathy Mulzer,[51101],1,2372075,"['science, technology, design, computers, innovation, future, chemistry']",2372075.0
730,Cathy O'Neil,[2845],1,1755439,"['technology, marketing, society, data, algorithm, equality']",1755439.0
731,Catie Cuan,[133460],1,486788,"['technology, innovation, robots, art, future, dance, AI, society']",486788.0
732,Cecile Richards,[30301],1,1889791,"['politics, social change, gender, history, activism, leadership, women, government, feminism, equality']",1889791.0
733,Cecilia Aragon,[88120],1,1919375,"['education, creativity, storytelling, community, literature, writing, Internet, youth']",1919375.0
734,Cecilia Guan,[101720],1,16676,"['politics, education, psychology, Buddhism, Life']",16676.0
735,Cecilia M. Orphan,[111731],1,1326795,"['education, future, United States, TEDx, inclusion']",1326795.0
736,Cedric Habiyaremye,[68078],1,1494601,"['global issues, technology, social change, food, health, poverty, society, agriculture, farming']",1494601.0
737,Cedrik Neike,[121580],1,644010,"['climate change, sustainability, technology, engineering, industrial design, AI, Countdown, metaverse']",644010.0
738,Celeste Headlee,[2435],1,32087884,"['interview, communication, language, personal growth, TEDx']",32087884.0
739,Celina de Sola,[91521],1,1692617,"['social change, health, community, violence, mental health, society, youth, South America, resources, The Audacious Project']",1692617.0
741,Cesar Kuriyama,[1663],1,2122835,"['memory, art, film, Internet']",2122835.0
742,Chad Frischmann,[27793],1,2451715,"['climate change, global issues, science, sustainability, biosphere, education, social change, food, nature, energy, pollution, potential, policy, Anthropocene, electricity']",2451715.0
743,Chad Jenkins,[1875],1,1292385,"['culture, technology, TEDx, disability']",1292385.0
744,Chade-Meng Tan,[1113],1,1115450,"['culture, business']",1115450.0
745,Chance Coughenour,[2854],1,1042593,"['culture, technology, history, terrorism, war, photography, museums, ancient world, TEDx, conservation, archaeology']",1042593.0
746,Chanda Prescod-Weinstein,[94637],1,1989406,"['science, technology, astronomy, universe, physics, visualizations, space, dark matter, telescopes, astrobiology']",1989406.0
747,Changhua Wu,[116407],1,814045,"['climate change, social change, china, policy, Countdown, renewable energy, international relations']",814045.0
748,Channing Gerard Joseph,[102334],1,1543821,"['education, social change, history, activism, United States, identity, Slavery, LGBTQIA+']",1543821.0
749,Chantale Zuzi Leader,[126763],1,516308,"['social change, community, war, violence, refugees, human rights']",516308.0
750,Charity Tillemann-Dick,[1055],1,635268,"['science, technology, music, performance, health care, medicine']",635268.0
751,Charity Wayua,[2653],1,1186201,"['business, economics, collaboration, innovation, health, Africa, cancer, communication, potential, society, government, international development, goals, investing']",1186201.0
752,Charlene Li,[9503],1,186814,"['innovation, leadership, decision-making']",186814.0
753,Charles Anderson,[715],1,651099,"['science, biology, biodiversity, insects, birds, india, ecology']",651099.0
754,Charles C. Daniels,[90162],1,2180829,"['social change, love, relationships, communication, community, parenting, personal growth, family']",2180829.0
755,Charles C. Mann,[22628],1,3131840,"['climate change, environment, global issues, science, sustainability, technology, social change, nature, future, society, Anthropocene']",3131840.0
756,Charles Duhigg,[146850],1,1219796,"['science, communication, personal growth, TEDx']",1219796.0
757,Charles Fleischer,[738],1,1163710,"['science, astronomy, comedy, humor, maps']",1163710.0
758,Charles Hazlewood,[1240],1,601959,"['culture, entertainment, music, performance, collaboration, conducting, trust']",601959.0
759,Charles Hazlewood + British Paraorchestra,[1325],1,125678,"['global issues, entertainment, performance, TEDx, disability']",125678.0
762,Charles M. Blow,[121119],1,643241,"['politics, social change, race, United States, democracy, government']",643241.0
763,Charles Moore,[470],1,1524000,"['environment, science, business, plastic, ocean']",1524000.0
764,Charles P. Smith,[60581],1,2196415,"['military, social change, mental health, suicide, data, PTSD']",2196415.0
765,Charles Robertson,[1851],1,1339200,"['global issues, business, economics, Africa']",1339200.0
766,Charlie Jane Anders,[60752],1,4323081,"['creativity, future, storytelling, writing, society, science fiction']",4323081.0
767,Charlie Puth,[85905],1,48099,"['music, performance, Countdown']",48099.0
768,Charlie Todd,[1269],1,3326849,"['culture, entertainment, community, comedy, humor, TEDx']",3326849.0
769,Charlotte Degot,[81963],1,1712727,"['climate change, global issues, business, statistics, humanity']",1712727.0
770,Charly Haversat,[18802],1,332105,"['business, work, society']",332105.0
772,Chelsea Shields,[2372],1,1573115,"['community, religion, activism, personal growth, women, society, identity, TED Fellows, feminism, equality']",1573115.0
773,Chen Qiufan,[79878],1,2316719,"['science, future, AI, humanity, society, science fiction']",2316719.0
774,Chera Kowalski,[15289],1,1335589,"['social change, disease, health, community, library, public health, society, addiction, drugs']",1335589.0
775,Cheryl Hayashi,[1296],1,970185,"['science, technology, engineering, industrial design, biotech, nature, biology, biomimicry, physics, insects, Internet']",970185.0
776,Cheryl Holder,[63401],1,356172,"['climate change, global issues, social change, health, health care, community, activism, poverty, humanity, TEDMED, human rights']",356172.0
777,Chetan Bhatt,[2864],1,1481950,"['social change, community, religion, race, personal growth, humanity, society, identity, TEDx, india, equality']",1481950.0
778,Chetna Gala Sinha,[20475],1,1731468,"['economics, entrepreneur, collaboration, social change, community, activism, women, finance, india']",1731468.0
779,Cheyenne Cochrane,[2803],1,1521982,"['social change, race, women, society, beauty, identity, fashion, TEDx, equality']",1521982.0
780,Chezare A. Warren,[128351],1,526077,"['education, social change, communication, race, empathy, TED-Ed, teaching']",526077.0
781,Chibeze Ezekiel,[82179],1,1006843,"['climate change, environment, sustainability, Africa, energy, Countdown']",1006843.0
782,Chieh Huang,[27622],1,2473273,"['business, leadership, happiness, success, work, motivation, personal growth, potential, trust']",2473273.0
783,Chieko Asakawa,[2383],1,1520686,"['technology, invention, software, innovation, future, communication, demo, AI, sight, data, blindness, UX design']",1520686.0
784,Chika Esiobu,[2891],1,1342058,"['culture, education, social change, Africa, creativity, society, agriculture, policy']",1342058.0
785,Chika Okoro,[39236],1,1259072,"['global issues, business, race, beauty, equality']",1259072.0
786,Chiki Sarkar,[30296],1,1687646,"['culture, technology, entrepreneur, creativity, future, storytelling, writing, india']",1687646.0
787,Children of Palau,[83531],1,261427,"['climate change, environment, sustainability, pollution, coral reefs, Countdown, kids, ocean']",261427.0
789,Chin-Teng Lin,[141561],1,377173,"['science, technology, computers, brain, AI, neuroscience, machine learning']",377173.0
790,Chinaka Hodge,[2649],1,1305356,"['media, performance, death, social change, gender, future, history, poetry, parenting, women, violence, humanity, identity, social media, kids, equality']",1305356.0
791,Chip Colwell,[22752],1,1595030,"['culture, art, history, United States, museums, TEDx, conservation, archaeology, indigenous peoples']",1595030.0
794,Chitra Aiyar,[41904],1,85635,"['education, diversity, inclusion']",85635.0
795,Chloé Hayden,[155707],1,361345,"['media, social change, personal growth, identity, TEDx, Autism spectrum disorder, diversity, inclusion, TV']",361345.0
796,Chloé Valdary,[65068],1,1899028,"['social change, love, relationships, storytelling, personal growth, self, humanity, compassion']",1899028.0
799,Chris Bangle,[5],1,1049134,"['technology, design, industrial design, invention, business, transportation, art']",1049134.0
800,Chris Bennett,[82557],1,1920335,"['technology, education, community, parenting, teaching, kids']",1920335.0
801,Chris Bliss,[1365],1,812095,"['entertainment, communication, language, comedy, literature, humor, TEDx']",812095.0
802,Chris Burkard,[2255],1,2327469,"['creativity, photography, travel, Antarctica, ocean']",2327469.0
803,Chris Byrne,[141215],1,659494,"['culture, entertainment, history, personal growth, gaming, kids, toys']",659494.0
804,Chris Domas,[2035],1,1163771,"['technology, software, terrorism, war, TEDx, code']",1163771.0
805,Chris Downey,[1863],1,1165954,"['design, urban planning, agriculture, sight, blindness']",1165954.0
806,Chris Duffy,[135443],1,741191,"['storytelling, personal growth, comedy, humor, society, kids']",741191.0
808,Chris Gerdes,[1506],1,848937,"['technology, transportation, future, TEDx, driverless cars']",848937.0
809,Chris Hadfield,[1951],1,12469936,"['culture, performance, space, fear']",12469936.0
810,Chris Jordan,[279],1,2152539,"['culture, business, art, statistics, photography, beauty, plastic']",2152539.0
811,Chris Kluwe,[2007],1,1373089,"['technology, sports, virtual reality']",1373089.0
812,Chris McKnett,[1927],1,1299538,"['sustainability, business, finance, investing']",1299538.0
814,Chris Nowinski,[10266],1,1257011,"['science, education, social change, health, activism, sports, brain, TEDx, human body']",1257011.0
815,Chris Sheldrick,[3366],1,1653999,"['technology, software, collaboration, communication, society, infrastructure, international development']",1653999.0
816,Chris Urmson,[2291],1,2821945,"['technology, transportation, driverless cars']",2821945.0
817,Chris Vogtherr,[18808],1,11182,"['activism, work, fashion']",11182.0
818,Christen Reighter,[3365],1,4149093,"['social change, parenting, women, society, family, identity, TEDx, kids']",4149093.0
819,Christer Mjåset,[44373],1,2559243,"['health care, medicine, TEDx, Surgery']",2559243.0
820,Christi Gendron,[129397],1,589473,"['science, death, health, aging, neuroscience, TEDx, Life']",589473.0
821,Christian Bailey,[29702],1,10607,"['technology, design, invention, flight, transportation']",10607.0
822,Christian Benimana,[6496],1,1102586,"['climate change, design, engineering, architecture, collaboration, education, innovation, social change, Africa, creativity, future, community, society, public space']",1102586.0
823,Christian Happi,[62738],1,1934806,"['science, technology, disease, public health, virus, medical research, pandemic, The Audacious Project, coronavirus']",1934806.0
824,Christian Picciolini,[8298],1,4655042,"['social change, activism, race, United States, personal growth, violence, humanity, compassion, society, identity, TEDx']",4655042.0
825,Christian Schröter,[8429],1,3692,"['technology, disease, health care, communication, medicine, poverty, international development']",3692.0
826,Christian Wickert,[8426],1,29485,"['business, creativity, literature']",29485.0
828,Christiane Amanpour,[3012],1,1788002,"['global issues, politics, communication, war, leadership, democracy, social media, government, journalism, algorithm']",1788002.0
829,Christiane-Marie Abu Sarah,[66088],1,1837587,"['politics, history, terrorism, violence, society, TEDx']",1837587.0
830,Christien Meindertsma,[960],1,1396652,"['design, engineering, business, food, consumerism, product design, medicine, books']",1396652.0
831,Christina Agapakis,[65030],1,1976471,"['science, technology, engineering, innovation, nature, art, biology']",1976471.0
832,Christina Balch,[19048],1,26691,"['technology, society, social media']",26691.0
833,Christina Costa,[84216],1,3077106,"['health, cancer, psychology, personal growth, brain, neuroscience, TEDx']",3077106.0
834,Christina Tosi,[88515],1,1934378,"['food, creativity, happiness, motivation, personal growth']",1934378.0
835,Christina Wallace,[20083],1,2735459,"['love, relationships, personal growth, identity']",2735459.0
836,Christina Warinner,[1425],1,790699,"['science, genetics, innovation, disease, food, health, evolution, biology, history, medicine, anthropology, paleontology, ancient world, bacteria, TED Fellows']",790699.0
838,Christine Carter,[70789],1,3049375,"['psychology, motivation, personal growth, decision-making, TEDx, exercise, goals']",3049375.0
839,Christine Porath,[25595],1,4080145,"['science, business, psychology, leadership, success, work, motivation, personal growth, productivity, TEDx']",4080145.0
840,Christine Schuler Deschryver,[125285],1,619887,"['entrepreneur, Africa, gender, women, women in business, mental health, sexual violence']",619887.0
841,Christine Sun Kim,[2357],1,2336541,"['music, art, communication, language, TED Fellows, sound']",2336541.0
842,Christine Thach,[12811],1,8573,"['business, community, refugees']",8573.0
843,Christoph Adami,[1237],1,676487,"['science, evolution, biology, bacteria, TEDx']",676487.0
844,Christoph Keplinger,[37986],1,609892,"['science, technology, design, engineering, invention, innovation, robots, nature, future, prosthetics, TEDx, human body']",609892.0
845,Christoph Niemann,[20089],1,3233183,"['culture, design, creativity, art, communication, humanity, humor, empathy, beauty']",3233183.0
846,"Christopher ""moot"" Poole",[874],1,1838454,"['culture, computers, collaboration, activism, law, Internet, government']",1838454.0
847,Christopher Ategeka,[6594],1,1095887,"['Africa, parenting, personal growth, humanity, society, family, TED Fellows, kids']",1095887.0
848,Christopher Bahl,[52466],1,1918164,"['science, technology, software, disease, health, health care, medicine, TED Fellows']",1918164.0
850,Christopher C. Deam,[503],1,351568,"['design, engineering, transportation, creativity, exploration']",351568.0
851,Christopher Emdin,[1965],1,2845170,"['science, education, innovation, social change, storytelling, religion, magic, teaching, public speaking']",2845170.0
852,Christopher McDougall,[1067],1,4204880,"['science, entertainment, health, sports, TEDx, journalism']",4204880.0
853,Christopher Robichaud,[21925],1,54815,"['entertainment, education, philosophy, gaming, teaching']",54815.0
854,Christopher Ryan,[1931],1,2389308,"['culture, relationships, sex']",2389308.0
856,Christopher deCharms,[236],1,2196162,"['science, technology, business, biology, medicine, demo, brain, visualizations']",2196162.0
857,Christy L. Haynes,[125287],1,524739,"['environment, science, sustainability, food, nature, biology, chemistry, TEDx, agriculture, farming, plants']",524739.0
858,Chrystia Freeland,[1791],1,2403234,"['global issues, business, economics, money, equality']",2403234.0
859,Chrystina Russell,[64548],1,569189,"['global issues, education, Africa, refugees, teaching, The Audacious Project']",569189.0
860,Chuck Murry,[37746],1,2062990,"['technology, health, biology, medicine, humanity, TEDx, medical research, human body, heart']",2062990.0
861,Chuck Nice,[10807],1,1091854,"['technology, computers, communication, comedy, AI, social media']",1091854.0
862,Chuck Plunkett,[59971],1,3227629,"['media, social change, society, democracy, TEDx, journalism']",3227629.0
863,Cindy Gallop,[49324],1,2809024,"['technology, media, sex, Internet']",2809024.0
864,Cindy Kam,[147982],1,370098,"['culture, politics, disease, health, psychology, society, TEDx, emotions']",370098.0
865,Cirque du Soleil,[50640],1,474275,"['science, creativity, art, brain, humanity, neuroscience']",474275.0
866,Claire Malone,[79424],1,2038380,"['science, universe, physics, space, dark matter, TEDx, disability']",2038380.0
867,Claire Wardle,[49221],1,2122834,"['technology, social change, activism, society, social media, Internet']",2122834.0
868,Clara Sousa-Silva,[80056],1,1982532,"['science, innovation, future, universe, space, microbiology, microbes, aliens']",1982532.0
869,Clarice Phelps,[59202],1,45138,"['science, race, women, identity, chemistry']",45138.0
870,Claron McFadden,[1105],1,483471,"['entertainment, music, performance, creativity, TEDx']",483471.0
871,Claudia Miner,[45972],1,2391437,"['technology, education, parenting, teaching, The Audacious Project, kids']",2391437.0
873,Clemantine Wamariya,[13834],1,1153449,"['Africa, humanity, society, family, refugees']",1153449.0
874,Clementine Jacoby,[100543],1,1498062,"['social change, United States, crime, prison, TED Fellows, data, justice system']",1498062.0
875,Cleo Wade,[8947],1,3734443,"['social change, creativity, art, relationships, storytelling, communication, poetry, language, motivation, personal growth, potential, spoken word, humanity, writing, society, identity, goals']",3734443.0
876,Cliff Kapono,[138090],1,447310,"['environment, science, technology, DNA, data, indigenous peoples']",447310.0
877,Clifford Stoll,[237],1,3400764,"['culture, science, technology, education, Internet']",3400764.0
878,Climate Action Tracker,[80768],1,494270,"['climate change, environment, science, sustainability, energy, Countdown']",494270.0
879,Climbing PoeTree,[41908],1,16207,"['music, performance, spoken word']",16207.0
880,Clint Brewer,[126570],1,570310,"['global issues, politics, social change, communication, community, activism, United States, democracy, government']",570310.0
882,Clive Loseby,[101747],1,1027422,"['technology, design, TEDx, Internet, disability']",1027422.0
883,Clover Hogan,[78378],1,1993964,"['climate change, environment, activism, personal growth, TEDx']",1993964.0
884,Coby Everton,[55319],1,19026,"['education, social change, compassion, teaching, LGBTQIA+']",19026.0
885,Cohen Bradley,[109176],1,1078613,"['social change, history, storytelling, personal growth, indigenous peoples']",1078613.0
886,Coleman Hughes,[115854],1,1071118,"['social change, history, race, United States, personal growth, society, identity, policy, equality']",1071118.0
887,Colette Pichon Battle,[56012],1,3710021,"['climate change, environment, global issues, cities, social change, community, activism, humanity, society, human rights']",3710021.0
888,Colin Averill,[101984],1,1742122,"['climate change, science, sustainability, nature, biology, biodiversity, microbiology, trees, microbes, natural resources, fungi, Countdown']",1742122.0
889,Colin Camerer,[1701],1,1622756,"['economics, primates, decision-making, neuroscience, TEDx, behavioral economics']",1622756.0
890,Colin Grant,[2074],1,969935,"['culture, history, storytelling, parenting, society, family, identity, TEDx, kids']",969935.0
891,Colin Powell,[1649],1,1809668,"['culture, education, parenting, TEDx, youth, teaching, kids']",1809668.0
892,Colin Stokes,[1650],1,6311837,"['culture, film, parenting, identity, TEDx']",6311837.0
893,Colombe Cahen-Salvador,[66820],1,1623129,"['global issues, politics, social change, activism, democracy, government']",1623129.0
894,Conor Russomanno,[114470],1,1493794,"['science, technology, invention, biotech, health, psychology, brain, neuroscience, disability']",1493794.0
895,Conrad Wolfram,[1007],1,1860745,"['technology, computers, education, math, code']",1860745.0
896,Constance Hockaday,[102331],1,1532718,"['art, leadership, personal growth, self, TED Fellows']",1532718.0
897,Cordae,[93274],1,5136192,"['culture, music, creativity, storytelling, motivation, personal growth, goals']",5136192.0
898,Corneille Ewango,[299],1,536822,"['Africa, animals, activism, war, biodiversity, trees, ecology']",536822.0
899,Cornelia Geppert,[53602],1,2431204,"['technology, entertainment, art, personal growth, gaming, humanity, depression, mental health']",2431204.0
900,Cosmin Mihaiu,[2257],1,1627696,"['software, health, demo, gaming, TED Fellows, exercise']",1627696.0
901,Countdown,[94839],1,21049,"['climate change, environment, sustainability, Countdown']",21049.0
904,Coya Paz Brownrigg,[83111],1,1790969,"['culture, death, social change, history, storytelling, anthropology, personal growth, society, TEDx']",1790969.0
905,Craig Costello,[50956],1,2321483,"['science, technology, invention, computers, innovation, future, physics, math, TEDx, data, encryption, quantum']",2321483.0
906,Craig Richard,[93273],1,2153000,"['science, brain, mental health, neuroscience, TEDx, Internet, sleep']",2153000.0
908,Crispin Thurlow,[121937],1,749712,"['culture, language, personal growth, sociology, TEDx, money']",749712.0
909,Cristina Domenech,[2163],1,844486,"['creativity, poetry, language, crime, prison, TEDx, TED en Español']",844486.0
910,Cristina Junqueira,[97979],1,39505,"['technology, business, entrepreneur, social change, money, finance, investing']",39505.0
911,Crush Club,[35945],1,188659,"['music, performance']",188659.0
912,Crystal Martin,[5392],1,50666,"['technology, gender, communication, work, women, women in business']",50666.0
913,Crystal Rasmussen,[78005],1,1674249,"['social change, personal growth, humanity, mental health, society, TEDx, LGBTQIA+']",1674249.0
914,"Curtis ""Wall Street"" Carroll",[2741],1,6755577,"['business, economics, communication, motivation, potential, society, prison, TEDx, finance, capitalism, teaching, justice system, goals, investing']",6755577.0
915,Curtis Austin,[59779],1,1276922,"['social change, history, race, identity, equality']",1276922.0
916,Cyndi Stivers,[3625],1,1395364,"['culture, entertainment, media, creativity, future, storytelling, parenting, work, writing, family, television']",1395364.0
917,Cynthia Breazeal,[1070],1,1318099,"['technology, design, business, entertainment, robots, communication, AI, body language']",1318099.0
918,Cynthia Kenyon,[1274],1,1156459,"['science, technology, DNA, biotech, genetics, innovation, biology, aging, medicine, medical research, synthetic biology']",1156459.0
919,Cynthia Ma Shwe Sin Win,[19042],1,68107,"['culture, work, society']",68107.0
920,Cynthia Ong,[97537],1,67582,"['love, relationships, language, personal growth, Life']",67582.0
921,Cynthia Schneider,[684],1,633392,"['culture, global issues, politics, entertainment, poetry']",633392.0
922,Cynthia Williams,[120097],1,722440,"['climate change, sustainability, technology, business, transportation, innovation, electricity, Countdown']",722440.0
923,Cédric Villani,[2518],1,2250444,"['collaboration, education, innovation, nature, history, statistics, visualizations, math']",2250444.0
926,D-L Stewart,[64824],1,1913440,"['social change, gender, history, race, TEDx, Transgender']",1913440.0
927,DK Osseo-Asare,[20365],1,1367933,"['technology, invention, computers, collaboration, innovation, Africa, creativity, product design, TED Fellows']",1367933.0
928,Daan Roosegaarde,[2855],1,1223626,"['environment, sustainability, technology, design, invention, architecture, cities, innovation, creativity, art, future, product design, public space']",1223626.0
929,Dale Dougherty,[1065],1,891433,"['technology, design, computers, media, cities, collaboration, innovation, drones, curiosity, manufacturing, cyber security']",891433.0
931,Dallas Taylor,[65390],1,3651179,"['music, performance, art, sound, hearing']",3651179.0
933,Dame Ellen MacArthur,[2292],1,2301372,"['environment, economics, ocean']",2301372.0
934,Dame Stephanie Shirley,[2223],1,2319948,"['technology, entrepreneur, software, philanthropy, women, women in business']",2319948.0
935,Dame Vivian Hunt,[66939],1,1635458,"['business, economics, social change, activism, capitalism']",1635458.0
936,Damian Palin,[1470],1,1035708,"['environment, science, sustainability, technology, biotech, innovation, biology, water, bacteria, chemistry, TED Fellows, natural resources, ocean']",1035708.0
937,Damien Riehl,[89909],1,1849937,"['technology, music, creativity, art, law, TEDx, Internet']",1849937.0
939,Damon Gameau,[108175],1,1309728,"['climate change, environment, sustainability, social change, animals, nature, history, storytelling, TEDx, ecology']",1309728.0
942,Dan Barasch,[2078],1,1000620,"['architecture, cities, United States']",1000620.0
943,Dan Barber,[790],1,2623502,"['environment, food, health, biology, agriculture']",2623502.0
944,Dan Bell,[2713],1,2307165,"['cities, social change, art, community, film, exploration, TEDx, capitalism, public space']",2307165.0
945,Dan Berkenstock,[1919],1,918074,"['technology, space, maps']",918074.0
946,Dan Bricklin,[2664],1,1614122,"['technology, design, invention, business, computers, collaboration, innovation, history, product design, work, potential, visualizations, math, productivity, TEDx, data, code, discovery']",1614122.0
947,Dan Buettner,[727],1,4836299,"['culture, science, food, health, biology, exploration, TEDx']",4836299.0
948,Dan Cobley,[941],1,1753873,"['business, marketing, physics, math']",1753873.0
950,Dan Finkel,[30988],1,1604033,"['education, math, teaching']",1604033.0
951,Dan Gartenberg,[3686],1,5373118,"['science, technology, memory, health, brain, sleep, TED Residency, human body']",5373118.0
952,Dan Gibson,[19740],1,1579066,"['science, technology, design, DNA, biotech, genetics, disease, biology, future, medicine, humanity, public health, society, Vaccines']",1579066.0
954,Dan Goods,[77146],1,1337714,"['technology, engineering, invention, NASA, innovation, TEDx, pandemic, coronavirus']",1337714.0
955,Dan Gross,[2472],1,1402693,"['social change, future, marketing, communication, community, activism, parenting, decision-making, violence, law, government, policy, kids, goals']",1402693.0
956,Dan Harris,[95723],1,4253014,"['relationships, storytelling, personal growth, humor, meditation, mindfulness']",4253014.0
957,Dan Jørgensen,[87645],1,1938807,"['climate change, science, sustainability, technology, energy, wind energy, electricity, Countdown, renewable energy']",1938807.0
958,Dan Knights,[19535],1,1567333,"['science, health, biology, medicine, biodiversity, visualizations, microbiology, data, TEDMED']",1567333.0
959,Dan Meyer,[855],1,3081908,"['education, math, TEDx, teaching, kids']",3081908.0
960,Dan Pacholke,[2057],1,1004279,"['culture, global issues, social change, crime, prison, TEDx, justice system']",1004279.0
962,Dan Phillips,[1015],1,1412114,"['sustainability, technology, design, architecture, cities, creativity, TEDx']",1412114.0
963,Dan Pink,[618],1,31923876,"['science, business, social change, creativity, work, motivation, brain']",31923876.0
964,Dan Reisel,[1946],1,1089792,"['culture, global issues, science, cognitive science, psychology, brain, empathy, crime, prison, neuroscience, behavioral economics, ethics']",1089792.0
965,Dan Schulman,[63728],1,446229,"['business, economics, work, money, finance, capitalism']",446229.0
966,Dan Taberski,[148423],1,317583,"['culture, psychology, history, storytelling, communication, community, illness, society']",317583.0
967,Dan Walker,[8427],1,5081,"['technology, innovation, 3D printing, electricity']",5081.0
968,Dan Widmaier,[95708],1,1995308,"['environment, science, sustainability, innovation, pollution, fashion, fungi, Countdown']",1995308.0
969,Dana Cowin,[26920],1,37964,"['sustainability, social change, food, conservation, farming']",37964.0
970,Dana Gunders,[136665],1,499503,"['climate change, environment, global issues, food, humanity, Countdown']",499503.0
971,Dana Kanze,[30161],1,2151916,"['business, entrepreneur, gender, women, women in business, TEDx, money, investing']",2151916.0
972,Dana R. Fisher,[140640],1,494091,"['climate change, environment, social change, community, activism, natural disaster, sociology, Countdown']",494091.0
973,Danae Wolfe,[31691],1,58258,"['science, art, insects, conservation, ecology']",58258.0
974,Daniel Alexander Jones,[65069],1,426148,"['performance, community, theater, personal growth, TED Fellows, vulnerability']",426148.0
975,Daniel Bögre Udell,[51105],1,2330512,"['culture, education, community, language, humanity, TED Residency, indigenous peoples']",2330512.0
976,Daniel Goldstein,[1310],1,2888205,"['culture, business, economics, decision-making, self, finance, behavioral economics']",2888205.0
977,Daniel Goleman,[200],1,3034739,"['psychology, community, brain, compassion, empathy']",3034739.0
978,Daniel H. Cohen,[1805],1,1976046,"['culture, philosophy, language, TEDx']",1976046.0
979,Daniel Hallak,[138979],1,531825,"['business, relationships, communication, TEDx, trust']",531825.0
980,Daniel J. Watts,[75973],1,459195,"['performance, art, storytelling, dance, work, personal growth, productivity, TEDx, pandemic, work-life balance, coronavirus']",459195.0
981,Daniel Kahneman,[779],1,7321633,"['culture, science, economics, psychology, philosophy, happiness, brain']",7321633.0
982,Daniel Kish,[2224],1,1786424,"['fear, disability, blindness']",1786424.0
984,Daniel Krawczyk,[53156],1,72829,"['culture, psychology, biology, decision-making']",72829.0
985,Daniel Levitin,[2361],1,25770010,"['memory, health, cognitive science, medicine, brain, mental health, neuroscience']",25770010.0
986,Daniel Libeskind,[589],1,1139750,"['technology, design, architecture, cities, creativity']",1139750.0
987,Daniel Lismore,[42946],1,504159,"['culture, design, creativity, art, beauty, identity, fashion']",504159.0
988,Daniel Lubetzky,[130299],1,1130606,"['global issues, business, education, social change, communication, community, activism, personal growth, humanity']",1130606.0
989,Daniel Molina,[15707],1,226636,"['self, society, identity, TED en Español']",226636.0
990,Daniel Pauly,[1373],1,296330,"['climate change, environment, science, animals, fish, future, pollution, biodiversity, data, Mission Blue, conservation, ecology, marine biology, ocean']",296330.0
991,Daniel Sachau,[96613],1,216512,"['psychology, happiness, money, finance, Life']",216512.0
992,Daniel Schnitzer,[1406],1,414901,"['global issues, sustainability, technology, poverty, TEDx, renewable energy']",414901.0
993,Daniel Sherling,[31244],1,14503,"['science, education, curiosity, kids']",14503.0
994,Daniel Streicker,[50853],1,2259015,"['science, disease, health, biology, medicine, illness, public health, Vaccines, virus, pandemic, ebola, TEDMED']",2259015.0
995,Daniel Suarez,[1766],1,1981719,"['technology, entertainment, robots, war, drones, writing']",1981719.0
996,Daniel Susskind,[9951],1,1718598,"['economics, computers, innovation, future, work, AI, society, algorithm']",1718598.0
997,Daniel Tammet,[1175],1,2591398,"['culture, brain']",2591398.0
998,Daniel Wolpert,[1261],1,2248929,"['science, engineering, robots, cognitive science, evolution, biology, brain, decision-making, consciousness, AI, math, neuroscience']",2248929.0
999,Daniel Zavala-Araiza,[148015],1,571779,"['climate change, environment, science, technology, pollution, Countdown']",571779.0
1000,Daniela Rus,[129088],1,903838,"['science, technology, innovation, future, AI, machine learning']",903838.0
1001,Daniela Zamudio,[8147],1,40566,"['business, leadership, decision-making, self, society']",40566.0
1002,Daniele Quercia,[2162],1,2946949,"['technology, design, cities, happiness, maps']",2946949.0
1003,Daniella Ballou-Aares,[126391],1,614840,"['politics, business, social change, leadership, democracy, government, policy']",614840.0
1004,Danielle Butcher Franz,[141067],1,391355,"['environment, politics, innovation, conservation, Countdown']",391355.0
1005,Danielle Citron,[48532],1,3597057,"['technology, computers, media, AI, humanity, democracy, social media, Internet, machine learning, online privacy']",3597057.0
1006,Danielle Feinberg,[2466],1,3456000,"['science, technology, design, computers, entertainment, art, film, visualizations, magic, beauty, code']",3456000.0
1007,Danielle N. Lee,[39584],1,2084682,"['science, education, biology, race, sex, TED Fellows']",2084682.0
1008,Danielle R. Moss,[32412],1,2078409,"['education, success, motivation, personal growth, potential, kids']",2078409.0
1009,Danielle Torley,[67429],1,1652504,"['death, personal growth, self, humanity, fear']",1652504.0
1010,Danielle Wood,[9473],1,1470747,"['science, technology, innovation, exploration, space, humanity, society']",1470747.0
1011,Danielle de Niese,[1235],1,930813,"['entertainment, creativity, theater, sex']",930813.0
1012,Danit Peleg,[2388],1,2094765,"['design, engineering, invention, business, art, future, fashion, shopping, 3D printing, manufacturing']",2094765.0
1013,Dannagal G. Young,[66614],1,2070093,"['politics, media, psychology, communication, society, identity, democracy, journalism']",2070093.0
1014,Danny Dorling,[2591],1,1735978,"['economics, visualizations, humanity, TEDx, data, international development, maps']",1735978.0
1016,Dao Nguyen,[6234],1,1677680,"['culture, entertainment, media, creativity, communication, social media, Internet, data']",1677680.0
1017,Daphne Bavelier,[1618],1,9123715,"['education, brain, gaming, TEDx']",9123715.0
1018,Daphne Halikiopoulou,[160067],1,292076,"['politics, economics, leadership, society, Europe, immigration']",292076.0
1019,Daphne Koller,[1531],1,3011065,"['global issues, computers, education, Internet, code']",3011065.0
1020,Daria van den Bercken,[2100],1,1091619,"['entertainment, music, performance']",1091619.0
1021,Darieth Chisolm,[25727],1,1895519,"['social change, activism, women, law, society, crime, TEDx, Internet, justice system']",1895519.0
1022,Dario Gil,[5132],1,38283,"['business, collaboration, work, AI, humanity, machine learning']",38283.0
1023,Darren Walker,[65046],1,277898,"['culture, social change, art, philanthropy, society, capitalism, inclusion, equality']",277898.0
1024,Darria Long,[63172],1,3099383,"['psychology, personal growth, family, TEDx, work-life balance']",3099383.0
1025,Darrick Hamilton,[28318],1,1693562,"['global issues, economics, social change, future, poverty, society, money, government, policy, international development, equality']",1693562.0
1026,Darya Shaikh,[147980],1,428215,"['sustainability, collaboration, relationships, communication, community, Countdown']",428215.0
1027,Dasha Navalnaya,[119023],1,1286710,"['politics, corruption, social change, activism, war, democracy, human rights, protest']",1286710.0
1028,Dave Brain,[2545],1,2076063,"['science, future, universe, exploration, water, Planets, microbiology, TEDx, data, discovery, Mars, astrobiology, aliens']",2076063.0
1029,Dave Clark,[66945],1,1573334,"['climate change, environment, sustainability, business, leadership, Countdown']",1573334.0
1030,Dave Eggers,[233],1,1796582,"['culture, global issues, design, entertainment, collaboration, education, activism, TED Prize, writing, teaching, kids']",1796582.0
1031,Dave Isay,[2222],1,2671193,"['history, storytelling, TED Prize, United States, journalism']",2671193.0
1032,Dave Matthews,[86287],1,37330,"['music, performance, Countdown']",37330.0
1033,Dave Meslin,[1119],1,2089785,"['culture, global issues, politics, collaboration, community, TEDx']",2089785.0
1034,Dave Raggio,[140321],1,506205,"['business, entrepreneur, collaboration, innovation, product design, leadership']",506205.0
1035,Dave Sivaprasad,[109786],1,1155683,"['climate change, environment, science, social change, community, government, policy, Countdown']",1155683.0
1036,Dave Troy,[2150],1,1394076,"['culture, cities, visualizations, social media']",1394076.0
1037,Dave deBronkart,[1181],1,749264,"['culture, science, technology, collaboration, health care, TEDx, data']",749264.0
1038,Davey Vaughn,[12818],1,7334,"['music, performance']",7334.0
1039,David Agus,[761],1,898257,"['technology, health, health care, cancer, medicine']",898257.0
1040,David Anderson,[1689],1,1661826,"['brain, insects, mental health, neuroscience, TEDx']",1661826.0
1041,David Andrew Quist,[103713],1,1675642,"['environment, science, sustainability, technology, innovation, food, humanity, TEDx, fungi']",1675642.0
1042,David Asch,[50855],1,3492732,"['health, health care, psychology, motivation, decision-making, humanity, behavioral economics, TEDMED']",3492732.0
1043,David Autor,[2655],1,2026302,"['technology, business, economics, collaboration, innovation, social change, history, work, humanity, society, productivity, TEDx, agriculture, behavioral economics, farming, manufacturing']",2026302.0
1044,David Baker,[43407],1,2238125,"['science, technology, nature, biology, future, synthetic biology, The Audacious Project']",2238125.0
1045,David Baron,[2849],1,2287021,"['science, nature, astronomy, universe, Moon, beauty, TEDx, solar system, Sun']",2287021.0
1046,David Biello,[84188],1,579749,"['climate change, science, weather, Countdown']",579749.0
1047,David Binder,[1552],1,736248,"['performance, community, theater']",736248.0
1048,David Birch,[1466],1,259406,"['technology, self, TEDx']",259406.0
1049,David Bismark,[997],1,641857,"['culture, global issues, politics, technology, design, democracy, government']",641857.0
1050,David Blaine,[741],1,29399989,"['performance, biology, medicine, magic']",29399989.0
1051,David Blood,[118671],1,660565,"['climate change, environment, global issues, science, sustainability, business, money, finance, Countdown, investing']",660565.0
1052,David Bolinsky,[147],1,2402340,"['science, technology, design, entertainment, health, film, medicine, visualizations, animation']",2402340.0
1057,David Cage,[22919],1,865256,"['culture, technology, design, entertainment, media, innovation, creativity, art, storytelling, gaming, animation']",865256.0
1058,David Camarillo,[2581],1,1693661,"['science, technology, design, engineering, invention, innovation, health, product design, brain, mental health, neuroscience, TEDx, medical research, kids']",1693661.0
1059,David Cameron,[768],1,809905,"['global issues, politics, business']",809905.0
1060,David Carroll,[52064],1,63216,"['technology, law, Internet, data, online privacy']",63216.0
1061,David Carson,[436],1,1044188,"['design, photography, typography, exploration, humor']",1044188.0
1062,David Casarett,[2735],1,3079297,"['science, social change, health, health care, cancer, communication, medicine, mental health, writing, medical research, policy, TEDMED, addiction, drugs']",3079297.0
1063,David Chalmers,[2045],1,3697218,"['philosophy, brain, consciousness, neuroscience']",3697218.0
1064,David Christian,[1118],1,14686640,"['history, universe, visualizations, humanity, Big Bang, Internet']",14686640.0
1065,David Damberger,[1300],1,378567,"['global issues, engineering, TEDx, international development']",378567.0
1067,David Eagleman,[2215],1,3615342,"['technology, brain, blindness']",3615342.0
1069,David Fajgenbaum,[157718],1,414531,"['science, technology, disease, health, health care, medicine, AI, The Audacious Project']",414531.0
1070,David Farrell,[23306],1,93593,"['history, violence']",93593.0
1071,David Finnigan,[134949],1,1099050,"['climate change, environment, social change, art, communication, community, theater, Countdown']",1099050.0
1072,David Fleischer,[26919],1,70581,"['politics, social change, activism, democracy, LGBTQIA+']",70581.0
1074,David Grady,[2135],1,2920472,"['business, communication, work, productivity']",2920472.0
1075,David Griffin,[324],1,1544970,"['culture, global issues, design, entertainment, animals, storytelling, photography']",1544970.0
1077,David H. Rosmarin,[145679],1,1004709,"['psychology, relationships, communication, personal growth, TEDx, emotions']",1004709.0
1078,David Hanson,[657],1,1165105,"['technology, design, engineering, entertainment, robots, demo, body language']",1165105.0
1079,David Heymann,[60084],1,2386819,"['global issues, disease, health, illness, public health, Vaccines, virus, pandemic, coronavirus']",2386819.0
1081,David Holt,[413],1,651054,"['culture, invention, entertainment, music, performance, storytelling, demo']",651054.0
1082,David Hooker,[10263],1,40291,"['design, education, art, visualizations, society']",40291.0
1083,David Ikard,[56988],1,2423598,"['education, history, storytelling, race, society, TEDx']",2423598.0
1084,David J. Bier,[54153],1,2011002,"['social change, history, United States, law, government, immigration, policy']",2011002.0
1085,David Katz,[8788],1,2225229,"['business, innovation, pollution, poverty, plastic, ocean']",2225229.0
1086,David Keith,[192],1,1612407,"['climate change, global issues, science, technology, engineering, business, china']",1612407.0
1088,David Korins,[13923],1,1894820,"['design, creativity, theater, self, TEDx']",1894820.0
1092,David Lee,[2895],1,2094473,"['technology, business, innovation, robots, creativity, future, work']",2094473.0
1093,David Lindell,[60835],1,388487,"['technology, transportation, demo, TEDx, driverless cars']",388487.0
1094,David Logan,[651],1,1914505,"['culture, business, communication, leadership, society, TEDx, indigenous peoples']",1914505.0
1095,David M. Howard,[111819],1,1066497,"['science, technology, evolution, biology, history, communication, language, TEDx, human body']",1066497.0
1096,David MacKay,[1460],1,616996,"['climate change, global issues, sustainability, math, solar energy, wind energy, TEDx, data, electricity, renewable energy']",616996.0
1097,David Macaulay,[215],1,802237,"['culture, design, cities, art, communication, humor, ancient world, books']",802237.0
1098,David McCandless,[937],1,3952123,"['design, computers, visualizations, data']",3952123.0
1099,David McWilliams,[118062],1,1081990,"['culture, business, economics, history, poetry, humanity, finance']",1081990.0
1100,David Merrill,[457],1,1975645,"['technology, design, invention, business, computers, music, education, art, kids, toys']",1975645.0
1101,David Miliband,[2805],1,1568889,"['global issues, collaboration, social change, future, history, community, activism, natural disaster, humanity, TED Books, society, government, policy, refugees, kids']",1568889.0
1102,David Perry,[361],1,1443320,"['technology, design, business, entertainment, gaming']",1443320.0
1103,David Peterson,[49002],1,1731837,"['culture, innovation, creativity, art, language, literature, humanity, writing, TEDx, grammar']",1731837.0
1104,David Pizarro,[1597],1,813774,"['politics, science, cognitive science, psychology, history, brain, decision-making, sociology, sex, smell, TEDx, ethics']",813774.0
1106,David Puts,[21150],1,321089,"['science, love, anthropology, sex']",321089.0
1107,David Puttnam,[1924],1,997981,"['politics, media, democracy, TEDx, journalism']",997981.0
1108,David R. Dow,[1480],1,4356964,"['global issues, death, storytelling, law, prison, TEDx, justice system']",4356964.0
1109,David R. Liu,[39689],1,2612438,"['science, technology, biotech, genetics, innovation, disease, health, biology, future, virus, CRISPR']",2612438.0
1110,David R. Williams,[2726],1,2091951,"['health, health care, race, medicine, humanity, illness, public health, society, identity, TEDMED, equality']",2091951.0
1111,David Rockwell,[8],1,478186,"['culture, design, architecture, cities, collaboration, death, interview, memory, urban planning, United States, natural disaster']",478186.0
1112,David Rothkopf,[2326],1,1347449,"['global issues, politics, terrorism, war, United States, TED Books, democracy, fear, government, international relations']",1347449.0
1113,David S. Rose,[353],1,1566379,"['technology, invention, business, investing, public speaking']",1566379.0
1114,David Sedlak,[2404],1,1289764,"['climate change, environment, global issues, sustainability, design, engineering, industrial design, urban planning, innovation, future, water, public health, chemistry, TEDx, infrastructure']",1289764.0
1115,David Sengeh,[1971],1,936415,"['global issues, technology, prosthetics, TED Fellows']",936415.0
1116,David Steindl-Rast,[1880],1,9522142,"['culture, religion, happiness, mindfulness']",9522142.0
1117,David Suh,[141871],1,499810,"['art, photography, personal growth, self']",499810.0
1118,David Titley,[3615],1,1047920,"['climate change, global issues, sustainability, military, nature, natural disaster, weather']",1047920.0
1119,David Wallace-Wells,[60080],1,2370830,"['climate change, environment, science, sustainability, social change, future, society, Anthropocene, Countdown']",2370830.0
1120,David Wengrow,[95451],1,2518570,"['culture, social change, history, anthropology, humanity, ancient world, archaeology']",2518570.0
1121,David Wenham,[49115],1,184343,"['entertainment, performance, creativity, film']",184343.0
1122,David Whyte,[2846],1,1295973,"['performance, art, poetry, personal growth, self, humanity, writing']",1295973.0
1123,David Witzeneder,[63242],1,9592,"['global issues, sustainability, innovation, food, community']",9592.0
1124,David York,[24876],1,73536,"['death, aging, decision-making, money, finance']",73536.0
1125,Davonte Green,[148339],1,444404,"['gender, leadership, personal growth, society, TEDx, youth, emotions']",444404.0
1126,Dawn Landes,[2248],1,1372442,"['entertainment, music, performance']",1372442.0
1127,Dawn Lippert,[84571],1,1668298,"['climate change, sustainability, community, finance, Countdown, investing']",1668298.0
1128,Dawn Wacek,[27750],1,1792347,"['education, community, library, society, TEDx, books, kids']",1792347.0
1129,Dayananda Saraswati,[674],1,530923,"['global issues, religion, self, compassion']",530923.0
1130,Dayo Ogunyemi,[13035],1,1022344,"['entertainment, social change, Africa, creativity, art, future, humanity, society']",1022344.0
1131,DeAndrea Salvador,[23129],1,1612686,"['environment, science, sustainability, technology, economics, social change, future, community, activism, energy, public health, society, solar energy, TED Fellows, finance, electricity']",1612686.0
1132,Dean Furness,[60504],1,4035587,"['sports, motivation, personal growth, self, humanity, identity, disability']",4035587.0
1135,Dean R. Lomax,[96516],1,1748365,"['science, history, paleontology, ancient world, dinosaurs, TEDx, discovery']",1748365.0
1136,Deanna Van Buren,[11486],1,1221145,"['social change, United States, society, prison, justice system']",1221145.0
1137,Deb Chachra,[136654],1,524521,"['climate change, sustainability, technology, engineering, energy, infrastructure, Countdown, renewable energy']",524521.0
1138,Deb Roy,[1092],1,3266201,"['time, language, brain, kids']",3266201.0
1139,Deb Willis,[6493],1,1038532,"['politics, collaboration, social change, creativity, art, history, communication, race, photography, humanity, society, family, identity, equality']",1038532.0
1140,Debbie Lovich,[82559],1,2109769,"['culture, business, social change, leadership, time, work, personal growth, work-life balance']",2109769.0
1143,Deborah Lipstadt,[2769],1,1632190,"['global issues, history, communication, war, violence, humanity, law, writing, society, TEDx']",1632190.0
1144,Deborah Rhodes,[1047],1,1094763,"['science, technology, business, cancer, medicine']",1094763.0
1145,Deborah Scranton,[171],1,608040,"['global issues, technology, entertainment, storytelling, film, war']",608040.0
1146,Debra Jarvis,[2120],1,1182028,"['health care, cancer, identity']",1182028.0
1147,Dee Boersma,[861],1,469581,"['global issues, science, animals, birds, Mission Blue, ocean']",469581.0
1148,Deepa Narayan,[53059],1,642558,"['social change, gender, community, women, society, feminism, india, equality']",642558.0
1149,Deepa Purushothaman,[87481],1,1793348,"['business, gender, race, work, women, women in business']",1793348.0
1150,Deepika Kurup,[2672],1,1321870,"['global issues, science, technology, design, invention, innovation, health, product design, motivation, water, humanity, illness, public health, bacteria, society, chemistry, solar energy, india, kids']",1321870.0
1151,Deeyah Khan,[2662],1,1485545,"['social change, community, activism, terrorism, motivation, violence, humanity, society, family, identity, TEDx, Europe, Middle East, kids']",1485545.0
1152,Deja Foxx,[160683],1,206203,"['culture, technology, social change, personal growth, society, social media']",206203.0
1154,Delali Bright,[19136],1,25724,"['culture, women in business, beauty']",25724.0
1155,Demis Hassabis,[129163],1,1112878,"['science, technology, innovation, future, AI, humanity, human body, tech']",1112878.0
1156,Dena Simmons,[2646],1,1559899,"['education, community, race, motivation, personal growth, society, family, identity, fear, teaching, kids, equality']",1559899.0
1157,Denis Dutton,[1008],1,2746177,"['culture, design, evolution, brain, society, beauty']",2746177.0
1158,Denise Herzing,[1758],1,1692326,"['science, computers, animals, cognitive science, biology, communication, language, brain, neuroscience, ocean']",1692326.0
1159,Denise Zmekhol,[61904],1,10860,"['architecture, history, community, film, Brazil']",10860.0
1161,Derek Banta,[23325],1,15549,"['data, online privacy']",15549.0
1162,Derek Paravicini,[1808],1,1673665,"['entertainment, music, performance, TEDx, disability, Autism spectrum disorder']",1673665.0
1163,Derek Sarno,[83530],1,1686238,"['climate change, environment, sustainability, food, animals, Countdown']",1686238.0
1165,Derren Brown,[44912],1,2921019,"['entertainment, performance, art, illusion, magic']",2921019.0
1166,Desiree Akhavan,[127921],1,730982,"['creativity, art, storytelling, community, personal growth, self, family, identity, LGBTQIA+']",730982.0
1167,Dessa,[46597],1,4487587,"['music, memory, art, love, relationships, brain, neuroscience, TEDx, vulnerability, emotions']",4487587.0
1168,Detroit Youth Choir,[122224],1,99274,"['entertainment, music, performance, Countdown']",99274.0
1169,Deutsche Philharmonie Merck,[31245],1,1675,"['music, performance']",1675.0
1170,Deval Patrick,[87246],1,1860938,"['politics, race, United States, democracy, TEDx, policy, justice system']",1860938.0
1171,Devdutt Pattanaik,[686],1,2499996,"['culture, global issues, business, india']",2499996.0
1172,Devita Davison,[5072],1,1349385,"['culture, cities, food, community, personal growth, public health, society, agriculture, farming, gardening']",1349385.0
1173,Dexter Dias,[66800],1,1771626,"['global issues, social change, race, law, society, TEDx, justice system']",1771626.0
1174,Diana Adams,[88741],1,2169719,"['social change, relationships, parenting, law, family, diversity, inclusion, human rights, kids, equality, LGBTQIA+']",2169719.0
1175,Diana Dosik,[5144],1,189017,"['business, marketing, leadership, work']",189017.0
1176,Diana Greene Foster,[122059],1,734971,"['politics, science, social change, health, health care, gender, women, society, family, human rights']",734971.0
1177,Diana Laufenberg,[1034],1,2465918,"['culture, education, TEDx, kids']",2465918.0
1179,Diana Reiss,[1786],1,800979,"['technology, animals, Internet']",800979.0
1180,Diane Allen,[62504],1,173925,"['music, personal growth, productivity']",173925.0
1181,Diane Benscoter,[578],1,1386829,"['religion, activism']",1386829.0
1182,Diane Kelly,[1468],1,4884481,"['science, health, animals, nature, evolution, biology, biodiversity, humor, sex, human body']",4884481.0
1183,Diane Knutson,[42702],1,46894,"['environment, global issues, health, activism, pollution']",46894.0
1184,Diane Wolk-Rogers,[14608],1,2539251,"['culture, education, social change, history, communication, community, activism, leadership, United States, violence, society']",2539251.0
1185,Dianna Cohen,[986],1,1115015,"['global issues, sustainability, consumerism, plastic, Mission Blue, Anthropocene, ocean']",1115015.0
1186,Diarra Bousso,[126568],1,592339,"['climate change, environment, sustainability, innovation, fashion']",592339.0
1187,Dick M. Carpenter II,[62263],1,2126950,"['social change, law, society, TEDx, policy, justice system']",2126950.0
1188,Didier Sornette,[1768],1,1613293,"['global issues, business, economics, finance']",1613293.0
1190,Dilip Ratha,[2105],1,1515580,"['business, economics, finance']",1515580.0
1191,Dimitar Sasselov,[920],1,1334540,"['technology, biology, astronomy, universe, Planets, telescopes, astrobiology, aliens']",1334540.0
1192,Dina Katabi,[19851],1,1663078,"['science, technology, medicine, AI, medical research, machine learning']",1663078.0
1193,Dina Zielinski,[35766],1,2011426,"['science, technology, DNA, computers, future, TEDx, data']",2011426.0
1194,Dion Drew,[20756],1,78528,"['success, work, society']",78528.0
1195,Divya Siddarth,[126447],1,623580,"['technology, computers, social change, community, AI, democracy, data']",623580.0
1196,Dixon Chibanda,[10376],1,3212034,"['collaboration, innovation, social change, Africa, communication, community, personal growth, humanity, illness, depression, mental health, compassion, empathy, society']",3212034.0
1197,Diébédo Francis Kéré,[1888],1,1388572,"['sustainability, architecture, Africa']",1388572.0
1198,Djazia Satour,[53090],1,5053,"['music, performance, Africa, creativity, anthropology, humanity']",5053.0
1199,Dolly Chugh,[26915],1,5187877,"['science, cognitive science, psychology, personal growth, brain, decision-making, self, ethics']",5187877.0
1201,Dominic Price,[76335],1,3374443,"['happiness, motivation, personal growth, decision-making, self, TEDx, work-life balance']",3374443.0
1202,Don Levy,[1639],1,820536,"['history, film, animation']",820536.0
1203,Don Norman,[480],1,2468017,"['design, creativity, happiness']",2468017.0
1205,Donald Hoffman,[2277],1,5460046,"['science, memory, animals, cognitive science, evolution, biology, brain, consciousness, neuroscience, sight']",5460046.0
1206,Donald Sadoway,[1401],1,2521012,"['technology, invention, energy, electricity, renewable energy']",2521012.0
1207,Dong Woo Jang,[1790],1,2564312,"['culture, invention, demo, Asia']",2564312.0
1208,Donna Murphy,[148435],1,275681,"['technology, music, performance, art, future, AI, humanity']",275681.0
1209,Donnel Baird,[120096],1,645624,"['climate change, sustainability, technology, design, energy, United States, infrastructure, Countdown, renewable energy']",645624.0
1210,Dorcas Naishorua,[133290],1,514448,"['climate change, environment, global issues, sustainability, food, Africa, community, agriculture, farming, Countdown']",514448.0
1211,Doreen Koenning,[31236],1,18746,"['health care, cancer, biology']",18746.0
1212,Dorie Clark,[90821],1,2190301,"['business, leadership, time, work, motivation, personal growth, women in business, TEDx, work-life balance, worklife']",2190301.0
1213,Doris Kearns Goodwin,[363],1,2140516,"['politics, entertainment, history, storytelling, sports, work-life balance']",2140516.0
1214,Doris Kim Sung,[1598],1,1316902,"['climate change, sustainability, technology, design, engineering, invention, architecture, art, TEDx']",1316902.0
1215,Doris Mitsch,[119218],1,786250,"['nature, creativity, art, storytelling, photography, birds']",786250.0
1216,Doris Sung,[134948],1,524796,"['architecture, urban planning, creativity, future, infrastructure, public space']",524796.0
1217,Dorothy Roberts,[2428],1,1693694,"['social change, disease, health, health care, activism, race, medicine, sociology, illness, law, public health, society, Slavery, medical research, equality']",1693694.0
1218,Dorsa Amir,[51781],1,78898,"['history, parenting, anthropology, kids']",78898.0
1219,Doug Roble,[41224],1,758703,"['technology, design, entertainment, art, film, visualizations, animation, emotions']",758703.0
1220,Douglas Beal,[5145],1,49543,"['economics, government, international development']",49543.0
1221,Douglas Rushkoff,[28236],1,1901852,"['technology, business, social change, AI, humanity, society, social media, data, algorithm, online privacy']",1901852.0
1222,Douglas Thomas,[45970],1,409719,"['design, history, typography, Moon, space, humanity, TEDx, solar system']",409719.0
1225,Dr. Robert Talisse,[18845],1,9865,"['politics, democracy']",9865.0
1226,Dr. Thomas Boothby,[56500],1,43835,"['environment, science, innovation, animals, medicine, biodiversity']",43835.0
1227,Dr. Turi King,[36407],1,107504,"['DNA, genetics, history, forensics, archaeology']",107504.0
1228,Dragana Rogulja,[42700],1,41777,"['environment, science, health, evolution, sleep']",41777.0
1229,Dread Scott,[21584],1,1466153,"['culture, politics, social change, art, United States, humanity, society']",1466153.0
1230,Drew Berry,[1322],1,3930699,"['science, sustainability, DNA, biotech, genetics, computers, biology, visualizations, TEDx, code']",3930699.0
1231,Drew Curtis,[1422],1,1154520,"['business, entrepreneur, law']",1154520.0
1232,Drew Dudley,[1355],1,6987861,"['community, leadership, motivation, TEDx']",6987861.0
1233,Drew Humphreys,[23308],1,42585,"['business, leadership, machine learning']",42585.0
1234,Drew Philp,[12571],1,1404348,"['culture, cities, community, United States, infrastructure']",1404348.0
1235,Drew Silverstein,[44608],1,9987,"['technology, entertainment, music, creativity, AI']",9987.0
1236,Duarte Geraldino,[2879],1,1238391,"['social change, community, United States, society, family, journalism, immigration, TED Residency']",1238391.0
1237,Duckwrth,[96335],1,13720,"['music, performance']",13720.0
1238,Duncan Cowles,[14611],1,8048,"['film, humor']",8048.0
1239,Duncan Keegan,[148349],1,297887,"['technology, death, love, storytelling, language, AI, family, emotions']",297887.0
1240,Dundee Gouin,[141974],1,7874,"['economics, personal growth, money, finance']",7874.0
1241,Dustin Ballard,[148434],1,424298,"['technology, music, creativity, art, future, AI']",424298.0
1242,Dustin Burke,[86722],1,1986249,"['global issues, technology, business, consumerism, shopping, pandemic']",1986249.0
1243,Dustin Schroeder,[11226],1,1041277,"['climate change, science, technology, flight, nature, exploration, TEDx, Antarctica, glaciers']",1041277.0
1244,Dustin Yellin,[2319],1,2474368,"['collaboration, creativity, art']",2474368.0
1245,Dwan Reece,[78169],1,1976318,"['culture, social change, history, race, United States, society, TEDx']",1976318.0
1246,Dwight Stitt,[8149],1,23188,"['parenting, family, youth, kids']",23188.0
1247,Dwinita Mosby Tyler,[65043],1,2224407,"['social change, activism, race, society, TEDx, equality']",2224407.0
1248,Dyan deNapoli,[1208],1,467646,"['global issues, science, collaboration, animals, birds, TEDx, ocean']",467646.0
1249,Dyhia Belhabib,[127524],1,552742,"['technology, innovation, AI, law, crime, ocean, tech']",552742.0
1250,Dylan Marron,[15214],1,5158060,"['social change, communication, personal growth, empathy, society, Internet, bullying']",5158060.0
1251,Débora Mesa Molina,[31821],1,649638,"['technology, design, engineering, architecture, innovation, nature, creativity, beauty']",649638.0
1253,ELEW,[53099],1,5832,"['music, performance']",5832.0
1254,Eames Demetrios,[590],1,874591,"['design, creativity, film, product design, kids']",874591.0
1255,Eben Bayer,[971],1,1362456,"['environment, sustainability, technology, nature, product design, plastic, manufacturing, Anthropocene, fungi']",1362456.0
1256,Ebony Roberts,[61357],1,2267195,"['relationships, communication, parenting, personal growth, family, TEDx, kids']",2267195.0
1258,Ed Cage,[2392],1,4909557,"['entertainment, music, performance, art, family']",4909557.0
1259,Ed Gavagan,[1566],1,1134677,"['storytelling, medicine, United States, violence, crime']",1134677.0
1260,Ed Newton-Rex,[146100],1,529938,"['technology, creativity, art, AI, data, policy']",529938.0
1261,Ed Ulbrich,[469],1,1123879,"['technology, business, entertainment, film, aging, animation']",1123879.0
1262,Ed Yong,[1955],1,2016368,"['science, animals, biology, brain, biodiversity, insects, microbiology, nanotechnology']",2016368.0
1264,Eddie Jaku,[46906],1,2254912,"['storytelling, happiness, personal growth, emotions']",2254912.0
1265,Eddie Obeng,[1580],1,1763891,"['technology, business, education, creativity, success, personal growth, productivity']",1763891.0
1266,Eddie Woo,[31006],1,3805825,"['education, math']",3805825.0
1267,Eddy Cartaya,[1889],1,744642,['exploration'],744642.0
1268,Edi Rama,[1664],1,687589,"['global issues, cities, urban planning, art, community, TEDx, Europe, government']",687589.0
1269,Edith Elliott,[91524],1,1848013,"['health, health care, love, relationships, humanity, family, The Audacious Project']",1848013.0
1271,Edo Liberty,[121071],1,17737,"['technology, computers, education, innovation, philosophy, AI, data, machine learning']",17737.0
1272,Edsel Salvaña,[8786],1,1419528,"['science, AIDS, virus, TED Fellows, medical research']",1419528.0
1273,Eduardo Briceño,[2679],1,4704655,"['performance, education, psychology, motivation, personal growth, self, TEDx, mindfulness, teaching, work-life balance, goals']",4704655.0
1274,Eduardo Paes,[1429],1,948509,"['technology, cities, urban planning, Brazil, TED Prize, South America, infrastructure']",948509.0
1275,Eduardo Sáenz de Cabezón,[2186],1,2132516,"['science, humor, math, TEDx, TED en Español']",2132516.0
1277,Edward Saatchi,[121105],1,10073,"['technology, computers, entertainment, AI, machine learning']",10073.0
1278,Edward Snowden,[1950],1,5921611,"['law, Internet, journalism, surveillance, encryption']",5921611.0
1280,Efosa Ojomo,[49046],1,2180800,"['global issues, business, corruption, innovation, social change, Africa, poverty, society, investing']",2180800.0
1281,Eileen Isagon Skyers,[115885],1,1038332,"['technology, design, computers, robots, creativity, art, AI, painting, virtual reality, machine learning, NFTs']",1038332.0
1282,Einav Gefen,[20463],1,8766,"['food, health, family']",8766.0
1283,Einstein the Parrot,[334],1,3189193,"['entertainment, performance, education, animals']",3189193.0
1284,Elaine Fong,[71487],1,1533919,"['death, health, health care, cancer, medicine, society, TEDx']",1533919.0
1285,Elaine Morgan,[607],1,1490297,"['science, primates, evolution']",1490297.0
1286,Eldra Jackson,[29414],1,1783923,"['culture, social change, gender, communication, activism, personal growth, humanity, society, prison, identity']",1783923.0
1287,Eleanor Longden,[1800],1,6135690,"['health, health care, mental health']",6135690.0
1288,Eleftheria Pissadaki,[10365],1,11342,"['brain, neuroscience, medical research']",11342.0
1289,Elena Chavez Quezada,[24874],1,11670,"['social change, gender, aging, women, money, finance']",11670.0
1290,Elena Crescia,[97979],1,39505,"['technology, business, entrepreneur, social change, money, finance, investing']",39505.0
1291,Eleni Gabre-Madhin,[185],1,853090,"['global issues, technology, business, economics, food, women in business, finance']",853090.0
1292,Eleni Myrivili,[95520],1,2401508,"['climate change, environment, science, sustainability, cities, urban planning, social change, health, weather, infrastructure, Countdown']",2401508.0
1293,Eli Beer,[1799],1,1166709,"['health, health care, medicine, TEDMED']",1166709.0
1295,Elias Weiss Friedman,[144182],1,368564,"['culture, animals, photography, society']",368564.0
1296,Eliezer Yudkowsky,[114533],1,1456239,"['science, technology, future, AI, machine learning']",1456239.0
1298,Elijah Cummings,[51149],1,65936,['global issues'],65936.0
1299,Elisabeth Pierre,[61551],1,7024,"['innovation, food, history, women, society']",7024.0
1300,Elise Hu,[142043],1,458829,"['culture, technology, AI, society, beauty, social media, human body, kids']",458829.0
1301,Elise LeGrow,[22703],1,330776,"['entertainment, music, performance']",330776.0
1302,Elise Payzan-LeNestour,[21909],1,58709,"['psychology, decision-making, neuroscience, money, behavioral economics']",58709.0
1303,Elise Roy,[2529],1,1675006,"['design, collaboration, innovation, communication, personal growth, society, TEDx, disability']",1675006.0
1304,"Elizabeth ""Zibi"" Turtle",[65432],1,1949708,"['science, technology, exploration, Moon, Planets, space']",1949708.0
1305,Elizabeth Blackburn,[2868],1,2505761,"['science, DNA, innovation, health, nature, biology, aging, bioethics, discovery, human body']",2505761.0
1306,Elizabeth Camarillo Gutierrez,[60135],1,2121784,"['personal growth, self, humanity, society, immigration']",2121784.0
1307,Elizabeth Cawein,[17909],1,1436585,"['culture, entertainment, music, performance, cities, creativity, art, TEDx']",1436585.0
1308,Elizabeth Diller,[69662],1,298991,"['design, architecture, cities, urban planning, public space']",298991.0
1309,Elizabeth Dunn,[39981],1,4505195,"['science, social change, psychology, community, happiness, humanity, society']",4505195.0
1311,Elizabeth Howell,[45411],1,2084621,"['health, health care, biology, race, parenting, United States, women, family, TEDMED, pregnancy, kids, equality']",2084621.0
1313,Elizabeth Lev,[2415],1,1904625,"['culture, creativity, art, history, religion, Christianity, visualizations, museums, beauty, painting']",1904625.0
1314,Elizabeth Lindsey,[1081],1,584263,"['storytelling, anthropology']",584263.0
1315,Elizabeth Loftus,[1826],1,6821612,"['science, memory, cognitive science, psychology, brain, mental health, crime, neuroscience, sight, medical research, bioethics, ethics']",6821612.0
1316,Elizabeth Lyle,[28438],1,2886906,"['business, collaboration, communication, leadership, happiness, success, work, personal growth, potential, trust']",2886906.0
1317,Elizabeth Murchison,[1229],1,584270,"['science, animals, cancer, biology']",584270.0
1318,Elizabeth Nyamayaro,[2311],1,1504753,"['global issues, gender, activism, women, humanity, equality']",1504753.0
1319,Elizabeth Pisani,[818],1,1793819,"['global issues, health, health care, AIDS, sex']",1793819.0
1320,Elizabeth Stordeur Pryor,[60193],1,2345784,"['culture, education, history, storytelling, communication, race, society, TEDx']",2345784.0
1321,Elizabeth Streb,[20779],1,1530099,"['flight, performance, art, sports, humanity, human body']",1530099.0
1322,Elizabeth Strickler,[90008],1,2118081,"['technology, entrepreneur, art, TEDx, money, Internet, data, blockchain, metaverse, NFTs']",2118081.0
1323,Elizabeth Wayne,[3231],1,1547386,"['science, cancer, TED Fellows, human body']",1547386.0
1324,Elizabeth White,[19883],1,2100994,"['economics, community, aging, success, work, self, TEDx, money, finance']",2100994.0
1325,Elizabeth Zion,[84369],1,1827360,"['social change, humanity, society, family, immigration, human rights']",1827360.0
1327,Elle Cordova,[139363],1,606170,"['music, performance, poetry, universe, space, humanity, Big Bang, Life']",606170.0
1328,Ellen 't Hoen,[1627],1,452476,"['science, invention, business, software, collaboration, social change, disease, health, health care, history, activism, medicine, AIDS, illness, public health, society, TEDx, medical research, pandemic, bioethics, drugs, ethics']",452476.0
1329,Ellen Agler,[57606],1,347951,"['disease, health, Africa, future, humanity, illness, public health, The Audacious Project']",347951.0
1330,Ellen Dunham-Jones,[898],1,810846,"['design, cities, urban planning, TEDx, infrastructure']",810846.0
1331,Ellen Gustafson,[910],1,856375,"['global issues, social change, food, health, TEDx']",856375.0
1333,Ellen Støkken Dahl,[9126],1,1808011,"['education, social change, communication, activism, medicine, women, humanity, sex, society, TEDx, medical research, human body']",1808011.0
1334,Ellen Trachman,[93271],1,1803743,"['technology, law, family, TEDx, policy, pregnancy, LGBTQIA+']",1803743.0
1335,Elliot Krane,[1148],1,2226615,"['science, health, health care, brain']",2226615.0
1337,Elora Hardy,[2251],1,6255112,"['sustainability, design, architecture']",6255112.0
1338,Elsbeth Magilton,[125219],1,24184,"['education, social change, storytelling, space, law']",24184.0
1339,Elyn Saks,[1494],1,5304087,"['health care, brain, depression, mental health']",5304087.0
1340,Eman Mohammed,[2095],1,1546484,"['global issues, gender, photography, women, TED Fellows, Middle East, journalism']",1546484.0
1341,Emeli Sandé,[43649],1,47833,"['entertainment, music, performance']",47833.0
1342,Emilie Wapnick,[2341],1,9225045,"['education, creativity, work, personal growth, identity, curiosity, TEDx']",9225045.0
1343,Emilie Weight,[8592],1,40318,"['parenting, disability, kids']",40318.0
1344,Emily Anhalt,[53326],1,306769,"['health, happiness, mental health, public health, emotions']",306769.0
1345,Emily Balcetis,[2140],1,4330509,"['health, psychology, motivation, decision-making, TEDx, exercise']",4330509.0
1346,Emily Esfahani Smith,[2861],1,15066356,"['psychology, relationships, storytelling, happiness, personal growth, humanity']",15066356.0
1347,Emily F. Rothman,[48493],1,3649725,"['media, education, social change, communication, parenting, women, sex, Internet, teaching, sexual violence, kids']",3649725.0
1348,Emily Grubert,[108393],1,1382143,"['climate change, economics, urban planning, social change, future, energy, policy, infrastructure, Countdown, renewable energy, fossil fuels']",1382143.0
1349,Emily Jaenson,[96611],1,5461211,"['business, leadership, work, potential, women in business']",5461211.0
1350,Emily King,[65193],1,3343,"['music, performance']",3343.0
1351,Emily Leproust,[72807],1,1347590,"['environment, science, sustainability, technology, DNA, education, innovation, health, nature, biology']",1347590.0
1352,Emily Levesque,[69784],1,460872,"['science, technology, history, astronomy, space, TEDx']",460872.0
1355,Emily Oster,[143],1,971117,"['global issues, science, economics, health, Africa, statistics, AIDS']",971117.0
1356,Emily Parsons-Lord,[2667],1,1024642,"['environment, global issues, biosphere, performance, animals, nature, art, future, history, pollution, demo, ancient world, dinosaurs, TEDx, Anthropocene']",1024642.0
1357,Emily Pilloton,[1002],1,1121980,"['design, education, poverty']",1121980.0
1358,Emily Pilloton-Lam,[87043],1,2766671,"['gender, work, women, women in business, equality']",2766671.0
1359,Emily Quinn,[31813],1,3026571,"['science, social change, health, gender, biology, activism, humanity, sex, society, human body']",3026571.0
1361,Emma Bridgewater,[5146],1,9731,"['culture, design, entrepreneur, history']",9731.0
1362,Emma Hart,[88952],1,1829991,"['science, sustainability, technology, computers, innovation, robots, evolution, exploration, discovery']",1829991.0
1363,Emma Marris,[2551],1,1679632,"['climate change, environment, sustainability, animals, nature, parenting, biodiversity, trees, agriculture, bioethics, teaching, ecology, plants, natural resources, Anthropocene, fungi, kids, gardening']",1679632.0
1364,Emma Nehrenheim,[118063],1,645461,"['climate change, science, sustainability, technology, business, innovation, energy, Countdown, renewable energy']",645461.0
1365,Emma Rodero,[12729],1,5743285,"['education, communication, language, sound']",5743285.0
1366,Emma Schachner,[55546],1,460778,"['science, history, paleontology, dinosaurs, TEDx']",460778.0
1367,Emma Teeling,[1605],1,582253,"['environment, science, DNA, genetics, disease, animals, evolution, biology, biomimicry, aging, biodiversity, insects, TEDx, sight, disability, ecology, hearing']",582253.0
1368,Emmanuel Acho,[117221],1,1190000,"['sports, success, motivation, personal growth, goals']",1190000.0
1369,Emmanuel Jal,[615],1,1062493,"['global issues, politics, entertainment, music, performance, poetry, war']",1062493.0
1370,Emmanuel Schanzer,[21906],1,484539,"['technology, computers, education, math, teaching']",484539.0
1371,Emmett Shear,[48847],1,397360,"['technology, entertainment, social change, community, gaming, society, Internet']",397360.0
1372,Emtithal Mahmoud,[2722],1,1231157,"['performance, Africa, art, storytelling, communication, poetry, war, language, spoken word, humanity, writing, family, identity, TEDMED, refugees, kids']",1231157.0
1374,Enrico Ramirez-Ruiz,[53522],1,2268406,"['science, evolution, astronomy, universe, visualizations, space, humanity, solar system, human body']",2268406.0
1375,Enrique Peñalosa,[1886],1,987068,"['sustainability, design, cities, South America, infrastructure']",987068.0
1376,Enzo Romero,[97408],1,1483001,"['technology, design, invention, innovation, health, prosthetics, TED Fellows, 3D printing']",1483001.0
1377,Erez Yoeli,[27155],1,2510067,"['science, social change, community, motivation, humanity, society, TEDx, ethics']",2510067.0
1379,Eric Berridge,[13316],1,1472832,"['science, technology, business, entrepreneur, education, innovation, creativity, art, work']",1472832.0
1381,Eric Dyer,[2901],1,1229529,"['creativity, art, illusion, film, visualizations, TEDx, animation']",1229529.0
1382,Eric Garcetti,[65139],1,1570590,"['sustainability, cities, social change, leadership, society, pandemic, inclusion, coronavirus']",1570590.0
1383,Eric Giler,[619],1,2307057,"['science, technology, engineering, entrepreneur, future, infrastructure, electricity']",2307057.0
1384,Eric Hinterman,[84223],1,1706837,"['technology, invention, innovation, exploration, space, TEDx, Mars']",1706837.0
1387,Eric Mead,[792],1,1300564,"['science, entertainment, illusion, medicine, magic']",1300564.0
1388,Eric Mibuari,[9510],1,15351,"['technology, Africa, communication, finance']",15351.0
1389,Eric Nguyen,[156825],1,395622,"['science, technology, engineering, DNA, genetics, innovation, disease, biology, AI, medical research, Life']",395622.0
1390,Eric Nuzum,[138844],1,458668,"['culture, death, history, storytelling, TEDx']",458668.0
1391,Eric Sanderson,[655],1,3084469,"['environment, sustainability, technology, cities, nature, history, visualizations']",3084469.0
1392,Eric Sannerud,[60742],1,2196270,"['economics, social change, food, community, TEDx, agriculture, policy, farming']",2196270.0
1393,Eric Schmidt,[148366],1,2546178,"['technology, computers, innovation, future, AI, data, machine learning']",2546178.0
1396,Eric X. Li,[1778],1,3575973,"['global issues, politics, business, Asia, china, democracy']",3575973.0
1397,Eric Yuan,[65294],1,219562,"['technology, business, software, communication, work, coronavirus']",219562.0
1398,Erica Frenkel,[1345],1,437396,"['global issues, technology, design, health care, poverty, TEDx, Surgery']",437396.0
1399,Erica Joy Baker,[5991],1,60021,"['culture, technology, business, collaboration, innovation, creativity, communication, leadership, work, women, women in business, diversity, equality']",60021.0
1400,Erica Stone,[12908],1,1071801,"['software, education, communication, United States, TEDx']",1071801.0
1401,Erick Brethenoux,[10038],1,13453,"['data, emotions, ethics']",13453.0
1402,Erik Brynjolfsson,[1720],1,1446312,"['technology, business, economics, work']",1446312.0
1403,Erik Hersman,[523],1,514126,"['global issues, technology, Africa, communication, activism, natural disaster']",514126.0
1404,Erik Johansson,[1353],1,4375232,"['culture, technology, creativity, photography']",4375232.0
1405,Erik Schlangen,[1665],1,1109517,"['science, technology, design, engineering, industrial design, invention, urban planning, innovation, demo, TEDx, infrastructure']",1109517.0
1406,Erika Cheung,[68648],1,2714846,"['technology, corruption, communication, crime, TEDx, medical research']",2714846.0
1407,Erika Debenedictis,[19772],1,16322,"['rocket science, space, Mars']",16322.0
1408,Erika Gregory,[2650],1,1045674,"['global issues, technology, collaboration, history, terrorism, war, violence, humanity, fear, government, nuclear energy']",1045674.0
1409,Erika Hamden,[41404],1,1944318,"['science, technology, collaboration, astronomy, universe, physics, personal growth, space, TED Fellows, telescopes']",1944318.0
1410,Erika Pinheiro,[52062],1,2216437,"['social change, law, society, government, immigration, policy, refugees, justice system']",2216437.0
1411,Erin Baumgartner,[64443],1,1901999,"['sustainability, technology, food, community, TEDx, agriculture, data, farming']",1901999.0
1412,Erin Marie Saltman,[2856],1,1332089,"['terrorism, violence, social media, TEDx']",1332089.0
1414,Erin Sullivan,[54358],1,1749782,"['entertainment, storytelling, photography, personal growth, exploration, humanity']",1749782.0
1415,Ermias Kebreab,[88119],1,1975712,"['climate change, environment, science, sustainability, animals, biology, agriculture, plants, Countdown, ocean']",1975712.0
1416,Ernest Madu,[249],1,467732,"['global issues, science, health, health care, Africa, activism, public health, international development, heart']",467732.0
1417,Ernestine Leikeki Sevidzem,[66951],1,140359,"['climate change, environment, education, nature, leadership, Countdown']",140359.0
1418,Ernesto Sirolli,[1617],1,4047200,"['global issues, business, TEDx, international development']",4047200.0
1419,Erricka Bridgeford,[11363],1,994241,"['death, social change, community, activism, United States, violence, society, crime, TEDx']",994241.0
1420,Ersin Han Ersin,[116406],1,870882,"['technology, animals, nature, creativity, art, beauty, trees']",870882.0
1421,Es Devlin,[40201],1,745637,"['culture, design, music, creativity, art, community, humanity, beauty']",745637.0
1422,Esha Alwani,[36478],1,565826,"['music, performance, personal growth, TED-Ed']",565826.0
1423,Esha Chhabra,[126156],1,599864,"['environment, sustainability, business, social change, money']",599864.0
1424,Essam Daod,[18394],1,1529921,"['global issues, education, social change, communication, community, war, humanity, mental health, compassion, empathy, society, TED Fellows, Middle East, refugees, emotions, kids']",1529921.0
1425,Esta Soler,[1918],1,1389719,"['gender, women, violence']",1389719.0
1426,Estelle Gibson,[62313],1,2344473,"['social change, self, TEDx, money, finance']",2344473.0
1428,Esther Meduna,[49438],1,32153,"['global issues, food, future, botany, plants']",32153.0
1429,Esther Ndichu,[13014],1,117891,"['food, agriculture, international development']",117891.0
1431,Esther Sullivan,[23413],1,34461,"['architecture, urban planning, homelessness']",34461.0
1432,Ethan Hawke,[65073],1,7364837,"['creativity, art, self, humanity, vulnerability']",7364837.0
1433,Ethan Kross,[139335],1,1149388,"['science, health, psychology, personal growth, brain, neuroscience']",1149388.0
1434,Ethan Lindenberger,[43379],1,2378581,"['science, media, social change, health, health care, Vaccines, TEDx']",2378581.0
1435,Ethan Lisi,[60310],1,2773918,"['social change, community, humanity, TED-Ed, Autism spectrum disorder, diversity, inclusion']",2773918.0
1436,Ethan Mann,[46583],1,59018,"['technology, health, fish, microbiology, medical research']",59018.0
1437,Ethan Nadelmann,[2130],1,2474666,"['global issues, crime, policy, drugs']",2474666.0
1438,Ethan Zuckerman,[916],1,914409,"['global issues, technology, communication, language, Internet, journalism']",914409.0
1439,Ethel,[138],1,441914,"['culture, entertainment, music, performance, collaboration']",441914.0
1440,Ethel + Thomas Dolby,[988],1,807518,"['music, performance, future, society, gardening']",807518.0
1441,Eugenia Cheng,[36409],1,649380,"['social change, communication, visualizations, math, society, TEDx, equality']",649380.0
1442,Eugenia Kuyda,[143156],1,471656,"['technology, computers, software, innovation, relationships, AI, mental health, society, artificial intelligence']",471656.0
1443,Euna Lee,[2896],1,4724681,"['politics, United States, Asia, china, humanity, compassion, fear, TEDx, journalism']",4724681.0
1444,Euvin Naidoo,[154],1,560649,"['global issues, business, entrepreneur, Africa, investing']",560649.0
1445,Eva Galperin,[58361],1,3629205,"['technology, software, future, communication, society, Internet, data, cyber security, online privacy']",3629205.0
1446,Eva Vertes,[12],1,1206005,"['science, technology, disease, health, cancer']",1206005.0
1447,Eva Zeisel,[414],1,545890,"['design, creativity, art, exploration']",545890.0
1448,Evan Grant,[626],1,1210517,"['science, design, visualizations, math, public speaking']",1210517.0
1449,Evan Williams,[473],1,1340007,"['culture, technology, business, entertainment, social change, communication, social media']",1340007.0
1450,Eve Abrams,[12060],1,1074715,"['social change, community, activism, law, society, prison, family, justice system, equality']",1074715.0
1452,Eve Pearlman,[37467],1,3154947,"['politics, media, social change, communication, society, democracy, journalism']",3154947.0
1453,Evelyn Glennie,[103],1,7005821,"['entertainment, music, performance, creativity']",7005821.0
1454,Evgeny Morozov,[641],1,544438,"['politics, technology, Internet, government']",544438.0
1455,Eythor Bender,[1104],1,1510877,"['science, technology, design, disability, bionics']",1510877.0
1456,Fabian Hemmert,[964],1,998133,"['culture, design, communication, TEDx, UX design']",998133.0
1457,Fabian Oefner,[1834],1,1959683,"['science, creativity, art, film, photography, physics, demo, microbiology, beauty, sound, nanotechnology']",1959683.0
1458,Fabien Cousteau,[2116],1,1326299,"['biodiversity, exploration, ocean']",1326299.0
1459,Fadi Chehadé,[26707],1,1614092,"['technology, economics, future, community, humanity, society, Internet']",1614092.0
1460,Fahad Al-Attiya,[1660],1,1636150,"['technology, cities, food, water, TEDx, agriculture, Middle East, infrastructure']",1636150.0
1461,Fahad Saeed,[57131],1,110838,"['identity, diversity, inclusion, LGBTQIA+']",110838.0
1462,Faheem Curtis-Khidr,[89109],1,26133,"['education, race, leadership, teaching, diversity, equality']",26133.0
1463,Faisal Saeed Al Mutar,[146334],1,321919,"['business, entrepreneur, social change, community, philanthropy, money, international development']",321919.0
1464,Faith Jegede Cole,[1600],1,1536711,"['culture, brain, mental health, Autism spectrum disorder']",1536711.0
1465,Faith Osier,[24725],1,1687046,"['science, technology, innovation, disease, health, Africa, medicine, public health, Vaccines, TED Fellows, medical research']",1687046.0
1466,Fallon Goodman,[100289],1,2024338,"['psychology, relationships, personal growth, mental health, TEDx']",2024338.0
1467,Fang Ruan,[52271],1,2290971,"['culture, business, philosophy, leadership, work, Asia, decision-making, china']",2290971.0
1468,Farhad Mohit,[136218],1,494807,"['culture, social change, society, identity']",494807.0
1469,Farida Nabourema,[35565],1,1850485,"['politics, corruption, social change, Africa, activism, leadership, society, democracy, protest']",1850485.0
1470,Fariel Salahuddin,[89893],1,1787344,"['technology, community, TED Fellows, money, agriculture, finance, farming, blockchain']",1787344.0
1471,Farish Ahmad-Noor,[64428],1,2134341,"['global issues, social change, history, philosophy, storytelling, society, TEDx']",2134341.0
1472,Farwiza Farhan,[82058],1,1531816,"['climate change, nature, gender, women, TED Fellows, conservation, Countdown']",1531816.0
1473,Fatima AlZahra'a Alatraktchi,[37137],1,1996024,"['science, technology, disease, health, health care, biology, medicine, bacteria, microbiology, TEDx, medical research']",1996024.0
1474,Fatma Karume,[126792],1,552346,"['politics, social change, Africa, future, democracy']",552346.0
1475,Fatmata Binta,[136430],1,2616,"['entrepreneur, innovation, food, Africa, society']",2616.0
1476,Fawn Qiu,[2623],1,1300470,"['technology, design, engineering, invention, computers, education, innovation, creativity, personal growth, code, teaching, TED Residency, kids']",1300470.0
1477,Fay Bound Alberti,[53086],1,23931,"['relationships, history, humanity, society']",23931.0
1478,Federica Bianco,[48610],1,1937563,"['science, sustainability, cities, astronomy, universe, physics, pollution, space, TED Fellows']",1937563.0
1479,Fehinti Balogun,[99633],1,1405320,"['climate change, environment, global issues, social change, activism, race, Countdown']",1405320.0
1480,Fei Luo,[142867],1,386021,"['science, sustainability, food, health, Countdown']",386021.0
1482,Feisal Abdul Rauf,[676],1,646769,"['global issues, religion, compassion']",646769.0
1483,Felice Belle,[10727],1,1006169,"['poetry, personal growth, spoken word, humanity, friendship']",1006169.0
1484,Felipe Sánchez Luna,[137637],1,477144,"['technology, music, nature, creativity, universe, AI, sound, meditation']",477144.0
1485,Felix Dennis,[562],1,349623,"['entertainment, history, poetry, literature, writing, books']",349623.0
1486,Femi Oke,[99729],1,1548957,"['music, education, social change, Africa, activism, potential, women, youth, kids']",1548957.0
1487,Fenton Lutunatabua,[148194],1,375984,"['climate change, environment, storytelling, communication, community, Countdown, ocean']",375984.0
1488,Feras Fayyad,[76208],1,1615647,"['global issues, social change, art, storytelling, activism, film, TED Fellows, refugees']",1615647.0
1489,Fernanda Castillo,[15694],1,1633265,"['design, social change, art, TED en Español']",1633265.0
1490,Fernando Salem,[36404],1,289980,"['education, history, storytelling, television, kids']",289980.0
1491,Fields Wicker-Miurin,[692],1,1556178,"['environment, global issues, politics, leadership, women in business']",1556178.0
1492,Findlay Napier,[53588],1,1530,"['music, performance']",1530.0
1493,Finn Lützow-Holm Myrstad,[26922],1,2077140,"['technology, business, economics, consumerism, society, social media, Internet, government, data, algorithm']",2077140.0
1494,Fiorenzo Omenetto,[1142],1,835433,"['science, sustainability, technology, design, invention, biology, biomimicry, medicine']",835433.0
1495,First Aid Kit,[50010],1,8143,"['music, performance']",8143.0
1496,Flor de Toloache,[41906],1,3448,"['music, performance']",3448.0
1497,Florian Pinel,[10039],1,15029,"['computers, food, machine learning']",15029.0
1498,Floyd E. Romesberg,[23058],1,1784804,"['science, technology, invention, DNA, biotech, genetics, nature, biology, future, medicine, medical research, bioethics, synthetic biology']",1784804.0
1499,France Villarta,[59980],1,2100751,"['culture, social change, gender, history, society, Transgender, LGBTQIA+']",2100751.0
1500,Frances Frei,[15471],1,7052711,"['business, collaboration, social change, communication, leadership, work, society, trust']",7052711.0
1501,Frances Larson,[2335],1,1301713,"['global issues, death, history, Internet']",1301713.0
1502,Frances S. Chance,[101676],1,1393160,"['science, technology, computers, innovation, biomimicry, future, insects, AI, neuroscience, machine learning']",1393160.0
1503,Francesca Hogi,[120210],1,680895,"['love, relationships, communication, community, personal growth, self, emotions, Life']",680895.0
1504,Francesca Simon-Carboni,[19133],1,8774,"['business, work, women in business']",8774.0
1505,Francesco Sauro,[2359],1,1640387,"['environment, science, photography, biodiversity, exploration, beauty, geology, South America, ecology, glaciers']",1640387.0
1506,Francis Collins,[1696],1,980774,"['science, engineering, DNA, biotech, genetics, innovation, disease, health, health care, biology, future, medicine, illness, public health, medical research, synthetic biology, drugs']",980774.0
1507,Francis Sanzaro,[99477],1,40570,"['environment, science, nature, trees, fear']",40570.0
1508,Francis de los Reyes,[2097],1,847728,"['global issues, health, public health, TED Fellows, infrastructure']",847728.0
1509,Francisca Mutapi,[84850],1,11673,"['science, disease, health, health care, Africa, leadership, public health, Vaccines, virus, pandemic, coronavirus']",11673.0
1510,Francisco Samper,[13345],1,63882,"['global issues, marketing, war, TED en Español']",63882.0
1511,Franco Sacchi,[403],1,298061,"['culture, global issues, technology, entertainment, media, Africa, creativity, film']",298061.0
1513,Frank Müller-Pierstorff,[27382],1,4095,"['music, performance, art']",4095.0
1514,Frank Warren,[1416],1,3778234,"['design, memory, creativity, storytelling, community']",3778234.0
1515,Franklin Leonard,[26926],1,1808751,"['culture, entertainment, media, social change, creativity, storytelling, film, society, identity, TEDx']",1808751.0
1518,Frans von der Dunk,[37851],1,23154,"['technology, space, law, society']",23154.0
1519,Franz Freudenthal,[2555],1,1671631,"['engineering, invention, medical research, Surgery, South America, heart']",1671631.0
1520,Franziska Trautmann,[139428],1,504292,"['climate change, environment, science, technology, engineering, nature, natural disaster']",504292.0
1521,François Candelon,[27378],1,24933,"['global issues, technology, economics']",24933.0
1522,Françoise Mouly,[2828],1,1318840,"['culture, design, creativity, art, humor']",1318840.0
1523,Freada Kapor Klein,[131495],1,491114,"['technology, business, entrepreneur, community, money, finance, diversity, inclusion, equality, investing']",491114.0
1524,Fred Jansen,[2230],1,1413078,"['science, technology, engineering, flight, rocket science, evolution, physics, Planets, space, Big Bang, solar system, asteroid']",1413078.0
1525,Fred Krupp,[14486],1,1606381,"['climate change, environment, global issues, science, technology, pollution, space, society, data, The Audacious Project']",1606381.0
1526,Fred Swaniker,[2113],1,1530875,"['entrepreneur, Africa, TED Fellows']",1530875.0
1527,Frederic Kaplan,[1902],1,1268115,"['technology, computers, history, library, TEDx, books, maps']",1268115.0
1528,Frederick Balagadde,[836],1,338163,"['engineering, invention, biology, microbiology, TED Fellows']",338163.0
1529,Frederick Streeter Barrett,[66238],1,324697,"['science, music, brain, mental health, medical research']",324697.0
1530,Fredros Okumu,[6672],1,1276296,"['science, disease, Africa, biology, insects, illness, CRISPR']",1276296.0
1531,Fredy Peccerelli,[2164],1,922850,"['global issues, war, anthropology, forensics']",922850.0
1532,Freeman Dyson,[306],1,1193329,"['science, technology, biotech, astronomy, universe, physics, exploration, Planets, astrobiology, aliens']",1193329.0
1533,Freeman H. Shen,[80734],1,1760149,"['technology, transportation, innovation, future, AI, machine learning, driverless cars']",1760149.0
1534,Freeman Hrabowski,[1710],1,1240402,"['science, technology, engineering, education, social change, psychology, history, community, race, math, curiosity, medical research, equality']",1240402.0
1535,Frédette Lampre,[155247],1,260542,"['culture, cities, creativity, art, humanity']",260542.0
1536,G. Willow Wilson,[21381],1,78858,"['design, social change, women, youth, books']",78858.0
1537,G.T. Bynum,[3581],1,981439,"['politics, collaboration, social change, community, leadership, humanity, society, democracy, TEDx, government, data']",981439.0
1538,Gabby Giffords,[1972],1,1186124,['violence'],1186124.0
1539,Gabby Rivera,[28164],1,1577342,"['culture, creativity, art, storytelling, race, self, women, humanity, humor, writing, society, identity, LGBTQIA+']",1577342.0
1540,Gabe Barcia-Colombo,[1942],1,850810,"['DNA, art, TED Fellows']",850810.0
1541,Gabe Brown,[137526],1,607354,"['climate change, environment, science, food, nature, agriculture, farming, Countdown']",607354.0
1542,Gabe Whaley,[158866],1,361958,"['design, creativity, art, Ideas']",361958.0
1543,Gabe Zichermann,[1278],1,773712,"['design, education, gaming, TEDx']",773712.0
1544,Gabriel Barcia-Colombo,[1508],1,827099,"['design, memory, art, history, storytelling, TED Fellows, Internet']",827099.0
1545,Gabriel Heras,[15702],1,139885,"['health, health care, medicine, TED en Español, emotions']",139885.0
1546,Gabriel Kra,[89043],1,2023369,"['climate change, science, sustainability, technology, innovation, leadership, Countdown, renewable energy']",2023369.0
1547,Gabriel Marmentini,[127048],1,545525,"['politics, social change, communication, community, activism, democracy, government, policy']",545525.0
1548,Gabriela,[2684],1,3248990,"['entertainment, music, performance']",3248990.0
1549,Gabriela González,[2886],1,580032,"['science, technology, collaboration, innovation, nature, universe, physics, space, discovery, TED en Español']",580032.0
1550,Gabriela Roa,[8152],1,13720,"['creativity, parenting, happiness, family, kids']",13720.0
1551,Gabriella Lascano,[142488],1,501250,"['media, social change, health, community, personal growth']",501250.0
1552,Gabrielle Rifkind,[136077],1,533156,"['global issues, social change, war, violence, humanity']",533156.0
1553,Gabrielle Walker,[84183],1,1802931,"['climate change, environment, science, sustainability, engineering, biosphere, innovation, pollution, trees, agriculture, Countdown']",1802931.0
1554,Gaby Barrios,[52073],1,2606248,"['business, social change, gender, marketing, society']",2606248.0
1555,Gail Reed,[2098],1,898964,"['global issues, health care, public health']",898964.0
1556,Gala Marija Vrbanic,[86619],1,1732797,"['culture, technology, design, social media, fashion, metaverse']",1732797.0
1557,Galina Angarova,[148195],1,308734,"['climate change, culture, science, indigenous peoples, Countdown']",308734.0
1558,Galit Ariel,[41915],1,16784,"['technology, exploration, augmented reality']",16784.0
1559,Gangadhar Patil,[45837],1,1676473,"['media, social change, work, society, TED Fellows, journalism, india']",1676473.0
1560,Gareth Thomas,[100479],1,1522420,"['social change, disease, health, AIDS, illness, society, human body']",1522420.0
1561,Garik Israelian,[648],1,687895,"['science, technology, astronomy, universe, chemistry, telescopes, Sun']",687895.0
1562,Garrett Lisi,[371],1,2124442,"['science, technology, physics']",2124442.0
1563,Garry Cooper,[114819],1,1018854,"['climate change, sustainability, design, business, cities, social change, community']",1018854.0
1565,Garth Lenz,[1362],1,903728,"['environment, global issues, photography, TEDx, infrastructure, fossil fuels']",903728.0
1566,Gary Barker,[124571],1,609390,"['science, gender, personal growth, self, mental health, compassion, empathy, society, emotions, equality']",609390.0
1567,Gary Flake,[783],1,809480,"['technology, demo, Internet, data, UX design']",809480.0
1568,Gary Greenberg,[1604],1,1197290,"['nature, photography, bees, TEDx']",1197290.0
1569,Gary Haugen,[2239],1,2042922,"['poverty, violence, justice system, equality']",2042922.0
1570,Gary Kovacs,[1436],1,2340376,"['technology, business, marketing, Internet, online privacy']",2340376.0
1571,Gary Lauder,[789],1,658100,"['culture, design, transportation, cities']",658100.0
1572,Gary Liu,[19461],1,1979714,"['technology, business, innovation, social change, future, communication, potential, Asia, china, society, social media, Internet, data, journalism']",1979714.0
1573,Gary Marcus,[111017],1,1584021,"['science, technology, computers, innovation, future, AI, democracy, machine learning']",1584021.0
1574,Gary Niekerk,[19785],1,9150,"['technology, Africa']",9150.0
1575,Gary Slutkin,[1840],1,906192,"['disease, health, medicine, violence']",906192.0
1576,Gary Wolf,[966],1,1175046,"['technology, design, health, psychology, statistics, medicine, decision-making']",1175046.0
1577,Gaspard Koenig,[16960],1,70309,"['biology, philosophy, self, identity, TEDx, bioethics']",70309.0
1578,Gastón Acurio,[17845],1,811591,"['culture, social change, food, community, society, South America, TED en Español']",811591.0
1579,Gautam Bhan,[5498],1,593806,"['engineering, cities, social change, poverty, india, infrastructure']",593806.0
1580,Gautam Shah,[101005],1,1314960,"['environment, technology, animals, nature, empathy, augmented reality, metaverse']",1314960.0
1581,Gavin McCormick,[83178],1,1809174,"['climate change, environment, science, sustainability, energy, pollution, space, government, data, Countdown']",1809174.0
1582,Gavin Pretor-Pinney,[1780],1,1398196,"['nature, photography, beauty, weather']",1398196.0
1583,Gavin Schmidt,[1988],1,1410886,"['climate change, environment, science, sustainability, computers, future, pollution, visualizations, water, math, weather, data, botany, algorithm, code, ecology']",1410886.0
1584,Gay Gordon-Byrne,[88261],1,2666316,"['environment, sustainability, technology, social change, creativity, society']",2666316.0
1585,Gaya Herrington,[137120],1,470781,"['environment, sustainability, economics, health care, humanity, money, Countdown']",470781.0
1586,Gayle King,[2770],1,2805997,"['media, interview, gender, love, relationships, race, parenting, sports, personal growth, women, family, social media, journalism, kids']",2805997.0
1588,Ge Wang,[2033],1,1255154,"['technology, entertainment, music, performance, TEDx']",1255154.0
1589,Geena Rocero,[1961],1,3787954,"['gender, activism, beauty, identity, fashion, Transgender, equality, LGBTQIA+']",3787954.0
1590,Geert Chatrou,[1073],1,2962085,"['entertainment, music, performance, TEDx']",2962085.0
1591,Geminelle,[89147],1,5610,"['music, performance']",5610.0
1592,Gemma Jackson,[58498],1,11107,"['design, media, film, television']",11107.0
1593,Gene Luen Yang,[13055],1,1580906,"['education, social change, creativity, art, society, TEDx, books, teaching']",1580906.0
1594,Genevieve Bell,[69385],1,2052406,"['technology, future, AI, humanity']",2052406.0
1595,Genevieve von Petzinger,[2377],1,10400102,"['science, invention, art, history, communication, anthropology, language, visualizations, humanity, writing, ancient world, TED Fellows, Europe']",10400102.0
1597,Geoffrey Canada,[1732],1,2559875,"['business, education, kids']",2559875.0
1598,Geoffrey West,[1197],1,1676168,"['science, business, cities, biology, math, infrastructure']",1676168.0
1599,George Ayittey,[151],1,824392,"['global issues, business, corruption, economics, entrepreneur, Africa, philanthropy, international development']",824392.0
1603,George Papandreou,[1765],1,848194,"['global issues, politics, economics, democracy, Europe']",848194.0
1604,George Steinmetz,[8787],1,516681,"['flight, Africa, nature, creativity, art, photography']",516681.0
1605,George T. Whitesides,[113386],1,1087819,"['climate change, environment, science, nature, natural disaster, trees, weather, conservation, Countdown']",1087819.0
1606,George Takei,[2038],1,3898080,"['politics, history, storytelling, war, personal growth, democracy, TEDx, kids']",3898080.0
1607,George Tulevski,[2660],1,1847568,"['science, technology, design, engineering, computers, innovation, nature, future, potential, chemistry']",1847568.0
1609,Georges C. Benjamin,[63655],1,1938301,"['disease, health, health care, community, medicine, public health, government, coronavirus, investing']",1938301.0
1610,Georgette Bennett,[100183],1,1500237,"['collaboration, social change, religion, humanity, compassion, refugees, human rights']",1500237.0
1611,Georgette Mulheir,[1601],1,947181,"['culture, social change, psychology, activism, parenting, sociology, family, youth, kids']",947181.0
1612,Geraldine Hamilton,[1882],1,1789609,"['biology, illness, TEDx, medical research']",1789609.0
1613,Gerard Ryle,[2553],1,1160060,"['global issues, technology, business, collaboration, communication, writing, society, Internet, government, data, journalism']",1160060.0
1614,Gerardo Reyes Chávez,[133969],1,439178,"['climate change, environment, collaboration, food, leadership, work, agriculture, weather, farming, Countdown']",439178.0
1615,Germán Santillán,[80103],1,1935967,"['culture, social change, food, history, society, TED Fellows, indigenous peoples']",1935967.0
1616,Gero Miesenboeck,[1000],1,781780,"['science, biology, brain, neuroscience']",781780.0
1618,Ghada Wali,[23658],1,1818630,"['design, social change, art, language, society, Middle East, graphic design']",1818630.0
1619,Giada Gerboni,[18219],1,1581547,"['technology, design, invention, innovation, robots, animals, nature, future']",1581547.0
1620,Gian Giudice,[1853],1,2271305,"['science, universe, physics, energy, exploration, String theory, dark matter, TEDx, nanotechnology']",2271305.0
1621,Gianluca Ambrosetti,[10041],1,18521,"['sustainability, energy, solar energy']",18521.0
1622,Giles Duley,[1528],1,264339,"['culture, storytelling, war, photography, personal growth, violence, TEDx, journalism, disability']",264339.0
1623,Giles E.D. Oldroyd,[143340],1,370847,"['climate change, science, food, agriculture, Countdown']",370847.0
1624,Gill Hicks,[2535],1,1006322,"['global issues, death, social change, community, activism, terrorism, violence, humanity, compassion, society, identity, TEDx']",1006322.0
1625,Gillian Frame,[53588],1,1530,"['music, performance']",1530.0
1626,Gillian Tett,[93333],1,1834169,"['culture, anthropology, personal growth, self, personality']",1834169.0
1627,Gina Brillon,[61903],1,63894,"['entertainment, performance, storytelling, comedy, humor']",63894.0
1628,Gina Chavez,[89409],1,29453,"['music, performance']",29453.0
1629,Gina Gutierrez,[92790],1,2535828,"['creativity, relationships, communication, personal growth, women, sex, sound']",2535828.0
1631,Gitte Frederiksen,[99617],1,1949510,"['business, leadership, work, compassion, equality']",1949510.0
1632,Giulia Enders,[3583],1,5171132,"['science, health, medicine, bacteria, TEDx, medical research, human body']",5171132.0
1633,Glen Henry,[11976],1,1380279,"['social change, creativity, parenting, personal growth, humanity, society, family, identity, TEDx, work-life balance, kids']",1380279.0
1634,Glen J. Golden,[137298],1,471714,"['disease, health, animals, smell, TEDx, pandemic']",471714.0
1636,Glenn Close,[122057],1,716983,"['social change, health, psychology, mental health, society, family, emotions']",716983.0
1637,Glenn Greenwald,[2106],1,2950293,"['Internet, government, journalism, surveillance, encryption, online privacy']",2950293.0
1638,Gloria Chan Packer,[97793],1,2241435,"['business, relationships, success, work, mental health, TEDx, work-life balance, worklife']",2241435.0
1639,Gloria Kasang Bulus,[66654],1,1309761,"['climate change, environment, social change, activism, leadership, Countdown']",1309761.0
1640,Gloria Steinem,[68987],1,1734502,"['politics, social change, gender, history, community, activism, leadership, personal growth, women, humanity, feminism, friendship, inclusion, human rights, equality']",1734502.0
1641,Gokul Upadhyayula,[67293],1,209547,"['science, biology, visualizations']",209547.0
1643,Golriz Lucina,[123281],1,656494,"['social change, gender, history, activism, poetry, leadership, personal growth, women, human rights']",656494.0
1644,Golshifteh Farahani,[110800],1,1336397,"['global issues, politics, social change, activism, poetry, race, war, women, humanity, Middle East, human rights, equality']",1336397.0
1645,Gonzalo Muñoz,[137925],1,464229,"['climate change, environment, sustainability, business, food, agriculture, government, policy, farming, Countdown']",464229.0
1646,Gonzalo Vilariño,[2568],1,614246,"['collaboration, education, community, sports, personal growth, TEDx, disability, TED en Español, blindness']",614246.0
1647,Gopal D. Patel,[118441],1,753262,"['climate change, environment, social change, community, religion, activism, motivation, personal growth, Countdown']",753262.0
1649,Gowri Shankar,[76220],1,2060015,"['science, animals, biology, biodiversity, TED Fellows, conservation']",2060015.0
1650,Grace Kim,[2827],1,2569834,"['design, architecture, cities, urban planning, community, society']",2569834.0
1651,Grady Booch,[2689],1,3035806,"['science, technology, design, engineering, invention, computers, software, innovation, robots, cognitive science, future, philosophy, communication, language, brain, AI, humanity, society, identity, fear, data, algorithm, machine learning']",3035806.0
1652,Graham Allison,[26708],1,4738773,"['global issues, politics, economics, future, history, war, United States, Asia, china, international relations']",4738773.0
1653,Graham Hawkes,[388],1,444547,"['technology, design, invention, business, exploration, ocean']",444547.0
1655,Graham Shaw,[13589],1,41487432,"['design, creativity, art, communication, personal growth, potential, public speaking']",41487432.0
1656,Graham Worthy,[35620],1,14757,"['environment, science, collaboration, education, communication']",14757.0
1657,Greg Anderson,[72829],1,1658233,"['science, technology, social change, history, philosophy, universe, ancient world, society, TEDx']",1658233.0
1658,Greg Asner,[1874],1,852380,"['climate change, environment, science, sustainability, technology, Africa, animals, nature, photography, biodiversity, visualizations, drones, trees, weather, botany, conservation, ecology, plants, natural resources, maps']",852380.0
1659,Greg Brockman,[110298],1,4024425,"['technology, computers, innovation, creativity, future, language, AI, machine learning']",4024425.0
1660,Greg De Temmerman,[144375],1,348301,"['climate change, environment, science, sustainability, pollution, policy, Countdown, renewable energy']",348301.0
1662,Greg Lukianoff,[148432],1,331836,"['politics, social change, communication, activism, language, society, democracy, protest']",331836.0
1663,Greg Lynn,[430],1,472042,['design'],472042.0
1664,Greg Stone,[998],1,552138,"['global issues, science, Mission Blue, ocean']",552138.0
1665,Gregg Garn,[21930],1,10994,"['education, community, work, teaching']",10994.0
1666,Gregory Berns,[44386],1,3286540,"['science, animals, relationships, neuroscience, emotions']",3286540.0
1667,Gregory Heyworth,[2430],1,877954,"['culture, science, technology, computers, creativity, history, library, literature, ancient world, society, TEDx, books, archaeology']",877954.0
1668,Gregory Petsko,[408],1,1072339,"[""science, technology, business, social change, health, aging, brain, public health, Alzheimer's""]",1072339.0
1669,Gregory Stock,[515],1,579282,"['science, technology, biotech, genetics, evolution, biology, kids']",579282.0
1670,Greta Thunberg,[32560],1,6540602,"['climate change, environment, politics, sustainability, social change, activism, pollution, society, TEDx, Anthropocene']",6540602.0
1672,Grégoire Courtine,[1860],1,1035126,"['science, technology, biotech, innovation, health care, animals, biology, medicine, brain, neuroscience, medical research, disability']",1035126.0
1673,Guadalupe Nogués,[52942],1,2773468,"['collaboration, communication, empathy, society']",2773468.0
1674,Guillaume Néry,[2378],1,1233589,"['sports, exploration, consciousness, TEDx, meditation, mindfulness, ocean']",1233589.0
1675,Gunjan Bhardwaj,[31243],1,17476,"['health care, AI, data, blockchain']",17476.0
1676,Guntur V. Subbarao,[99819],1,385149,"['climate change, science, sustainability, biotech, future, agriculture, farming, plants, Countdown']",385149.0
1677,Gus Casely-Hayford,[3362],1,1327367,"['culture, education, Africa, history, storytelling, humanity, ancient world, teaching']",1327367.0
1678,Gus Worland,[111608],1,1680563,"['health, psychology, relationships, communication, community, personal growth, brain, depression, mental health, suicide, emotions']",1680563.0
1679,Gustavo Dudamel,[466],1,3093694,"['culture, entertainment, music, performance, education, TED Prize, conducting, kids']",3093694.0
1680,Guy Harvey,[40709],1,39271,"['science, art, fish, conservation, ocean']",39271.0
1681,Guy Hoffman,[1908],1,3115069,"['technology, entertainment, music, robots, AI, TEDx']",3115069.0
1683,Guy-Philippe Goldstein,[1250],1,607176,"['global issues, politics, technology, computers, terrorism, war, TEDx']",607176.0
1684,Gwen Yi Wong,[70043],1,25850,"['relationships, empathy, emotions']",25850.0
1685,Gwynne Shotwell,[14615],1,3757981,"['science, engineering, business, entrepreneur, rocket science, innovation, future, leadership, universe, exploration, space, humanity, curiosity, aliens']",3757981.0
1686,H.E. Ellen Johnson Sirleaf,[63727],1,2007384,"['social change, Africa, gender, community, leadership, women, government']",2007384.0
1687,HEAVY BOOTS,[147591],1,5383,"['music, performance, dance']",5383.0
1688,HY William Chan,[41093],1,18242,"['technology, architecture, cities, future, refugees']",18242.0
1689,Haas,[2129],1,2014782,"['cities, art, community']",2014782.0
1690,Haaziq Kazi,[48627],1,77684,"['global issues, sustainability, technology, plastic, youth']",77684.0
1691,Hadi Eldebek,[3618],1,1445146,"['culture, technology, education, art, TED Residency']",1445146.0
1692,Hadyn Parry,[1641],1,1067574,"['global issues, science, technology, engineering, DNA, biotech, genetics, innovation, disease, health, animals, biomimicry, insects, illness, public health, pandemic, ecology, synthetic biology']",1067574.0
1693,Hahn,[2129],1,2014782,"['cities, art, community']",2014782.0
1694,Hailey Hardcastle,[62679],1,3990276,"['education, law, mental health, TEDx, youth, policy']",3990276.0
1695,Hajer Sharief,[46575],1,3779021,"['culture, politics, social change, activism, parenting, women, society, democracy, Middle East, kids']",3779021.0
1696,Hal Harvey,[66457],1,1569773,"['climate change, environment, sustainability, technology, innovation, leadership, energy, Countdown']",1569773.0
1697,Haley Stack,[41912],1,16031,"['education, social change, law, society, journalism']",16031.0
1698,Haley Van Dyck,[2465],1,1188024,"['technology, innovation, health care, future, potential, society, Internet, government, code']",1188024.0
1699,Halima Aden,[21039],1,1676792,"['culture, global issues, community, humanity, society, identity, fashion, TEDx, refugees']",1676792.0
1701,Hamdi Ulukaya,[41225],1,4649774,"['business, economics, social change, leadership, work, society']",4649774.0
1702,Hamish Jolly,[1981],1,2858311,"['design, biomimicry, sports, TEDx, ocean']",2858311.0
1703,Hamish McKenzie,[148378],1,348718,"['culture, technology, media, creativity, Internet, tech']",348718.0
1704,Handspring Puppet Co.,[1108],1,2180643,"['design, entertainment, performance, animals, theater']",2180643.0
1705,Hani Goodarzi,[124518],1,610885,"['science, technology, computers, health, health care, cancer, medicine, AI, medical research, machine learning, human body']",610885.0
1706,Hanjo Seibert,[127862],1,562324,"['business, economics, law, crime, money']",562324.0
1707,Hank Willis Thomas,[6493],1,1038532,"['politics, collaboration, social change, creativity, art, history, communication, race, photography, humanity, society, family, identity, equality']",1038532.0
1708,Hanna Rosin,[1033],1,1168557,"['culture, global issues, economics, education, gender, women, feminism']",1168557.0
1709,Hannah Boquet,[160410],1,265996,"['technology, entertainment, relationships, parenting, sports, personal growth, gaming, family, kids']",265996.0
1710,Hannah Brencher,[1603],1,4112136,"['culture, communication']",4112136.0
1711,Hannah Bürckstümmer,[9983],1,1471404,"['science, technology, innovation, energy, pollution, solar energy, electricity']",1471404.0
1712,Hannah Fisher,[88890],1,4380,"['music, performance, Countdown']",4380.0
1714,Hannah Gadsby,[40181],1,3570931,"['performance, creativity, art, storytelling, personal growth, comedy, humor, Autism spectrum disorder']",3570931.0
1715,Hannah Ritchie,[117938],1,1344564,"['climate change, environment, science, sustainability, social change, future, history, humanity, data, Countdown']",1344564.0
1716,Hans,[2090],1,6747954,"['global issues, health, statistics']",6747954.0
1717,Hans Block,[51071],1,2098635,"['technology, social change, activism, society, social media, TEDx, Internet']",2098635.0
1720,Harald Eia,[39220],1,2400241,"['global issues, economics, government, capitalism, international development']",2400241.0
1722,Hari Nef,[21937],1,119755,"['culture, social change, gender, women, violence, identity, Transgender, LGBTQIA+']",119755.0
1723,Harish Manwani,[1904],1,1876328,"['sustainability, business']",1876328.0
1724,Harjeet Singh,[160608],1,269370,"['climate change, environment, science, sustainability, technology, agriculture, farming, Countdown, adaptation']",269370.0
1725,Harrison Chase,[121072],1,16746,"['technology, computers, innovation, future, communication, AI, data']",16746.0
1726,Harrison Scott Key,[45137],1,143273,"['United States, personal growth, humor, society']",143273.0
1728,Harry Cliff,[2396],1,2774645,"['science, technology, innovation, nature, future, universe, physics, exploration, space, Big Bang, dark matter, quantum']",2774645.0
1729,Harsha Bhogle,[780],1,1132305,"['culture, business, entertainment, sports, india']",1132305.0
1730,Hartmut Neven,[134650],1,1277920,"['science, sustainability, technology, computers, innovation, medicine, AI, neuroscience, quantum']",1277920.0
1731,Harvey Fineberg,[1131],1,1155845,"['science, technology, evolution, philosophy, medicine, bioethics, marine biology']",1155845.0
1732,Harvey Mason jr.,[146813],1,362138,"['technology, entertainment, music, innovation, creativity, art, AI']",362138.0
1733,Hasan Elahi,[1258],1,948380,"['art, war, Internet, data, surveillance']",948380.0
1734,Hasan Kwame Jeffries,[66725],1,2115991,"['education, history, storytelling, race, society, TEDx, equality']",2115991.0
1735,Hasini Jayatilaka,[20919],1,1880098,"['science, innovation, cancer, medicine, TEDx, medical research, discovery, human body']",1880098.0
1736,Hawa Abdi + Deqo Mohamed,[1071],1,490251,"['global issues, science, health, community, medicine, women']",490251.0
1737,Hayley Yeates,[10548],1,194308,"['success, identity, diversity']",194308.0
1738,Heart of Mind,[10578],1,2966,"['music, performance']",2966.0
1739,Heather Barnett,[2048],1,1471442,"['science, biotech, collaboration, art, biology, biomimicry, visualizations, bacteria, microbiology, Internet, 3D printing']",1471442.0
1740,Heather Brooke,[1594],1,1122080,"['culture, politics, corruption, democracy, journalism']",1122080.0
1741,Heather C. McGhee,[54262],1,2745657,"['economics, social change, race, United States, society, equality']",2745657.0
1742,Heather Knight,[1058],1,928566,"['science, technology, entertainment, robots, comedy, AI, humor']",928566.0
1743,Heather Lanier,[6553],1,3078722,"['love, parenting, personal growth, humanity, society, family, disability, kids']",3078722.0
1744,Heather Meeker,[121073],1,7951,"['technology, computers, software, AI, code']",7951.0
1745,Hector Garcia,[2624],1,1203918,"['military, psychology, war, depression, mental health, society, PTSD']",1203918.0
1746,Hector Ruiz,[255],1,366213,"['global issues, technology, education, Africa, philanthropy']",366213.0
1747,Heejae Lim,[96575],1,1974472,"['technology, education, innovation, love, communication, parenting, language, family, TED Fellows, teaching']",1974472.0
1748,Heidi Boisvert,[50988],1,2065736,"['science, media, social change, AI, empathy, society, machine learning, TED Residency']",2065736.0
1749,Heidi Grant,[44339],1,3278366,"['science, psychology, communication, success, work, personal growth, productivity']",3278366.0
1750,Heidi Hammel,[99523],1,1542662,"['science, technology, NASA, future, astronomy, universe, Planets, space, solar system, telescopes, aliens']",1542662.0
1751,Heidi Larson,[65389],1,390057,"['politics, health, medicine, humanity, empathy, public health, Vaccines, TEDMED']",390057.0
1752,Heidi M. Sosik,[14485],1,1489948,"['climate change, environment, science, biosphere, animals, nature, biology, future, biodiversity, water, chemistry, marine biology, The Audacious Project, ocean']",1489948.0
1753,Heidi Sørensen,[99784],1,1416229,"['climate change, environment, politics, science, cities, urban planning, social change, energy, pollution, humanity, Countdown, renewable energy']",1416229.0
1754,Helder Guimarães,[2206],1,2282282,"['entertainment, illusion, magic']",2282282.0
1755,Helen Czerski,[2862],1,1931748,"['science, physics, TEDx']",1931748.0
1757,Helen Gillet,[15814],1,488126,"['entertainment, music, performance']",488126.0
1758,Helen Marriage,[37442],1,401465,"['culture, creativity, art, community, humanity, society']",401465.0
1759,Helen Pearson,[2883],1,3095031,"['science, economics, education, relationships, communication, parenting, aging, happiness, personal growth, humanity, data, journalism, kids']",3095031.0
1760,Helen Toner,[129460],1,593221,"['technology, computers, innovation, future, AI, policy, machine learning']",593221.0
1761,Helen Tupper,[77145],1,2027752,"['business, work, personal growth, TEDx']",2027752.0
1762,Helianti Hilman,[138089],1,518002,"['climate change, environment, sustainability, food, health, biodiversity, policy, Countdown']",518002.0
1763,Hendrik Poinar,[1751],1,1172783,"['animals, evolution, anthropology, TEDx, deextinction']",1172783.0
1764,Heni Ozi Cukier,[157593],1,577909,"['culture, politics, economics, military, social change, war, humanity, society, TEDx']",577909.0
1765,Henna Pryor,[136523],1,595101,"['business, communication, leadership, work, fear, TEDx, work-life balance, emotions']",595101.0
1766,Henna-Maria Uusitupa,[52467],1,2611115,"['science, disease, health, biology, bacteria, microbiology, medical research, pregnancy']",2611115.0
1767,Henrietta Fore,[26264],1,1946795,"['global issues, business, economics, collaboration, social change, future, community, activism, potential, humanity, youth, kids, international development']",1946795.0
1768,Henry Evans,[1875],1,1292385,"['culture, technology, TEDx, disability']",1292385.0
1769,Henry Lin,[1936],1,1457250,"['science, astronomy, universe, physics, energy, space, dark matter, youth']",1457250.0
1770,Henry Markram,[659],1,1594151,"['technology, computers, philosophy, brain, consciousness, neuroscience']",1594151.0
1771,Herbie Hancock,[729],1,844182,"['music, performance']",844182.0
1772,Heribert Watzke,[984],1,1898509,"['science, technology, food, biology']",1898509.0
1773,Herman Narula,[49735],1,1986515,"['culture, technology, entertainment, social change, communication, community, gaming, society, Internet']",1986515.0
1774,Herminia Ibarra,[19702],1,126289,"['business, leadership, work, vulnerability']",126289.0
1775,Hernán Casciari,[15693],1,1145080,"['death, self, TED en Español, emotions']",1145080.0
1776,Hetain Patel,[1849],1,3166284,"['culture, performance, art, dance, identity']",3166284.0
1777,Hilary Cottam,[2364],1,926050,"['social change, community']",926050.0
1778,Hilde Stenuit,[117582],1,43701,"['science, medicine, space, medical research, drugs']",43701.0
1779,Hillel Cooperman,[894],1,1247119,"['design, entrepreneur, entertainment, gaming, kids, toys']",1247119.0
1780,Hindou Oumarou Ibrahim,[60914],1,1392184,"['climate change, environment, science, nature, activism, indigenous peoples']",1392184.0
1781,Hiroki Koga,[135320],1,631882,"['technology, business, innovation, food, future, solar energy, agriculture, farming']",631882.0
1782,Hiromi Ozaki,[49395],1,22687,"['science, biotech, art, TED Fellows']",22687.0
1784,His Holiness the Karmapa,[946],1,1082018,"['culture, religion, happiness, brain, society, mindfulness']",1082018.0
1785,Hod Lipson,[165],1,1544286,"['technology, design, robots, cognitive science, evolution, demo, AI']",1544286.0
1786,Holley Moyes,[21911],1,31287,"['science, psychology, anthropology, exploration, curiosity']",31287.0
1787,Holly Herndon,[95654],1,1828307,"['technology, music, performance, creativity, art, future, AI']",1828307.0
1788,Holly Morris,[1857],1,1200404,"['natural disaster, nuclear energy']",1200404.0
1789,Homaro Cantu + Ben Roche,[1304],1,1009178,"['culture, business, food, creativity, agriculture']",1009178.0
1790,Hongqiao Liu,[82956],1,1756182,"['climate change, sustainability, energy, china, electricity, Countdown']",1756182.0
1792,Howard C. Stevenson,[10666],1,2633170,"['education, social change, communication, community, race, leadership, United States, humanity, society, identity, TEDMED']",2633170.0
1793,Howard Rheingold,[216],1,1388750,"['culture, global issues, business, collaboration, communication, community, humanity']",1388750.0
1794,Howard Taylor,[46594],1,44626,"['global issues, social change, activism, violence, youth, kids']",44626.0
1795,Hrishikesh Hirway,[81988],1,3512493,"['music, relationships, communication, personal growth']",3512493.0
1796,Hrund Gunnsteinsdóttir,[137123],1,763295,"['climate change, environment, creativity, leadership, personal growth, decision-making, consciousness, Countdown']",763295.0
1797,Hu Liang,[19129],1,9752,"['business, Internet, investing']",9752.0
1798,Huang Hung,[62592],1,2271314,"['culture, politics, United States, Asia, china, society, virus, government, pandemic, coronavirus']",2271314.0
1799,Huang Yi,[3280],1,549240,"['music, performance, robots, creativity, art, dance']",549240.0
1800,Hubertus Knabe,[2053],1,1285455,"['history, Europe, government, surveillance']",1285455.0
1801,Hugh Evans,[2477],1,2304666,"['climate change, global issues, politics, collaboration, social change, future, communication, community, activism, humanity, identity, social media, government, policy, equality']",2304666.0
1803,Hui-wen Sato,[4856],1,105711,"['health, mental health, empathy, emotions']",105711.0
1804,Huma Yusuf,[99216],1,1467294,"['climate change, global issues, natural disaster, government, Countdown, international relations, international development']",1467294.0
1805,Hyeonmi Kim,[89709],1,1850316,"['culture, entertainment, media, innovation, art, storytelling']",1850316.0
1806,Hyeonseo Lee,[1694],1,26864540,"['culture, global issues, Asia, family']",26864540.0
1807,IN-Q,[10366],1,47298,"['performance, poetry, spoken word']",47298.0
1808,Iain Hutchison,[1080],1,682470,"['culture, science, design, community, body language, medical research, Surgery']",682470.0
1809,Ian Barnes,[21148],1,50106,"['science, biology, history, race, archaeology']",50106.0
1810,Ian Bassin,[126805],1,548860,"['culture, social change, future, democracy, government']",548860.0
1812,Ian Chang,[97413],1,16199,"['music, performance']",16199.0
1813,Ian Firth,[18592],1,1292293,"['engineering, architecture, innovation, creativity, community, beauty, identity, infrastructure, public space']",1292293.0
1814,Ian Goldin,[665],1,1311824,"['global issues, technology, economics, future, international development, equality']",1311824.0
1815,Ian Kerner,[87484],1,481231,"['health, love, relationships, communication, personal growth, humanity, sex']",481231.0
1816,Ian Ritchie,[1244],1,665282,"['technology, business, history, Internet']",665282.0
1817,Ian Strange,[21354],1,17937,"['design, architecture, art, community, photography']",17937.0
1818,Ibram X. Kendi,[64196],1,3154182,"['social change, history, activism, race, United States, policy, equality']",3154182.0
1819,Iké Udé,[11089],1,287269,"['social change, Africa, creativity, art, photography, personal growth, beauty, identity']",287269.0
1820,Ilissa Ocko,[83110],1,2429701,"['climate change, environment, sustainability, pollution, Countdown, fossil fuels']",2429701.0
1821,Ilona Stengel,[9930],1,1371647,"['science, innovation, creativity, emotions']",1371647.0
1823,Ilyena Hirskyj-Douglas,[156374],1,288888,"['technology, computers, innovation, animals, relationships, communication, TEDx, Internet']",288888.0
1824,Ilyess El Kortbi,[97698],1,3872,"['climate change, global issues, future, war, fossil fuels']",3872.0
1825,Imogen Heap,[639],1,1138728,"['entertainment, music, performance, creativity']",1138728.0
1826,Imogen Malpas,[63771],1,82370,"['science, health, communication, brain, identity']",82370.0
1827,Improv Everywhere,[1382],1,3439785,"['entertainment, performance']",3439785.0
1828,Imran Chaudhri,[111150],1,3693730,"['technology, invention, computers, future, communication, AI, machine learning']",3693730.0
1829,Inara George,[1358],1,254525,"['music, performance, family, TEDx']",254525.0
1830,Indre Viskontas,[46453],1,92142,"['science, music, art, brain, neuroscience']",92142.0
1831,Inge Missmahl,[968],1,466742,"['global issues, psychology, war, poverty, brain, violence, depression, mental health, PTSD']",466742.0
1832,Ingrid Betancourt,[2830],1,1070172,"['politics, activism, war, personal growth, violence, fear, South America, TED en Español']",1070172.0
1833,Ingrid Fetell Lee,[15722],1,3247457,"['design, nature, creativity, evolution, happiness, humanity']",3247457.0
1834,Inhi Cho Suh,[10042],1,18478,"['health, health care, medicine, data, algorithm']",18478.0
1835,Inés Hercovich,[3591],1,711978,"['culture, social change, gender, activism, women, violence, humanity, society, TEDx, sexual violence, TED en Español']",711978.0
1836,Ione Wells,[2597],1,1351361,"['social change, communication, community, activism, violence, social media, Internet, journalism, sexual violence']",1351361.0
1837,Ipsita Dasgupta,[52397],1,1554140,"['invention, collaboration, innovation, social change, gender, future, potential, humanity, empathy, society']",1554140.0
1838,Iqbal Quadir,[79],1,658005,"['culture, global issues, technology, invention, business, transportation, communication, poverty, finance, renewable energy, international development, investing']",658005.0
1839,Ira Bedzow,[147328],1,415074,"['relationships, community, leadership, work, personal growth, identity, work-life balance, emotions, ethics']",415074.0
1840,Irena Arslanova,[141873],1,481738,"['health, time, brain, neuroscience, TEDx, human body, heart']",481738.0
1841,Irene Mora,[8153],1,122771,"['parenting, women, women in business, family, kids']",122771.0
1842,Irina Karamanos Adrian,[120209],1,873745,"['politics, social change, gender, personal growth, democracy, government, feminism, South America']",873745.0
1843,Irina Kareva,[9984],1,1297344,"['science, innovation, health, biology, medicine, math, human body']",1297344.0
1844,Irma L. Olguin Jr.,[82218],1,2645910,"['technology, computers, cities, education, work']",2645910.0
1845,Irwin Redlener,[344],1,847402,"['global issues, technology, history, war, medicine']",847402.0
1846,Isaac Lidsky,[2594],1,3764952,"['success, motivation, personal growth, brain, decision-making, humanity, identity, fear, blindness']",3764952.0
1847,Isaac Mizrahi,[396],1,1228432,"['design, business, entertainment, media, creativity, humor, fashion']",1228432.0
1848,Isaac Saul,[133464],1,520304,"['politics, media, social change, communication, community, language, identity, democracy, journalism']",520304.0
1850,Isabel Behncke,[1102],1,1077505,"['culture, science, animals, TED Fellows']",1077505.0
1851,Isabel Wijsen,[2418],1,2012991,"['environment, sustainability, engineering, education, future, consumerism, activism, pollution, plastic, youth, international development, ocean']",2012991.0
1852,Isabel Wilkerson,[10274],1,2938808,"['social change, history, race, United States, society, identity, Slavery, equality']",2938808.0
1853,Isabella Kirkland,[118716],1,682740,"['climate change, social change, animals, art, humanity, conservation, Countdown']",682740.0
1854,Isabelle Boemeke,[97160],1,1816005,"['climate change, culture, environment, sustainability, technology, energy, social media, nuclear energy, electricity, Countdown']",1816005.0
1855,Isadora Kosofsky,[22992],1,574224,"['culture, art, love, relationships, storytelling, photography, aging, humanity, society, identity, TED Fellows']",574224.0
1856,Isata Kanneh-Mason,[65446],1,3969,"['music, performance']",3969.0
1857,Ise Lyfe,[9474],1,8340,"['poetry, spoken word, humanity']",8340.0
1858,Isha Datar,[82095],1,2409637,"['science, sustainability, technology, food, animals, biology, future, agriculture, farming, Countdown']",2409637.0
1859,Ishan Bhabha,[67900],1,1461950,"['politics, social change, communication, community, society, social media']",1461950.0
1860,Ismael Nazario,[2207],1,1630826,"['cities, social change, activism, violence, crime, prison, TEDx, youth']",1630826.0
1861,Itamar Mann,[76213],1,1573718,"['politics, social change, activism, law, TED Fellows, Europe, refugees, human rights']",1573718.0
1862,Itay Talgam,[663],1,4525760,"['business, music, psychology, leadership, society, conducting']",4525760.0
1863,Ivan Coyote,[2433],1,1833878,"['design, social change, gender, future, storytelling, identity, TEDx, Transgender, LGBTQIA+']",1833878.0
1864,Ivan Krastev,[1547],1,803873,"['culture, global issues, politics, democracy, Europe, protest']",803873.0
1865,Ivan Oransky,[1481],1,737457,"['culture, science, disease, health, health care, cancer, activism, aging, medicine, sports, public health, society, bioethics']",737457.0
1866,Ivan Poupyrev,[40636],1,650399,"['technology, design, engineering, invention, computers, collaboration, creativity, future, product design, demo, potential, Internet, code, UX design']",650399.0
1867,Ivonne Roman,[45612],1,2018396,"['social change, gender, United States, work, women, TED Fellows, feminism, justice system, diversity']",2018396.0
1868,Iwan Baan,[1846],1,1688795,"['culture, design, cities, creativity, photography']",1688795.0
1869,Iyad Rahwan,[2824],1,1326467,"['technology, transportation, innovation, AI, law, TEDx, driverless cars, ethics']",1326467.0
1870,J Mase III,[109969],1,1271820,"['social change, society, TEDx, money, finance, ethics']",1271820.0
1871,J. Marshall Shepherd,[28429],1,3062760,"['climate change, culture, science, psychology, TEDx, personality']",3062760.0
1872,J.D. Vance,[2588],1,4313784,"['economics, cities, social change, history, community, poverty, United States, personal growth, family, identity, capitalism, addiction, kids']",4313784.0
1873,J.J. Abrams,[205],1,4500269,"['technology, entertainment, storytelling, film, humor']",4500269.0
1874,JA Collective,[138091],1,62963,"['music, performance, dance']",62963.0
1875,JD Schramm,[1167],1,2059909,"['culture, storytelling, communication, depression, mental health, suicide']",2059909.0
1876,JP Rangaswami,[1441],1,759173,"['philosophy, data']",759173.0
1878,Jaap de Roode,[2181],1,1198615,"['science, disease, health, animals, biology, biomimicry, medicine, insects, microbiology, medical research, plants']",1198615.0
1879,Jacek Utko,[501],1,1198557,"['culture, design, business, media, creativity, typography']",1198557.0
1880,Jack Andraka,[1787],1,5254122,"['science, disease, health, cancer, biology, medicine, Internet, medical research, youth, nanotechnology']",5254122.0
1881,Jack Choi,[1411],1,1112351,"['technology, health care, medical research, UX design']",1112351.0
1882,Jack Conte,[2838],1,1445201,"['business, entrepreneur, music, creativity, art, money']",1445201.0
1884,Jack Dorsey,[39498],1,2395645,"['culture, technology, entrepreneur, social change, communication, democracy, social media, Internet']",2395645.0
1885,Jack Foster,[14610],1,14978,"['film, visualizations']",14978.0
1887,Jack Levis,[13028],1,42654,"['technology, transportation, innovation']",42654.0
1888,Jack Sinclair,[20464],1,16890,"['sustainability, food']",16890.0
1889,Jackie Gartner-Schmidt,[19659],1,319946,"['science, communication, fear, sound, human body']",319946.0
1890,Jackie Savitz,[2003],1,1371843,"['sustainability, TEDx, ocean']",1371843.0
1891,Jackie Tabick,[673],1,241829,"['global issues, religion, compassion']",241829.0
1892,Jackson Bird,[3613],1,2072157,"['culture, social change, activism, society, identity, Transgender, TED Residency, LGBTQIA+']",2072157.0
1893,Jackson Browne,[1117],1,720635,"['entertainment, music, performance, TED Prize, TEDx, ocean']",720635.0
1894,Jackson Katz,[1753],1,3020753,"['gender, women, violence, identity, TEDx, feminism, sexual violence']",3020753.0
1895,Jacob Collier,[8588],1,1498466,"['entertainment, music, performance, art, visualizations']",1498466.0
1896,Jacqueline DiBiasie-Sammons,[107412],1,297579,"['art, history, ancient world, TEDx, Europe']",297579.0
1898,Jacqueline Woodson,[46522],1,3091982,"['creativity, storytelling, communication, language, personal growth, literature, writing, books']",3091982.0
1899,Jacy Reese Anthis,[12650],1,191547,"['global issues, science, food, health, animals, agriculture']",191547.0
1900,Jad Abumrad,[64534],1,3070548,"['entertainment, media, creativity, art, relationships, storytelling, community, humanity, writing, journalism']",3070548.0
1901,Jade Begay,[105688],1,19614,"['climate change, environment, sustainability, social change, policy, indigenous peoples, Countdown']",19614.0
1902,Jae Rhim Lee,[1247],1,1842278,"['sustainability, design, invention, death, art, TED Fellows, fungi']",1842278.0
1903,Jaime Lerner,[213],1,830550,"['culture, sustainability, design, transportation, cities, Brazil, humor, South America, infrastructure']",830550.0
1904,Jaime Rojo,[138366],1,503783,"['science, nature, creativity, art, photography, insects']",503783.0
1905,Jaime Seeman,[158395],1,471986,"['science, health, health care, aging, women, TEDx']",471986.0
1906,Jake Barton,[1817],1,845354,"['design, collaboration, museums']",845354.0
1907,Jake Wood,[1608],1,609024,"['global issues, military, natural disaster, suicide, TEDx, PTSD']",609024.0
1908,Jakob Magolan,[16782],1,2005300,"['science, education, chemistry, TEDx, teaching']",2005300.0
1909,Jakob Trollback,[241],1,562495,"['design, entertainment, music, art, film, demo, visualizations, Internet, animation']",562495.0
1910,Jamais Cascio,[439],1,270316,"['culture, global issues, technology, social change, future']",270316.0
1911,James A. White Sr.,[2198],1,1391238,"['social change, race, society, TEDx, equality']",1391238.0
1912,James B. Glattfelder,[1668],1,2990984,"['global issues, business, economics, TEDx, data, equality']",2990984.0
1913,James Balog,[628],1,1150382,"['climate change, global issues, science, technology, photography']",1150382.0
1914,James Beacham,[2654],1,1680846,"['science, engineering, collaboration, innovation, nature, future, history, universe, physics, motivation, exploration, dark matter, TEDx, data, discovery, quantum']",1680846.0
1915,James Bickerton,[18810],1,21536,"['business, economics, music']",21536.0
1916,James Bridle,[18469],1,7901694,"['culture, technology, computers, social change, future, communication, violence, humanity, society, Internet, data, algorithm, kids']",7901694.0
1917,James Burchfield,[364],1,888277,"['entertainment, music, performance, illusion, humor']",888277.0
1918,James Cameron,[785],1,2435950,"['technology, entertainment, nature, storytelling, film, writing, science fiction, ocean']",2435950.0
1919,James Curleigh,[6056],1,49811,"['culture, business, consumerism, marketing']",49811.0
1920,James Flynn,[1828],1,4873736,"['culture, education']",4873736.0
1921,James Forbes,[675],1,282077,"['global issues, religion, compassion']",282077.0
1922,James Geary,[716],1,1128933,"['music, art, poetry, language, writing, books']",1128933.0
1923,James Green,[2550],1,1983700,"['science, technology, innovation, nature, astronomy, universe, physics, water, space, microbiology, chemistry, data, solar system, Mars, astrobiology, aliens']",1983700.0
1924,James Hansen,[1380],1,1739467,"['climate change, environment, global issues, science']",1739467.0
1925,James Hodge,[92863],1,1710281,"['technology, computers, innovation, community, sports, gaming']",1710281.0
1926,James Howard Kunstler,[121],1,2378051,"['culture, design, transportation, architecture, cities, consumerism, energy, renewable energy']",2378051.0
1927,James Irungu Mwangi,[94631],1,1764731,"['climate change, environment, sustainability, technology, Africa, energy, Countdown']",1764731.0
1928,James K. Thornton,[87933],1,1807142,"['climate change, environment, politics, social change, pollution, china, law, Countdown']",1807142.0
1929,James Keblas,[46455],1,4834,"['culture, music, creativity, art, community']",4834.0
1930,James Kozloski,[9472],1,9882,"['science, innovation, brain, neuroscience']",9882.0
1932,James Lyne,[1820],1,1875292,"['technology, crime, finance']",1875292.0
1933,James Mnyupe,[157975],1,313111,"['climate change, sustainability, industrial design, collaboration, Africa, natural resources, Countdown, renewable energy']",313111.0
1935,James Orsulak,[8529],1,31539,"['environment, sustainability, technology, space, manufacturing']",31539.0
1936,James Patten,[1984],1,1125165,"['design, computers, TED Fellows, code, UX design']",1125165.0
1937,James Randi,[835],1,6629556,"['culture, science, health, magic']",6629556.0
1938,James Rhee,[84182],1,2307806,"['business, communication, leadership, work, work-life balance, emotions, heart']",2307806.0
1939,James Stavridis,[1513],1,793427,"['global issues, software, collaboration, terrorism, war, violence, social media']",793427.0
1940,James Surowiecki,[390],1,561919,"['culture, technology, entertainment, media, social change, social media']",561919.0
1942,James Watson,[35],1,2155055,"['culture, science, technology, invention, DNA, genetics, history, storytelling']",2155055.0
1943,Jamey Stillings,[89545],1,13471,"['climate change, sustainability, photography, energy, Countdown, renewable energy']",13471.0
1944,Jamie Bartlett,[2322],1,5786725,"['business, economics, crime, social media, shopping, Internet, encryption, online privacy']",5786725.0
1945,Jamie C. Beard,[81388],1,2144809,"['climate change, environment, sustainability, technology, innovation, energy, Countdown']",2144809.0
1946,Jamie Drummond,[1510],1,625905,"['global issues, health care, poverty, international development, goals']",625905.0
1947,Jamie Heywood,[759],1,624900,"['entrepreneur, media, collaboration, health, health care, community, medicine']",624900.0
1948,Jamie Oliver,[765],1,11048272,"['global issues, business, education, food, health']",11048272.0
1949,Jamie Paik,[44823],1,856350,"['science, technology, design, engineering, innovation, robots, future, demo, space']",856350.0
1950,Jamie Woolf,[157082],1,367943,"['business, leadership, work, personal growth, TEDx']",367943.0
1951,Jamil Abu-Wardeh,[934],1,1244067,"['entertainment, comedy, humor']",1244067.0
1953,Jamila Gordon,[68119],1,1561872,"['technology, innovation, work, AI, algorithm, refugees, equality']",1561872.0
1954,Jamila Lyiscott,[2028],1,5841109,"['culture, race, language, spoken word']",5841109.0
1955,Jamila Raqib,[2524],1,1109257,"['global issues, military, collaboration, communication, community, terrorism, war, violence, humanity, society, protest']",1109257.0
1956,Jan Chipchase,[190],1,857160,"['culture, global issues, technology, design, cities, communication']",857160.0
1957,Jan Denecker,[12946],1,57874,"['health care, public health, international development']",57874.0
1958,Jan Rader,[29775],1,1971528,"['social change, disease, health, community, leadership, personal growth, public health, society, addiction, drugs']",1971528.0
1959,Jan Wurzbacher,[107194],1,1592735,"['climate change, global issues, technology, future, pollution, Countdown']",1592735.0
1960,Jane Chen,[752],1,1070937,"['design, invention, entrepreneur, innovation, health, medicine, TED Fellows, kids']",1070937.0
1961,Jane Ferguson,[120677],1,628806,"['global issues, media, social change, gender, war, travel, Middle East, journalism']",628806.0
1965,Jane Poynter,[573],1,1371646,"['climate change, environment, biotech, space, TEDx, ecology']",1371646.0
1966,Jane Velkovski,[84669],1,2042614,"['technology, social change, disability, policy']",2042614.0
1967,Jane Walsh,[83538],1,1888805,"['technology, community, law, society, crime, family, TEDx']",1888805.0
1968,Jane Zelikova,[94615],1,1678144,"['climate change, global issues, science, agriculture, farming, microbes, Countdown']",1678144.0
1969,Janelle Shane,[49131],1,3511097,"['technology, computers, future, AI, algorithm, machine learning']",3511097.0
1970,Janet Echelman,[1164],1,2615518,"['culture, technology, design, cities, art, visualizations, data']",2615518.0
1972,Janet Stovall,[21802],1,2570608,"['social change, communication, community, race, leadership, United States, work, humanity, society, equality']",2570608.0
1973,Janette Sadik-Khan,[1838],1,1084710,"['design, transportation, architecture, cities, infrastructure']",1084710.0
1975,Janine Shepherd,[1621],1,1892549,"['health, health care, storytelling, identity, body language, TEDx, human body']",1892549.0
1976,Janine di Giovanni,[1651],1,1186507,"['global issues, war, TEDx, Middle East, journalism, PTSD']",1186507.0
1977,Janna Levin,[1095],1,1378131,"['science, universe, dark matter']",1378131.0
1978,Janne Willems,[21916],1,62788,"['design, art, happiness, beauty, curiosity']",62788.0
1980,Jared Ficklin,[1505],1,738035,"['music, creativity, visualizations']",738035.0
1981,Jared Freid,[96256],1,110996,"['entertainment, love, relationships, comedy, money']",110996.0
1982,Jared Hill,[13015],1,10756,"['global issues, decision-making, family']",10756.0
1983,Jared Kleinert,[9512],1,26998,"['entrepreneur, collaboration, innovation, success, youth']",26998.0
1984,Jaron Lanier,[14439],1,3670796,"['culture, technology, computers, social change, future, communication, humanity, society, social media, Internet, virtual reality']",3670796.0
1985,Jarrell Daniels,[38079],1,2066055,"['education, social change, community, race, law, society, crime, justice system']",2066055.0
1986,Jarreth Merz,[1233],1,443846,"['global issues, politics, entertainment, Africa, film, democracy']",443846.0
1988,Jasmine Cho,[45839],1,59501,"['education, social change, food, art, activism']",59501.0
1989,Jasmine Crowe,[54863],1,2299105,"['technology, entrepreneur, food, community, philanthropy, poverty, humanity, compassion, society']",2299105.0
1990,Jasmine Crowe-Houston,[148161],1,341779,"['technology, business, entrepreneur, food, future, poverty, humanity, compassion, society']",341779.0
1991,Jason B. Rosenthal,[17846],1,2671182,"['death, cancer, love, relationships, communication, parenting, happiness, personal growth, humanity, illness, writing, beauty, family']",2671182.0
1992,Jason Clay,[929],1,547867,"['environment, sustainability, business']",547867.0
1993,Jason Fried,[1014],1,6401291,"['culture, technology, design, business, creativity, work, TEDx']",6401291.0
1994,Jason Huang,[145097],1,366871,"['science, technology, innovation, history, electricity, Countdown']",366871.0
1995,Jason Jay,[27801],1,20286,"['communication, language, society']",20286.0
1996,Jason McCue,[1586],1,857845,"['global issues, marketing, terrorism, war, violence, law, crime']",857845.0
1997,Jason Pontin,[1835],1,1706766,"['technology, astronomy, space']",1706766.0
1998,Jason Rugolo,[130025],1,772948,"['technology, invention, computers, future, communication, language, AI, sound, machine learning']",772948.0
1999,Jason Shen,[10550],1,5155051,"['business, education, success, work, personal growth, decision-making, productivity, work-life balance, TED Residency']",5155051.0
2000,Jason W. Chin,[98700],1,1579201,"['science, DNA, genetics, innovation, biology, virus, synthetic biology']",1579201.0
2001,Jason Zada,[157642],1,33764,"['technology, creativity, art, film, AI']",33764.0
2002,Jason deCaires Taylor,[2395],1,1900023,"['design, entertainment, nature, creativity, art, fish, water, Mission Blue, ecology, coral reefs, ocean']",1900023.0
2003,Javed Akhtar,[6287],1,696454,"['culture, storytelling, communication, language, india']",696454.0
2004,Javier Olivares,[65257],1,74322,"['entertainment, storytelling, TEDx, TED en Español']",74322.0
2005,Jawad Sharif,[103705],1,246310,"['social change, creativity, art, storytelling, film, TED Fellows']",246310.0
2006,Jay Bailey,[135884],1,542303,"['business, entrepreneur, social change, community, race, leadership, success, personal growth, equality']",542303.0
2007,Jay Bradner,[1256],1,634126,"['science, business, DNA, genetics, software, collaboration, cancer, biology, community, chemistry, TEDx, Internet, medical research']",634126.0
2008,Jay Cousins,[5133],1,10400,"['technology, business, entrepreneur, software, collaboration, Internet']",10400.0
2009,Jay Silver,[1743],1,1510370,"['technology, invention, creativity, toys']",1510370.0
2011,JayaShri Maathaa,[68120],1,1664325,"['happiness, personal growth, humanity, meditation, goals']",1664325.0
2012,Jean-Baptiste Michel,[1448],1,1390048,"['science, collaboration, history, anthropology, language, literature, math, TED Fellows, algorithm']",1390048.0
2013,Jean-Baptiste Michel + Erez Lieberman Aiden,[1227],1,2188156,"['technology, design, library, visualizations, writing, TEDx, data']",2188156.0
2014,Jean-Manuel Izaret,[51699],1,23475,"['business, disease, health care, drugs']",23475.0
2015,Jean-Paul Mari,[2374],1,899933,"['global issues, military, death, health, psychology, war, violence, TEDx, Middle East, PTSD']",899933.0
2016,Jeanette Winterson,[96563],1,1749071,"['technology, future, history, AI, humanity']",1749071.0
2017,Jeanne Gang,[2670],1,1844251,"['climate change, environment, design, architecture, cities, collaboration, innovation, social change, nature, future, community, humanity, society, beauty, infrastructure, public space']",1844251.0
2018,Jeanne Pinder,[34369],1,2125674,"['technology, economics, innovation, social change, health, health care, medicine, United States, public health, society, Internet, data']",2125674.0
2019,Jeannette Garcia,[10377],1,24006,"['environment, science, sustainability, invention']",24006.0
2020,Jeannie Suk Gersen,[60021],1,3202966,"['collaboration, love, relationships, communication, personal growth, humanity, empathy, family']",3202966.0
2022,Jeff Bezos,[105],1,2397713,"['technology, invention, business, entrepreneur, innovation, history, Internet, electricity']",2397713.0
2023,Jeff Chen,[120177],1,90188,"['science, health, health care, nature, medicine, human body']",90188.0
2024,Jeff Dean,[82797],1,2008052,"['technology, future, AI, algorithm, machine learning, ethics']",2008052.0
2025,Jeff Fox,[2602],1,798967,"['culture, entertainment, performance, social change, creativity, art, gender, dance, society, beauty, identity, TEDx']",798967.0
2026,Jeff Han,[65],1,4884125,"['technology, design, demo, UX design']",4884125.0
2027,Jeff Hancock,[1612],1,1535010,"['technology, communication, TEDx']",1535010.0
2028,Jeff Hawkins,[125],1,1788608,"['science, technology, computers, memory, cognitive science, brain, AI']",1788608.0
2029,Jeff Iliff,[2103],1,5906982,"['science, memory, health, cognitive science, history, brain, mental health, neuroscience, medical research, sleep']",5906982.0
2030,Jeff Kirschner,[2696],1,1595589,"['environment, entrepreneur, cities, collaboration, innovation, social change, communication, community, pollution, plastic, data, TED Residency, maps']",1595589.0
2031,Jeff Kozak,[12812],1,20634,"['business, flight, innovation']",20634.0
2032,Jeff More,[147327],1,427716,"['technology, innovation, energy, pollution, AI, Countdown']",427716.0
2033,Jeff Skoll,[170],1,881146,"['global issues, business, entertainment, social change, film, philanthropy']",881146.0
2034,Jeff Smith,[1624],1,1387291,"['business, prison']",1387291.0
2036,Jeffrey Brown,[2261],1,1224970,"['social change, religion, violence, crime, youth, drugs']",1224970.0
2037,Jeffrey Kluger,[1369],1,1588106,"['science, psychology, happiness, anthropology, brain, sociology, humanity, compassion, family, TEDx']",1588106.0
2038,Jeffrey T. Reed,[148411],1,345345,"['science, technology, computers, animals, nature, language, AI, sound, machine learning']",345345.0
2039,Jehane Noujaim,[55],1,507600,"['culture, global issues, entertainment, social change, art, storytelling, film, TED Prize']",507600.0
2040,Jen Gunter,[55544],1,3331722,"['science, social change, health, health care, biology, medicine, women, public health, sex, society, feminism, human body']",3331722.0
2041,Jen Walsh,[127365],1,915775,"['science, health, brain, humanity, mental health, TEDx, sleep, plants']",915775.0
2042,Jena Friedman,[148375],1,316712,"['technology, performance, robots, comedy, AI']",316712.0
2043,Jenna C. Lester,[81574],1,1654281,"['health, health care, race, medical research, equality']",1654281.0
2044,Jenna McCarthy,[1357],1,6957022,"['culture, love, relationships, humor, sex, TEDx']",6957022.0
2045,Jenna Schilstra,[12963],1,88658,"['media, communication, social media']",88658.0
2046,Jenna Weiner,[37004],1,40830,"['social change, gender, sports, Transgender']",40830.0
2047,Jenni Chang,[2370],1,2902034,"['global issues, social change, gender, love, relationships, film, travel, society, Transgender, LGBTQIA+']",2902034.0
2048,Jennifer 8. Lee,[424],1,1748814,"['culture, global issues, business, food, history, exploration, Best of the Web']",1748814.0
2049,Jennifer Aaker,[83756],1,2744025,"['business, creativity, leadership, work, humor']",2744025.0
2050,Jennifer Allison,[12814],1,24072,"['art, happiness']",24072.0
2051,Jennifer B. Nuzzo,[84913],1,1899746,"['health, future, history, humanity, pandemic, coronavirus']",1899746.0
2052,Jennifer Brea,[2627],1,2538077,"['science, health, health care, gender, history, activism, film, medicine, personal growth, women, illness, TED Fellows, medical research']",2538077.0
2053,Jennifer D. Sciubba,[118136],1,1609018,"['global issues, science, economics, social change, health care, future, aging, humanity, society, immigration']",1609018.0
2056,Jennifer Granholm,[1679],1,814477,"['global issues, energy, work']",814477.0
2057,Jennifer Granick,[2866],1,1327240,"['politics, technology, social change, activism, terrorism, United States, law, society, democracy, TEDx, government, surveillance, encryption']",1327240.0
2058,Jennifer Healey,[1724],1,974082,"['technology, transportation, driverless cars']",974082.0
2059,Jennifer Heldmann,[93560],1,2195754,"['science, technology, NASA, robots, future, exploration, Planets, space, Mars']",2195754.0
2060,Jennifer Kahn,[2494],1,2228270,"['science, technology, engineering, DNA, biotech, genetics, innovation, disease, health, future, communication, potential, decision-making, humanity, public health, society, journalism, bioethics, CRISPR, ethics']",2228270.0
2061,Jennifer L. Eberhardt,[64511],1,3830859,"['science, social change, psychology, activism, race, society, identity, equality']",3830859.0
2062,Jennifer Lin,[46],1,1891482,"['entertainment, music, performance, creativity']",1891482.0
2063,Jennifer Murphy,[10727],1,1006169,"['poetry, personal growth, spoken word, humanity, friendship']",1006169.0
2064,Jennifer Pahlka,[1381],1,1002436,"['technology, cities, activism, government']",1002436.0
2065,Jennifer Parlamis,[158796],1,331503,"['health, psychology, relationships, communication, mental health, emotions']",331503.0
2066,Jennifer Pluznick,[2822],1,1797246,"['science, health, nature, biology, medicine, smell, medical research, TEDMED, discovery, human body']",1797246.0
2067,Jennifer Senior,[1974],1,2809434,"['culture, parenting, family']",2809434.0
2068,Jennifer Vail,[54706],1,2415128,"['science, sustainability, technology, engineering, physics, energy']",2415128.0
2069,Jennifer Wallace,[148433],1,331992,"['culture, community, work, personal growth, society, emotions']",331992.0
2070,Jennifer Wilcox,[19756],1,3751601,"['climate change, environment, science, sustainability, technology, engineering, future, pollution, natural resources, Anthropocene, electricity, renewable energy']",3751601.0
2071,Jennifer Zhu Scott,[56834],1,3403628,"['technology, business, economics, future, china, society, social media, Internet, data']",3403628.0
2072,Jenny Chase,[143076],1,684392,"['climate change, sustainability, technology, statistics, energy, solar energy, data, Countdown, renewable energy']",684392.0
2073,Jenny Du,[158573],1,643853,"['science, sustainability, technology, business, innovation, food, health']",643853.0
2074,Jenny Hoyos,[145078],1,898999,"['media, creativity, storytelling, communication, humor, social media, Internet']",898999.0
2075,Jenny Scheinman with Nels Cline,[86267],1,24963,"['music, performance']",24963.0
2076,Jens Burchardt,[74915],1,1378932,"['climate change, environment, technology, engineering, business, transportation, activism, money']",1378932.0
2077,Jer Thorp,[1400],1,334552,"['design, media, TEDx, data, journalism']",334552.0
2078,Jeremy Brewer,[68803],1,1701330,"['psychology, relationships, personal growth, humanity, vulnerability, emotions']",1701330.0
2079,Jeremy Forbes,[15862],1,1597777,"['social change, health, communication, community, personal growth, humanity, depression, mental health, suicide, society']",1597777.0
2080,Jeremy Gilley,[1209],1,971190,"['global issues, collaboration, activism, war']",971190.0
2081,Jeremy Heimans,[2121],1,1565001,"['politics, technology, activism']",1565001.0
2082,Jeremy Howard,[2155],1,2771646,"['technology, computers, health, AI, TEDx, algorithm, machine learning']",2771646.0
2083,Jeremy Jackson,[850],1,930409,"['science, sustainability, fish, Mission Blue, marine biology, coral reefs, ocean']",930409.0
2084,Jeremy Kasdin,[1976],1,1502673,"['science, technology, astronomy, Planets, space, telescopes']",1502673.0
2085,Jerome Hunter,[107971],1,1901134,"['education, social change, communication, community, personal growth, TED-Ed, teaching']",1901134.0
2086,Jerome Kim,[64679],1,264541,"['science, technology, disease, health care, medicine, public health, Vaccines, virus, medical research, pandemic, coronavirus']",264541.0
2087,Jerry Chow,[9509],1,43349,"['technology, computers']",43349.0
2088,Jerusalem Youth Chorus,[135549],1,433412,"['global issues, music, performance, collaboration, communication, community, war']",433412.0
2089,Jesper Brodin,[66944],1,169657,"['climate change, environment, sustainability, business, leadership, Countdown']",169657.0
2090,Jess Kutch,[49359],1,2216822,"['culture, economics, social change, future, communication, community, leadership, work, TED Fellows, policy']",2216822.0
2091,Jess Thom,[41338],1,651200,"['health, art, personal growth, society, identity']",651200.0
2092,Jessa Gamble,[957],1,3461126,"['science, evolution, personal growth, self, humanity']",3461126.0
2093,Jesse Ilhardt,[101719],1,1346423,"['science, creativity, psychology, parenting, personal growth, brain, neuroscience, TEDx, kids']",1346423.0
2094,Jessi Arrington,[1161],1,1831054,"['culture, design, creativity, consumerism, fashion']",1831054.0
2095,Jessica Apotheker,[121579],1,1283288,"['technology, business, future, marketing, work, AI, data']",1283288.0
2096,Jessica Donohue,[19126],1,31130,"['technology, data, finance']",31130.0
2097,Jessica Garza,[67471],1,1904804,"['psychology, relationships, communication, humanity, mental health, emotions']",1904804.0
2099,Jessica Jackley,[983],1,1663440,"['global issues, business, entrepreneur, social change, poverty, women in business']",1663440.0
2100,Jessica Kerr,[77795],1,1361542,"['politics, social change, law, society, TEDx, policy, justice system']",1361542.0
2101,Jessica Ladd,[2457],1,1580835,"['design, software, innovation, social change, activism, product design, women, violence, crime, TED Fellows, sexual violence, UX design']",1580835.0
2102,Jessica McCabe,[3769],1,7230401,"['education, mental health, personality']",7230401.0
2103,Jessica Ochoa Hendrix,[54353],1,575073,"['science, education, future, teaching, virtual reality, marine biology, kids, ocean']",575073.0
2104,Jessica Pryce,[21645],1,1400221,"['social change, activism, race, family, TED Residency, kids']",1400221.0
2105,Jessica Shortall,[2384],1,1616806,"['economics, social change, health, health care, future, activism, parenting, work, women, women in business, humanity, society, family, TEDx, government']",1616806.0
2106,Jessica Whitaker Allen,[119204],1,711068,"['climate change, environment, science, sustainability, business, food, community, agriculture, farming, Countdown']",711068.0
2107,Jessie Christiansen,[100490],1,1443684,"['science, technology, NASA, astronomy, universe, Planets, space, TED Fellows, discovery, solar system, telescopes']",1443684.0
2108,Jessie Reyez,[113501],1,1072782,"['entertainment, music, performance, storytelling, personal growth']",1072782.0
2109,Jessy Kate Schingler,[67046],1,1633193,"['technology, future, Moon, Planets, space, humanity, government, policy']",1633193.0
2110,Jherek Bischoff,[2481],1,785085,"['entertainment, music, performance, TED Fellows']",785085.0
2111,Ji-Hae Park,[1750],1,5378414,"['entertainment, music, performance, creativity']",5378414.0
2112,Jia Jiang,[2638],1,11101367,"['entrepreneur, innovation, creativity, motivation, personal growth, sociology, humanity, curiosity, fear, TEDx, teaching, goals']",11101367.0
2113,Jiabao Li,[59972],1,464971,"['culture, technology, media, creativity, art, social media, UX design']",464971.0
2114,Jiaying Zhao,[108450],1,1306275,"['climate change, science, sustainability, social change, health, psychology, happiness, personal growth, behavioral economics']",1306275.0
2115,Jill Bolte Taylor,[229],1,30292119,"['global issues, science, biology, brain, consciousness, illness']",30292119.0
2116,Jill Farrant,[2412],1,1711117,"['climate change, environment, global issues, science, sustainability, biotech, genetics, food, Africa, nature, biology, potential, water, microbiology, chemistry, agriculture, weather, botany, bioethics, plants, gardening']",1711117.0
2117,Jill Heinerth,[2409],1,2059303,"['climate change, environment, science, sustainability, technology, robots, nature, exploration, water, curiosity, ecology, plants']",2059303.0
2118,Jill Seubert,[59801],1,2088883,"['science, technology, time, universe, exploration, space, TEDx, Mars']",2088883.0
2119,Jill Shargaa,[2071],1,1711660,"['language, comedy, humor']",1711660.0
2120,Jill Sobule,[99],1,742211,"['climate change, environment, music, performance']",742211.0
2121,Jill Sobule + Julia Sweeney,[222],1,563960,"['entertainment, music, collaboration, storytelling, comedy, humor']",563960.0
2122,Jill Tarter,[468],1,1530378,"['science, universe, TED Prize, exploration, space, telescopes, aliens']",1530378.0
2123,Jim Al-Khalili,[2316],1,2659087,"['biology, physics, consciousness, birds, quantum']",2659087.0
2124,Jim Chuchu,[79748],1,1746809,"['culture, Africa, art, history, museums, TED Fellows']",1746809.0
2125,Jim Collins,[62790],1,2021228,"['AI, public health, Vaccines, virus, medical research, machine learning, synthetic biology, The Audacious Project, coronavirus']",2021228.0
2126,Jim Fallon,[602],1,3724561,"['science, genetics, psychology, brain, consciousness, violence, mental health, crime, neuroscience']",3724561.0
2127,Jim Fan,[121115],1,107905,"['technology, computers, robots, AI, machine learning']",107905.0
2128,Jim Hagemann Snabe,[83757],1,1607260,"['climate change, global issues, science, Countdown']",1607260.0
2129,Jim Hemerling,[2601],1,3634753,"['business, collaboration, innovation, communication, leadership, success, work, motivation, potential']",3634753.0
2130,Jim Holt,[2072],1,10344703,['philosophy'],10344703.0
2131,Jim Hudspeth,[58884],1,484761,"['science, biology, physics, neuroscience, hearing, human body']",484761.0
2132,Jim Simons,[2323],1,4280703,"['evolution, philanthropy, physics, math, investing']",4280703.0
2133,Jim Snabe,[126806],1,106954,"['climate change, innovation, leadership, Countdown']",106954.0
2134,Jim Tamm,[62503],1,950791,"['brain, decision-making, behavioral economics, emotions']",950791.0
2135,Jim Toomey,[939],1,528689,"['science, entertainment, animals, art, comedy, humor, marine biology, ocean']",528689.0
2136,Jim VandeHei,[94784],1,2182178,"['business, communication, leadership, writing, productivity, TEDx, Internet, journalism']",2182178.0
2137,Jim Whitaker,[119204],1,711068,"['climate change, environment, science, sustainability, business, food, community, agriculture, farming, Countdown']",711068.0
2138,Jim Whitehurst,[27379],1,104141,"['innovation, leadership, work']",104141.0
2139,Jim Yong Kim,[2806],1,1837762,"['global issues, politics, business, economics, collaboration, innovation, social change, health, Africa, future, history, communication, potential, humanity, society, social media, Internet, government, immigration, capitalism, refugees, infrastructure, resources, kids, international development, goals, investing']",1837762.0
2140,Jimmie Briggs,[88883],1,2006160,"['social change, gender, activism, women, sexual violence, equality']",2006160.0
2141,Jimmy Carter,[2293],1,1834781,"['global issues, women, sexual violence, equality']",1834781.0
2142,Jimmy Lin,[2821],1,1543736,"['science, DNA, innovation, disease, health, cancer, biology, medicine, TED Fellows, medical research']",1543736.0
2143,Jimmy Nelson,[2264],1,1737414,"['culture, photography, indigenous peoples']",1737414.0
2144,Jimmy Wales,[37],1,1504260,"['culture, technology, invention, business, media, software, collaboration']",1504260.0
2145,Jing Corpuz,[103599],1,1509220,"['culture, environment, sustainability, social change, anthropology, indigenous peoples, ethics']",1509220.0
2147,Jinsop Lee,[1806],1,1984878,"['design, creativity, smell, sight']",1984878.0
2148,Jioji Ravulo,[114588],1,1008148,"['social change, identity, TEDx, diversity, indigenous peoples, inclusion, LGBTQIA+']",1008148.0
2149,Jo Michael Rezes,[69036],1,455646,"['culture, performance, education, gender, theater, society, TEDx, Transgender, LGBTQIA+']",455646.0
2150,JoAnn Kuchera-Morin,[516],1,775909,"['science, technology, art, visualizations, math']",775909.0
2152,Joachim de Posada,[553],1,4564720,"['culture, psychology, humor, kids']",4564720.0
2153,Joan As Police Woman,[85267],1,7824,['music'],7824.0
2154,Joan Blades,[6298],1,1446362,"['politics, collaboration, social change, communication, community, personal growth, society, identity, Internet, journalism, friendship']",1446362.0
2156,Joan Halifax,[1216],1,2200315,"['culture, global issues, death, Buddhism, compassion']",2200315.0
2157,Joanne Chory,[39941],1,2208039,"['climate change, environment, science, biotech, genetics, nature, biology, future, pollution, plants, Anthropocene, The Audacious Project']",2208039.0
2158,Jocelyne Bloch,[2429],1,3912669,"['science, health, medicine, brain, neuroscience, medical research, Surgery']",3912669.0
2159,Jochen Wegner,[48266],1,2014614,"['culture, politics, media, social change, communication, society, democracy, journalism']",2014614.0
2160,Jodi-Ann Burey,[73722],1,1636357,"['business, race, leadership, work, TEDx, diversity, inclusion']",1636357.0
2161,Jody Williams,[1049],1,926424,"['global issues, activism, humanity, nuclear energy']",926424.0
2163,Joe DeRisi,[445],1,524506,"['global issues, science, technology, medicine, illness, virus']",524506.0
2164,Joe Gebbia,[2447],1,3059274,"['culture, technology, design, business, economics, entrepreneur, collaboration, urban planning, innovation, social change, future, community, product design, potential, behavioral economics, trust, online privacy']",3059274.0
2165,Joe Kowan,[1912],1,3036420,"['entertainment, communication, fear']",3036420.0
2166,Joe Landolina,[2138],1,1899478,"['science, technology, invention, biotech, innovation, health care, biology, war, medicine, TED Fellows']",1899478.0
2167,Joe Lassiter,[2633],1,1261643,"['climate change, global issues, science, engineering, innovation, pollution, potential, decision-making, society, nuclear energy, resources, electricity, renewable energy']",1261643.0
2168,Joe Madiath,[2173],1,1058616,"['water, public health, international development']",1058616.0
2169,Joe Sabia,[1282],1,1524246,"['technology, design, entertainment, creativity, storytelling']",1524246.0
2170,Joe Smith,[1431],1,4059864,"['sustainability, engineering, entertainment, humor, TEDx, cyber security']",4059864.0
2171,Joe von Fischer,[21970],1,8242,"['environment, science, pollution, curiosity, discovery']",8242.0
2172,Joel Baraka,[101420],1,1293007,"['education, potential, gaming, refugees, teaching, kids']",1293007.0
2173,Joel Jackson,[6379],1,1129764,"['design, business, Africa, product design, TED Fellows']",1129764.0
2174,Joel Leon,[58016],1,1701779,"['culture, social change, gender, parenting, society, family, kids']",1701779.0
2175,Joel Levine,[804],1,839455,"['science, technology, exploration, Planets, space, TEDx, Mars']",839455.0
2176,Joel Selanikio,[1779],1,788244,"['global issues, technology, health, TEDx, data']",788244.0
2177,Joey Alexander,[2273],1,2670193,"['entertainment, music, performance']",2670193.0
2179,Johann Daniel Harnoss,[114660],1,991511,"['business, innovation, social change, leadership, immigration, diversity']",991511.0
2181,Johanna Benesty,[68728],1,1673084,"['science, disease, health, health care, medicine, public health, Vaccines, virus, medical research, pandemic, coronavirus']",1673084.0
2183,Johanna Figueira,[60422],1,2078357,"['technology, community, activism, social media, government, South America, infrastructure']",2078357.0
2184,John Amory,[13878],1,1192302,"['science, biotech, innovation, social change, health, biology, medicine, public health, sex, society, TEDMED, human body']",1192302.0
2186,John Biewen,[66762],1,3154290,"['social change, history, storytelling, race, society, TEDx']",3154290.0
2187,John Bohannon,[1290],1,607547,"['science, technology, entertainment, biology, dance, physics, TEDx, public speaking']",607547.0
2188,John Bolton,[19044],1,117918,"['business, communication, work']",117918.0
2189,John Brenkus,[10622],1,72242,"['social change, gender, sports, youth']",72242.0
2190,John C. Mather,[91528],1,907597,"['science, technology, NASA, innovation, future, astronomy, universe, space, telescopes']",907597.0
2191,John C. Trimble,[66239],1,47555,['global issues'],47555.0
2192,John Cary,[9687],1,1182367,"['design, architecture, collaboration, social change, creativity, gender, community, society, public space']",1182367.0
2193,John Delaney,[926],1,387233,"['science, technology, poetry, Mission Blue, ocean']",387233.0
2195,John Francis,[391],1,1139904,"['environment, global issues, activism']",1139904.0
2196,John Gable,[6298],1,1446362,"['politics, collaboration, social change, communication, community, personal growth, society, identity, Internet, journalism, friendship']",1446362.0
2197,John Gerzema,[661],1,932129,"['business, economics, consumerism, marketing, TEDx']",932129.0
2198,John Gottman,[131534],1,1033427,"['health, love, psychology, relationships, personal growth, emotions']",1033427.0
2199,John Graham-Cumming,[1517],1,1292889,"['technology, engineering, computers, history, women, TEDx']",1292889.0
2200,John Green,[2305],1,5309291,"['education, community, TEDx, Internet']",5309291.0
2201,John Hardy,[1010],1,1255329,"['culture, sustainability, design, education']",1255329.0
2204,John Hunter,[1127],1,1701168,"['global issues, politics, design, education, war, gaming, government']",1701168.0
2205,John Kasaona,[879],1,492766,"['global issues, science, sustainability, Africa, animals, biodiversity']",492766.0
2206,John Kluge Jr.,[20465],1,4496,"['water, public health, society']",4496.0
2207,John Koenig,[2709],1,2060046,"['invention, innovation, creativity, relationships, communication, language, potential, humanity, writing, society, beauty, TEDx, emotions']",2060046.0
2208,John La Grou,[566],1,684869,"['technology, design, architecture, energy, electricity, kids']",684869.0
2209,John Legend,[2538],1,2162581,"['culture, entertainment, music, performance, social change, activism, United States, personal growth, society, prison, policy, justice system']",2162581.0
2210,John Lloyd,[635],1,1265638,"['science, philosophy, comedy, humor']",1265638.0
2212,John McKown,[12816],1,13386,"['activism, kids']",13386.0
2214,John Mullins,[124990],1,3809821,"['business, entrepreneur, success, personal growth, TEDx']",3809821.0
2215,John O'Donnell,[119530],1,993694,"['climate change, sustainability, technology, business, energy, infrastructure, electricity, Countdown, renewable energy, fossil fuels']",993694.0
2216,John O'Leary,[19043],1,138520,"['business, communication, society']",138520.0
2217,John Paget,[108516],1,1392286,"['cities, social change, creativity, art, history, community, film, United States, TEDx']",1392286.0
2218,John Sabraw,[21928],1,16936,"['environment, design, art, pollution']",16936.0
2219,John Searle,[1794],1,1592353,"['science, robots, cognitive science, psychology, biology, philosophy, religion, brain, consciousness, self, humanity, identity, neuroscience, TEDx, behavioral economics']",1592353.0
2220,John Underkoffler,[872],1,1931000,"['technology, design, invention, computers, film, visualizations, UX design']",1931000.0
2221,John Wilbanks,[1585],1,620050,"['software, health, health care, medical research']",620050.0
2222,John Wooden,[498],1,7867214,"['culture, education, poetry, leadership, sports, work']",7867214.0
2223,Johnny Lee,[245],1,7081491,"['technology, design, business, entertainment, education, demo, gaming, cyber security']",7081491.0
2225,Joi Ito,[2041],1,2395816,"['science, technology, design, engineering, business, entrepreneur, innovation, creativity, communication, product design, natural disaster, nuclear energy, investing']",2395816.0
2226,Joia Mukherjee,[63813],1,351861,"['disease, health, health care, community, public health, pandemic, The Audacious Project, coronavirus, equality']",351861.0
2227,Jok Church,[1176],1,839865,"['culture, love, storytelling, LGBTQIA+']",839865.0
2228,Jon Boogz,[2851],1,347743,"['performance, creativity, art, dance']",347743.0
2229,Jon Bowers,[3606],1,1864055,"['transportation, leadership, success, work, personal growth, society, teaching, goals']",1864055.0
2230,Jon Esformes,[133969],1,439178,"['climate change, environment, collaboration, food, leadership, work, agriculture, weather, farming, Countdown']",439178.0
2231,Jon Gosier,[2202],1,898555,"['technology, TED Fellows, equality']",898555.0
2232,Jon Gray,[44259],1,2002350,"['culture, design, entrepreneur, collaboration, food, creativity, art, community']",2002350.0
2233,Jon Lowenstein,[46589],1,2108325,"['social change, activism, photography, violence, humanity, society, TED Fellows, immigration, human rights']",2108325.0
2234,Jon M. Chu,[50574],1,2079492,"['culture, art, love, storytelling, film, family']",2079492.0
2235,Jon Mooallem,[2006],1,1202093,"['environment, nature']",1202093.0
2236,Jon Nguyen,[1488],1,866846,"['science, technology, computers, software, astronomy, universe, demo, exploration, visualizations, Moon, Planets, space, TEDx, solar system']",866846.0
2238,Jon Youshaei,[143892],1,511941,"['entertainment, media, creativity, art, history, storytelling, personal growth, productivity, Internet']",511941.0
2239,Jonas Eliasson,[1620],1,1446940,"['technology, engineering, transportation, innovation, TEDx']",1446940.0
2240,Jonas Gahr Støre,[1321],1,466277,"['culture, politics, TEDx']",466277.0
2242,Jonathan Eisen,[1503],1,994210,"['environment, science, DNA, genetics, disease, health, health care, nature, biology, medicine, biodiversity, illness, bacteria, microbiology, medical research, Surgery, pregnancy, human body, nanotechnology']",994210.0
2246,Jonathan Klein,[826],1,1432343,"['global issues, media, war, photography, poverty']",1432343.0
2247,Jonathan Koch,[8156],1,11402,"['business, society, data']",11402.0
2248,Jonathan Marks,[2730],1,1475240,"['climate change, environment, global issues, business, economics, collaboration, social change, health, health care, leadership, pollution, success, humanity, public health, TEDx, government, policy, capitalism, international development, investing']",1475240.0
2249,Jonathan Reimer,[142396],1,456801,"['nature, motivation, personal growth, decision-making, natural disaster, TEDx, goals']",456801.0
2250,Jonathan Rossiter,[2690],1,1444088,"['climate change, environment, science, technology, design, engineering, invention, innovation, robots, animals, nature, future, pollution, insects, water, microbiology, chemistry, TEDx, ocean, fossil fuels']",1444088.0
2251,Jonathan Tepperman,[2575],1,1019325,"['global issues, politics, collaboration, terrorism, war, law, society, government, journalism, policy']",1019325.0
2252,Jonathan Trent,[1561],1,1175237,"['climate change, environment, science, sustainability, technology, engineering, industrial design, business, economics, biotech, nature, biology, energy, biodiversity, water, space, solar energy, wind energy, agriculture, infrastructure, ecology, plants, natural resources, renewable energy, ocean']",1175237.0
2253,Jonathan Wilker,[31814],1,420201,"['science, technology, biosphere, animals, nature, biology, biodiversity, water, chemistry, TEDx, marine biology, ocean']",420201.0
2254,Jonathan Williams,[30527],1,1751893,"['social change, gender, religion, parenting, personal growth, family, identity, Transgender, LGBTQIA+']",1751893.0
2255,Jonathan Zittrain,[640],1,1000634,"['culture, technology, law, Internet']",1000634.0
2256,Jonny Sun,[44696],1,4474981,"['creativity, art, relationships, community, personal growth, visualizations, humanity, compassion, empathy, writing']",4474981.0
2257,Joon Silverstein,[139960],1,530984,"['sustainability, design, business, innovation, creativity, consumerism, fashion']",530984.0
2258,Joon Sung Park,[121074],1,15193,"['technology, computers, future, AI, machine learning']",15193.0
2259,Jordan Dinwiddie,[118279],1,808600,"['culture, media, creativity, art, storytelling, community, TEDx']",808600.0
2260,Jordan Klepper,[127049],1,1504923,"['politics, social change, communication, comedy, democracy']",1504923.0
2261,Jordan Raskopoulos,[36809],1,2347186,"['entertainment, communication, mental health, fear, mindfulness']",2347186.0
2262,Jordan Wirfs-Brock,[26921],1,48821,"['sustainability, social change, energy, electricity']",48821.0
2263,Jordyn Wieber,[46540],1,137344,[],137344.0
2264,Jorge Drexler,[2777],1,2570196,"['culture, entertainment, music, performance, creativity, history, poetry, language, humanity, identity, South America, TED en Español']",2570196.0
2265,Jorge Mañes Rubio,[76212],1,1677057,"['culture, design, art, future, Moon, space, ancient world, TED Fellows, indigenous peoples']",1677057.0
2266,Jorge Ramos,[2813],1,776603,"['politics, social change, writing, democracy, government, journalism, immigration, TED en Español']",776603.0
2267,Jorge Soto,[2109],1,1389501,"['technology, biotech, health, cancer']",1389501.0
2268,Jose Antonio Vargas,[65188],1,1719132,"['social change, history, United States, identity, democracy, immigration']",1719132.0
2269,Jose Miguel Sokoloff,[2126],1,888203,"['creativity, marketing, war']",888203.0
2270,Joseph DeSimone,[2216],1,4252984,"['technology, design, demo, 3D printing, manufacturing']",4252984.0
2271,Joseph Gordon-Levitt,[45973],1,7095362,"['culture, collaboration, creativity, art, community, social media']",7095362.0
2272,Joseph Kim,[1771],1,3326487,"['global issues, family']",3326487.0
2273,Joseph Lekuton,[220],1,247762,"['culture, global issues, politics, collaboration, Africa']",247762.0
2274,Joseph McGill,[6880],1,11070,"['architecture, history, storytelling, society, Slavery']",11070.0
2275,Joseph Nye,[992],1,1404023,"['culture, global issues, politics, economics, war, china, government']",1404023.0
2276,Joseph Pine,[434],1,1429050,"['business, creativity, consumerism, shopping']",1429050.0
2277,Joseph Ravenell,[2512],1,1293491,"['health, health care, community, activism, race, medicine, potential, public health, identity, medical research, trust, heart']",1293491.0
2278,Joseph Redmon,[2829],1,2833041,"['technology, computers, AI, sight, algorithm']",2833041.0
2279,Joseph Shin,[64966],1,148250,"['health care, United States, violence, law, refugees']",148250.0
2280,Josephine Eyre,[100288],1,1484308,"['technology, collaboration, creativity, communication, work, TEDx, Internet, metaverse']",1484308.0
2281,Josephine Philips,[117687],1,1048851,"['sustainability, design, social change, consumerism, fashion, shopping, Countdown']",1048851.0
2282,Josephine Waweru,[156061],1,332502,"['climate change, sustainability, food, water, solar energy, farming, resources, Countdown']",332502.0
2283,Josette Sheeran,[1199],1,1127106,"['culture, global issues, politics, economics, food, war']",1127106.0
2284,Josh Giegel,[83413],1,1767217,"['science, technology, transportation, future']",1767217.0
2285,Josh Luber,[2371],1,2404446,"['economics, marketing, fashion, shopping, data, investing']",2404446.0
2286,Joshua Amponsem,[142491],1,294776,"['climate change, environment, Africa, activism, leadership, youth, Countdown, international development']",294776.0
2287,Joshua Bell,[155909],1,763318,"['music, performance, art, history']",763318.0
2288,Joshua Chu-Tan,[83879],1,1847057,"['science, disease, health, aging, TEDx, sight']",1847057.0
2289,Joshua Foer,[1443],1,6972547,"['culture, science, memory, cognitive science, psychology, brain, neuroscience']",6972547.0
2290,Joshua Klein,[261],1,2797877,"['technology, design, animals, cyber security, UX design']",2797877.0
2293,Joshua Schachter,[147771],1,102867,"['technology, design, computers, robots, creativity, art, social media']",102867.0
2294,Joshua Silver,[623],1,902682,"['global issues, invention, innovation, health, health care, product design, sight, international development']",902682.0
2295,Joshua Smith,[2680],1,1120063,"['science, technology, invention, biotech, innovation, disease, health, health care, cancer, biology, future, motivation, humanity, nanotechnology']",1120063.0
2296,Joshua Walters,[1178],1,1992360,"['entertainment, performance, brain, depression, mental health']",1992360.0
2297,José Andrés,[13778],1,1126869,"['food, community, natural disaster, compassion, TEDx']",1126869.0
2298,José Antonio Abreu,[464],1,1204518,"['culture, entertainment, music, education, philanthropy, poverty, conducting']",1204518.0
2299,José Bowen,[1446],1,196412,"['business, music, history, TEDx']",196412.0
2300,Jota Samper,[79873],1,1721636,"['global issues, design, cities, urban planning, social change, poverty, TEDx, infrastructure, international development']",1721636.0
2302,Joy Milne,[110076],1,75826,"['disease, health, public health, smell, medical research']",75826.0
2303,Joy Sun,[2114],1,1427722,"['global issues, TED Fellows, money']",1427722.0
2304,Joy Wolfram,[50586],1,437642,"['science, disease, health, cancer, biology, medicine, TEDx, medical research, human body']",437642.0
2305,Jr.,[90162],1,2180829,"['social change, love, relationships, communication, community, parenting, personal growth, family']",2180829.0
2307,Juan López-Aranguren,[15703],1,42944,"['design, education, creativity, art, TED en Español']",42944.0
2308,Juan Pablo Sáez Gil,[53235],1,126111,"['design, creativity, books']",126111.0
2309,Jude Kelly,[2706],1,1326384,"['entertainment, performance, social change, art, gender, communication, activism, poetry, theater, motivation, women, literature, humanity, kids, equality']",1326384.0
2310,Judith Heumann,[12409],1,1468211,"['education, social change, community, activism, leadership, personal growth, humanity, society, identity, TEDx, disability']",1468211.0
2311,Judith Jamison,[49989],1,348427,"['entertainment, performance, art, dance']",348427.0
2312,Judson Brewer,[2420],1,23048348,"['science, health, nature, cognitive science, motivation, personal growth, brain, decision-making, mental health, curiosity, neuroscience, meditation, mindfulness, TEDMED, addiction']",23048348.0
2313,Judy Brewer,[47957],1,47843,"['technology, transportation, innovation, future, Internet']",47843.0
2314,Judy MacDonald Johnston,[1744],1,1710670,"['culture, death, aging, humanity']",1710670.0
2315,Judy Sewards,[144830],1,3264,"['health care, marketing, leadership, medicine, public health, medical research']",3264.0
2318,Julia Espinosa,[44388],1,230153,"['science, animals, relationships, communication, emotions']",230153.0
2319,Julia Faure,[68101],1,2792,"['sustainability, business, society']",2792.0
2320,Julia Galef,[2537],1,8494314,"['collaboration, communication, leadership, motivation, personal growth, decision-making, society, identity, TEDx']",8494314.0
2321,Julia Gillard,[70124],1,1566343,"['education, social change, gender, future, leadership, personal growth, women, society, international development']",1566343.0
2322,Julia Kloiber,[3696],1,7140,"['technology, transportation, cities, collaboration, community, government, infrastructure']",7140.0
2325,Julia Watson,[65391],1,599353,"['climate change, global issues, design, innovation, future, humanity, indigenous peoples']",599353.0
2326,Julian Assange,[918],1,3039111,"['global issues, technology, military, communication, Middle East, journalism, surveillance']",3039111.0
2327,Julian Baggini,[1334],1,1760978,"['philosophy, self, neuroscience, TEDx, personality']",1760978.0
2328,Julian Burschka,[31745],1,2681531,"[""science, technology, innovation, disease, health, health care, medicine, illness, medical research, Alzheimer's""]",2681531.0
2329,Julian Schilliger,[144180],1,381133,"['technology, computers, history, AI, ancient world, machine learning']",381133.0
2331,Juliana Machado Ferreira,[802],1,409551,"['global issues, science, biology, activism, Brazil, biodiversity, birds, South America']",409551.0
2332,Juliana Rotich,[1770],1,713298,"['technology, business, Africa, TED Fellows']",713298.0
2333,Juliane Gallina,[9471],1,8773,"['brain, AI, books']",8773.0
2334,Julie,[131534],1,1033427,"['health, love, psychology, relationships, personal growth, emotions']",1033427.0
2335,Julie Andrieu,[100184],1,65067,"['love, relationships, disability, inclusion, Life']",65067.0
2336,Julie Burstein,[1613],1,2258096,"['entertainment, creativity, art, photography']",2258096.0
2337,Julie Chang,[30307],1,4642,"['technology, computers, photography, AI, algorithm']",4642.0
2338,Julie Cordua,[48499],1,1886449,"['software, social change, activism, law, society, crime, Internet, government, sexual violence, The Audacious Project, kids']",1886449.0
2339,Julie Lythcott-Haims,[2582],1,8207771,"['education, social change, parenting, happiness, success, motivation, personal growth, society, family, teaching, kids, goals']",8207771.0
2340,Julie Taymor,[1801],1,1122316,"['entertainment, creativity, film, theater, fear']",1122316.0
2341,Julieanna L. Richardson,[92343],1,1587799,"['culture, education, social change, history, community, film, race, United States, identity, TEDx']",1587799.0
2342,Julienne Oyler,[156845],1,272942,"['global issues, business, economics, entrepreneur, social change, finance, refugees, The Audacious Project']",272942.0
2343,Juliet Brophy,[35353],1,2519514,"['science, technology, evolution, biology, history, anthropology, brain, humanity, paleontology, TEDx, human body']",2519514.0
2344,Juliet Schor,[92266],1,3109528,"['climate change, business, economics, work, personal growth, productivity, government, work-life balance, worklife']",3109528.0
2345,Julio Friedmann,[119529],1,739867,"['climate change, science, sustainability, technology, innovation, physics, energy, infrastructure, Countdown']",739867.0
2346,Julio Gil,[2877],1,1419299,"['technology, business, computers, cities, collaboration, innovation, future, work, drones, society, social media, augmented reality']",1419299.0
2347,Julius Maada Bio,[44202],1,1913160,"['politics, education, social change, Africa, leadership, society, democracy, government']",1913160.0
2349,Jun Wang,[2871],1,1348286,"['science, entrepreneur, DNA, genetics, health, health care, biology, medicine, humanity, illness, data, medical research, human body']",1348286.0
2350,Juna Kollmeier,[41038],1,2766044,"['science, technology, astronomy, universe, physics, visualizations, Planets, space, discovery, astrobiology']",2766044.0
2351,June Jo Lee,[137745],1,531958,"['climate change, culture, food, parenting, emotions, Countdown, kids']",531958.0
2352,June Sarpong,[98937],1,1600254,"['business, innovation, race, leadership, success, work, diversity, inclusion']",1600254.0
2353,Juniper Fitzgerald,[51783],1,22546,"['parenting, women, sex, society']",22546.0
2354,Juno Mac,[2506],1,3042914,"['global issues, social change, community, activism, women, law, empathy, sex, society, identity, TEDx, government, feminism, policy, sexual violence, equality']",3042914.0
2355,Jupta Itoewaki,[99067],1,1580791,"['climate change, environment, social change, nature, biodiversity, conservation, indigenous peoples']",1580791.0
2356,Justin Baldoni,[4755],1,8810163,"['culture, social change, gender, communication, activism, parenting, leadership, personal growth, women, humanity, society, family, identity, feminism, kids, equality']",8810163.0
2357,Justin Davidson,[2797],1,1591155,"['engineering, architecture, cities, urban planning, community, society, beauty, journalism, public space']",1591155.0
2358,Justin Hall-Tipping,[1249],1,1211199,"['environment, science, technology, entrepreneur, energy, electricity']",1211199.0
2359,Justin J. Pearson,[115309],1,1019615,"['climate change, environment, politics, social change, future, community, activism, personal growth, Countdown, equality']",1019615.0
2360,K Allado-McDowell,[114820],1,904680,"['culture, technology, computers, creativity, art, AI']",904680.0
2361,KC Davis,[102438],1,1963721,"['psychology, personal growth, mental health, compassion, TEDx']",1963721.0
2362,KERA,[100480],1,23824,"['entertainment, music, performance']",23824.0
2363,KUKA,[3280],1,549240,"['music, performance, robots, creativity, art, dance']",549240.0
2364,Kade Crockford,[62791],1,2208232,"['technology, law, TEDx, government, surveillance, online privacy']",2208232.0
2365,Kaeli Swift,[68072],1,1779660,"['science, death, animals, nature, TEDx, emotions']",1779660.0
2366,Kai-Fu Lee,[20368],1,4355616,"['technology, invention, computers, media, innovation, future, AI, society, machine learning']",4355616.0
2367,Kailash Satyarthi,[2233],1,1526469,"['social change, activism']",1526469.0
2368,Kaitlyn Sadtler,[22979],1,2502631,"['science, technology, health, biology, future, TED Fellows, medical research, human body']",2502631.0
2371,Kala Constantino,[114659],1,608592,"['climate change, science, technology, social change, future, activism, weather, Countdown']",608592.0
2372,Kala Fleming,[9508],1,16776,"['Africa, water, international development']",16776.0
2373,Kalika Bali,[75268],1,1398222,"['culture, technology, social change, language, TEDx, data, crowdsourcing, indigenous peoples']",1398222.0
2374,Kamal Meattle,[490],1,4055607,"['environment, science, technology, architecture, cities, plants, gardening']",4055607.0
2375,Kamau Gachigi,[7060],1,1213245,"['technology, invention, business, entrepreneur, collaboration, innovation, Africa, creativity, product design']",1213245.0
2376,Kandice Sumner,[2616],1,2147349,"['education, community, race, United States, personal growth, society, TEDx, Slavery, policy, teaching, kids, equality']",2147349.0
2377,Kang Lee,[2501],1,14732130,"['psychology, communication, parenting, motivation, decision-making, body language, teaching, emotions, kids']",14732130.0
2378,Kanika Chawla,[160682],1,302864,"['climate change, energy, solar energy, finance, india, Countdown, renewable energy']",302864.0
2379,Kara Hurst,[66945],1,1573334,"['climate change, environment, sustainability, business, leadership, Countdown']",1573334.0
2380,Kara Logan Berlin,[52464],1,2384268,"['economics, social change, activism, TEDx, money, finance, investing']",2384268.0
2381,Karalee Close,[5134],1,35619,"['science, technology, genetics, health, health care, data']",35619.0
2382,Kare Anderson,[2122],1,2744884,"['business, creativity, communication, work']",2744884.0
2383,Kareem Yusuf,[10043],1,38047,"['technology, communication, society']",38047.0
5,Aakash Odedra,[2147],1,958639,"['music, performance, dance']",958639.0
2385,Karen Bakker,[114534],1,1133103,"['science, technology, animals, nature, communication, language, AI, sound, conservation']",1133103.0
2386,Karen Bass,[1442],1,966871,"['environment, science, animals, nature, art, biology, film, photography, universe, biodiversity, exploration, travel']",966871.0
2387,Karen DeSalvo,[63812],1,350860,"['technology, health, health care, public health, pandemic, coronavirus']",350860.0
2388,Karen Eber,[70380],1,2217243,"['business, marketing, storytelling, communication, leadership, work, motivation, empathy, TEDx, trust, public speaking']",2217243.0
2389,Karen Gurney,[98350],1,1727010,"['social change, gender, relationships, personal growth, sex, society, TEDx']",1727010.0
2390,Karen J. Meech,[18928],1,10871606,"['science, nature, astronomy, universe, exploration, space, asteroid, astrobiology, aliens']",10871606.0
2391,Karen Lellouche Tordjman,[85220],1,1909547,"['technology, computers, future, AI, algorithm, machine learning']",1909547.0
6,Aala El-Khani,[2683],1,1268727,"['psychology, communication, community, parenting, war, natural disaster, violence, humanity, family, fear, TEDx, Middle East, vulnerability, refugees, teaching, kids']",1268727.0
2393,Karen Scrivener,[66829],1,1591524,"['climate change, science, sustainability, engineering, innovation, Countdown']",1591524.0
2394,Karen Thompson Walker,[1637],1,2791186,"['entertainment, death, creativity, storytelling, fear']",2791186.0
2395,Karen Tse,[1288],1,643049,"['global issues, politics, war, law, prison, justice system']",643049.0
2396,Karen Willcox,[116412],1,1087802,"['technology, design, engineering, computers, future, decision-making, TEDx']",1087802.0
2397,Karim Abouelnaga,[2775],1,1315393,"['education, social change, personal growth, society, TED Fellows, teaching, kids, equality']",1315393.0
2398,Karima Bennoune,[2042],1,1544574,"['social change, history, storytelling, religion, terrorism, war, humanity, TEDx']",1544574.0
2399,Karin Nilsdotter,[5135],1,14863,"['technology, business, entrepreneur, travel, space']",14863.0
2400,Karin Öberg,[59048],1,476941,"['science, universe, exploration, Planets, space, chemistry, discovery']",476941.0
2401,Karina Galperin,[2692],1,665334,"['education, innovation, communication, language, literature, writing, TEDx, teaching, grammar, TED en Español, kids']",665334.0
2402,Karinna Grant,[125795],1,569303,"['climate change, environment, sustainability, technology, design, fashion, shopping, metaverse, NFTs']",569303.0
2403,Karissa Sanbonmatsu,[29265],1,2859912,"['science, technology, DNA, genetics, gender, biology, activism, brain, identity, Transgender']",2859912.0
2404,Karl Skjonnemand,[32015],1,1798970,"['science, technology, design, computers, innovation, nature, future, potential, chemistry, manufacturing']",1798970.0
2405,Karla Souza,[16778],1,6835560,"['storytelling, family, TED en Español']",6835560.0
2406,Karleen Savage,[113676],1,477160,"['culture, relationships, communication, curiosity, Life']",477160.0
2407,Karoli Hindriks,[81573],1,1873506,"['technology, innovation, future, travel, humanity, government, immigration']",1873506.0
2408,Karoliina Korppoo,[2882],1,1538904,"['design, software, cities, urban planning, future, society, infrastructure, public space']",1538904.0
2409,Karoline Hjorth,[65878],1,183552,"['nature, creativity, art, storytelling, photography, humanity']",183552.0
2410,Karthik Muralidharan,[138368],1,499119,"['global issues, business, education, social change, philanthropy, international development']",499119.0
2411,Kartick Satyanarayan,[734],1,490312,"['environment, social change, animals, activism, biodiversity, india']",490312.0
7,Aarathi Krishnan,[91525],1,1639505,"['technology, innovation, future, human rights, ethics']",1639505.0
2413,Kasha Patel,[33777],1,41459,"['education, comedy, humor']",41459.0
2414,Kashfia Rahman,[37760],1,2637724,"['science, psychology, brain, decision-making, neuroscience, youth']",2637724.0
2415,Kashmir Hill,[19927],1,2210663,"['technology, business, consumerism, society, Internet, surveillance']",2210663.0
2416,Kasia Chmielinski,[132389],1,511303,"['technology, computers, software, AI, data, policy, machine learning']",511303.0
2417,Kasiva Mutua,[13591],1,1264014,"['entertainment, music, performance, Africa, art, TED Fellows']",1264014.0
8,Aaron Bastani,[101504],1,1726248,"['technology, business, economics, social change, government, policy, capitalism']",1726248.0
2419,Kat Cole,[146987],1,672293,"['business, leadership, personal growth, decision-making']",672293.0
2420,Kat Craig,[99705],1,1395495,"['social change, gender, activism, film, war, women, Middle East, human rights']",1395495.0
2421,Kate Ackerman,[107255],1,1510344,"['science, health, medicine, sports, personal growth, women, TEDx, medical research']",1510344.0
2422,Kate Adams,[2637],1,1789579,"['business, storytelling, personal growth, television']",1789579.0
2423,Kate Bowler,[42424],1,9758052,"['death, cancer, love, relationships, communication, personal growth, humanity, beauty, family, TEDMED']",9758052.0
2424,Kate Darling,[26073],1,3157907,"['technology, design, innovation, robots, future, humanity, society, emotions']",3157907.0
2425,Kate E. Brandt,[41903],1,66681,"['environment, sustainability, technology, business, energy']",66681.0
2426,Kate Fagan,[99571],1,1555740,"['business, social change, gender, psychology, history, sports, TEDx, journalism']",1555740.0
2427,Kate Hartman,[1222],1,1045753,"['culture, art, communication, glaciers']",1045753.0
2428,Kate Johnson,[162374],1,241532,"['culture, technology, media, sports, AI, algorithm']",241532.0
2429,Kate Kahle,[108039],1,1594444,"['social change, personal growth, brain, humanity, TEDx, medical research, Autism spectrum disorder']",1594444.0
2430,Kate Lister,[74913],1,1519010,"['education, social change, history, language, humor, ancient world, sex, society, TEDx']",1519010.0
2431,Kate Marvel,[2816],1,1359705,"['climate change, environment, science, biosphere, nature, future, water, Anthropocene']",1359705.0
2432,Kate Orff,[1064],1,423461,"['design, architecture, cities, biology']",423461.0
2433,Kate Raworth,[15537],1,5340496,"['climate change, global issues, sustainability, economics, biosphere, social change, nature, future, history, community, pollution, society, infrastructure, natural resources']",5340496.0
2434,Kate Stafford,[2776],1,1298413,"['climate change, environment, science, biosphere, music, animals, nature, biology, communication, biodiversity, water, beauty, TEDx, sound, Anthropocene, Antarctica, ocean']",1298413.0
9,Aaron Duffy,[14610],1,14978,"['film, visualizations']",14978.0
2436,Kate Wagner,[23416],1,455977,"['design, architecture, urban planning, education, art']",455977.0
2437,Katharine Hayhoe,[29968],1,4213653,"['climate change, environment, global issues, science, sustainability, social change, nature, communication, pollution, society, weather, Anthropocene']",4213653.0
2438,Katharine Wilkinson,[31455],1,2050534,"['climate change, science, sustainability, biosphere, education, nature, communication, women, policy, farming']",2050534.0
2439,Katherine Dunn,[148243],1,329897,"['climate change, storytelling, communication, journalism, Countdown']",329897.0
2440,Katherine Eban,[64354],1,448193,"['corruption, health, medicine, public health, journalism, drugs']",448193.0
2441,Katherine Fulton,[585],1,527052,"['global issues, community, activism, philanthropy, potential']",527052.0
2442,Katherine James,[109038],1,51506,"['climate change, technology, robots, food, agriculture']",51506.0
2443,Katherine Kuchenbecker,[1705],1,696512,"['technology, engineering']",696512.0
2444,Katherine Lucas,[18811],1,172127,"['leadership, work, society']",172127.0
2445,Katherine M. Gehl,[74616],1,1343965,"['politics, innovation, social change, United States, TEDx, policy']",1343965.0
2446,Katherine Maher,[88135],1,2104444,"['global issues, business, collaboration, education, innovation, democracy, Internet, trust']",2104444.0
2447,Katherine Mangu-Ward,[96395],1,1853240,"['business, economics, leadership, work, government, policy, capitalism']",1853240.0
2448,Katherine Saunders,[141560],1,531998,"['genetics, health, biology, human body']",531998.0
2449,Kathleen McAuliffe,[124498],1,1223370,"['science, health, cognitive science, microbiology, TEDx, microbes, personality, human body']",1223370.0
2450,Kathryn A. Whitehead,[80431],1,2013257,"['science, health, health care, medicine, Vaccines, medical research, pandemic, coronavirus']",2013257.0
2451,Kathryn Bouskill,[53211],1,2419338,"['culture, technology, society, productivity, TEDx, mindfulness']",2419338.0
2452,Kathryn Kolbert,[84912],1,2279487,"['social change, history, United States, women, law']",2279487.0
2453,Kathryn Mannix,[122060],1,1473936,"['culture, death, health, health care, medicine, personal growth, family, TEDx, Life']",1473936.0
10,Aaron Horowitz,[9507],1,16970,"['disease, health, communication, kids']",16970.0
2455,Kathy Hannun,[76209],1,1638801,"['climate change, environment, science, sustainability, technology, innovation, nature, energy, TED Fellows, resources']",1638801.0
2456,Kathy Hull,[2698],1,1077935,"['death, innovation, social change, health care, community, parenting, happiness, humanity, illness, society, family, kids, gardening']",1077935.0
2457,Kathy Kleiman,[61550],1,32648,"['computers, history, storytelling, women, code']",32648.0
2458,Kathy Mendias,[67047],1,1615628,"['relationships, humanity, mental health, emotions']",1615628.0
2459,Kathy Vinokurov,[31242],1,36671,"['culture, inclusion']",36671.0
2460,Katie Bouman,[2723],1,5859115,"['science, technology, collaboration, innovation, nature, astronomy, universe, physics, exploration, visualizations, space, TEDx, telescopes']",5859115.0
2461,Katie Fahey,[120758],1,665475,"['politics, business, social change, society, democracy, government']",665475.0
2462,Katie Francfort,[12971],1,27912,"['technology, disease, insects']",27912.0
2463,Katie Hinde,[2720],1,1597653,"['science, disease, health, health care, animals, nature, gender, biology, activism, parenting, medicine, anthropology, biodiversity, women, humanity, bacteria, government, kids, equality']",1597653.0
2464,Katie Hood,[41353],1,12692059,"['love, relationships, communication, personal growth, humanity, youth, emotions']",12692059.0
2465,Katie Mack,[76211],1,1627653,"['science, technology, astronomy, universe, visualizations, Planets, space, TED Fellows, astrobiology']",1627653.0
2466,Katie Paterson,[86285],1,2050669,"['design, creativity, art, future, time, beauty']",2050669.0
2467,Katlego Kolanyane-Kesupile,[15420],1,1295265,"['social change, gender, community, activism, humanity, society, identity, TED Fellows, Transgender, LGBTQIA+']",1295265.0
2468,Katrina Spade,[2808],1,1559214,"['environment, sustainability, biosphere, architecture, death, nature, bacteria, microbiology, TEDx, ecology, fungi']",1559214.0
2469,Katsuhiko Hayashi,[138369],1,460376,"['science, technology, DNA, genetics, health, animals, biology, medical research, human body']",460376.0
2470,Kaustav Dey,[10750],1,1362001,"['social change, creativity, communication, activism, society, identity, fashion']",1362001.0
2471,Kavita Ramdas,[842],1,645342,"['culture, social change, women, feminism, india']",645342.0
2472,Kay M. Tye,[59862],1,2546754,"['science, psychology, brain, mental health, neuroscience, medical research']",2546754.0
2473,Kayla Briët,[3617],1,1066444,"['culture, music, creativity, art, community, film, family, identity, TED Fellows']",1066444.0
2474,Kayvon Tehranian,[81961],1,2344866,"['technology, art, future, blockchain, cryptocurrency, metaverse, NFTs']",2344866.0
2475,Kaz,[87584],1,1977618,"['education, relationships, communication, parenting, sex, TED Fellows, teaching']",1977618.0
2476,Kedra Newsom Reeves,[67583],1,1565138,"['business, social change, community, race, United States, finance, inclusion, equality']",1565138.0
2477,Keely Muscatell,[120761],1,780622,"['science, health, psychology, mental health, neuroscience, TEDx']",780622.0
2478,Keenan Scott II,[109099],1,1277044,"['performance, creativity, art, race, theater, language, personal growth, spoken word, writing']",1277044.0
2479,Kees Moeliker,[1703],1,1504337,"['environment, science, biology, humor, sex, birds']",1504337.0
2480,Keiichiro Hirano,[20087],1,206557,"['love, relationships, communication, personal growth, self']",206557.0
2481,Keith Barry,[310],1,18972096,"['entertainment, illusion, brain, magic']",18972096.0
2482,Keith Bellows,[345],1,232207,"['global issues, transportation, entertainment, animals, energy, sex']",232207.0
2483,Keith Chen,[1670],1,2133536,"['business, economics, language, data, behavioral economics']",2133536.0
2484,Keith Kirkland,[32190],1,1843786,"['technology, design, invention, entrepreneur, innovation, future, sight, TED Residency, blindness']",1843786.0
2485,Keith Lowe,[36384],1,142197,"['global issues, future, history, war, society']",142197.0
2486,Keith Nolan,[1354],1,448980,"['global issues, military, TEDx, disability']",448980.0
2487,Keith Payne,[66455],1,2109652,"['politics, psychology, society, TEDx, equality']",2109652.0
2488,Keith Weed,[20466],1,17240,"['climate change, sustainability, economics']",17240.0
11,Aaron Huey,[1004],1,2103459,"['culture, history, photography, poverty, TEDx, indigenous peoples']",2103459.0
2490,Kelli Anderson,[1383],1,389975,"['design, engineering, art, TEDx']",389975.0
2491,Kelli Jean Drinkwater,[2612],1,2109496,"['culture, performance, social change, health, creativity, art, activism, photography, self, humanity, society, beauty, identity, fear, TEDx']",2109496.0
2492,Kelli Swazey,[1832],1,1949437,"['culture, death']",1949437.0
2493,Kelly Corrigan,[132053],1,1110910,"['love, communication, parenting, happiness, personal growth, family, emotions']",1110910.0
2494,Kelly D. Parker,[128040],1,780616,"['business, marketing, storytelling, communication, TEDx']",780616.0
2495,Kelly Lepley,[13018],1,73253,"['gender, self']",73253.0
2496,Kelly McGonigal,[1815],1,35556075,"['health, psychology, body language, mindfulness']",35556075.0
2497,Kelly Richmond Pope,[25054],1,1740265,"['politics, corruption, social change, history, society, crime, TEDx']",1740265.0
2498,Kelly Wanser,[46595],1,1948827,"['climate change, environment, science, sustainability, technology, engineering, pollution, Anthropocene, ocean']",1948827.0
2499,Kelsey Johnson,[53270],1,2123855,"['science, nature, astronomy, universe, pollution, space']",2123855.0
2500,Kelsey Leonard,[54750],1,3569512,"['climate change, environment, social change, future, activism, water, law, rivers, indigenous peoples']",3569512.0
2501,Kemi DaSilva-Ibru,[68121],1,1427425,"['social change, community, women, violence, sexual violence, coronavirus']",1427425.0
2502,Ken Chenault,[90094],1,1810900,"['business, innovation, creativity, leadership, equality, investing']",1810900.0
12,Aaron Koblin,[1152],1,1893179,"['technology, design, collaboration, art, visualizations, Internet, data']",1893179.0
2504,Ken Jennings,[1708],1,1479938,"['technology, computers, entertainment, robots, AI, TEDx']",1479938.0
2505,Ken Kamler,[791],1,898415,"['science, biology, medicine, exploration, humanity, weather']",898415.0
2506,Kendall Spencer,[8955],1,37425,"['education, social change, sports, youth']",37425.0
2507,Kenichi Ebina,[179],1,1983683,"['culture, entertainment, performance, dance']",1983683.0
2508,Kenneth Chabert,[107191],1,1340860,"['education, social change, psychology, personal growth, travel, curiosity, TED-Ed, Life']",1340860.0
2509,Kenneth Cukier,[2094],1,2082911,"['technology, future, data']",2082911.0
2510,Kenneth Lacovara,[2484],1,4365731,"['environment, science, animals, nature, history, universe, exploration, humanity, paleontology, TED Books, ancient world, dinosaurs, geology, asteroid']",4365731.0
2511,Kenneth Shinozuka,[2184],1,2028940,"['technology, design, invention, innovation, product design, aging']",2028940.0
2512,Kent Larson,[1559],1,1308656,"['technology, design, architecture, cities, urban planning, future, TEDx, infrastructure']",1308656.0
13,Aaron Maniam,[64613],1,238177,"['social change, poetry, language, humanity, society, pandemic, policy, coronavirus']",238177.0
2514,Keren Elazari,[2019],1,2887068,"['activism, terrorism, crime, Internet, encryption, cyber security']",2887068.0
14,Aaron Morris,[76215],1,1585351,"['science, technology, innovation, disease, health, TED Fellows, medical research, human body']",1585351.0
2516,Ketakandriana Rafitoson,[139340],1,489905,"['politics, corruption, Africa, democracy, government']",489905.0
2517,Kevin Allocca,[1371],1,3547370,"['entertainment, social media, Internet']",3547370.0
2518,Kevin B. Jones,[2644],1,1031034,"['science, collaboration, death, health, health care, cancer, communication, medicine, humanity, illness, TEDx, medical research']",1031034.0
2519,Kevin Bales,[807],1,1228926,"['global issues, business, economics, humanity, Slavery']",1228926.0
2520,Kevin Bethune,[6017],1,41580,"['design, business, collaboration, creativity, product design, leadership, work, UX design']",41580.0
2521,Kevin Breel,[1830],1,5035993,"['depression, mental health, suicide, TEDx, youth']",5035993.0
2522,Kevin Briggs,[1997],1,6969585,"['culture, depression, mental health, suicide']",6969585.0
2523,Kevin Etter,[13019],1,9489,"['business, activism, international development']",9489.0
2524,Kevin H. Gary,[120759],1,797495,"['entertainment, education, psychology, personal growth, brain, TEDx, emotions']",797495.0
2525,Kevin J. Krizek,[80115],1,1651753,"['climate change, design, cities, urban planning, social change, health, TEDx, pandemic, coronavirus']",1651753.0
15,Aaron O'Connell,[1160],1,1589528,"['science, philosophy, physics, quantum']",1589528.0
2527,Kevin Njabo,[6669],1,1015169,"['science, education, Africa, conservation']",1015169.0
2528,Kevin Owocki,[137203],1,481370,"['technology, innovation, social change, activism, philanthropy, money']",481370.0
2529,Kevin Roose,[69661],1,1441783,"['science, technology, social change, future, work, AI, humanity']",1441783.0
2530,Kevin Rudd,[2226],1,4437722,"['politics, United States, Asia, china']",4437722.0
2531,Kevin Scott,[121095],1,18636,"['technology, innovation, creativity, AI']",18636.0
2532,Kevin Slavin,[1194],1,4384995,"['technology, computers, social change']",4384995.0
16,Aaswath Raman,[15531],1,2418368,"['climate change, science, sustainability, technology, universe, physics, energy, electricity']",2418368.0
2534,Kevin Surace,[565],1,433001,"['sustainability, technology, design, invention, business, architecture, demo']",433001.0
2535,Kevin Toolis,[67430],1,255310,"['culture, death, anthropology, personal growth, society']",255310.0
2536,Keyu Jin,[111436],1,1604957,"['technology, business, entrepreneur, collaboration, innovation, future, leadership, china']",1604957.0
2537,Khadija Gbla,[2175],1,1367406,"['culture, global issues, Africa, women, TEDx']",1367406.0
2538,Khadijah Tribble,[77981],1,1710908,"['politics, social change, United States, society, TEDx, policy, justice system, equality']",1710908.0
2539,Khalida Brohi,[2152],1,1255106,"['activism, women, violence, feminism, Middle East']",1255106.0
2540,Khalil Ramadi,[76218],1,1297530,"[""health, biology, medicine, brain, TED Fellows, Alzheimer's, electricity""]",1297530.0
2541,Khulan Batkhuyag,[66872],1,1742723,"['climate change, environment, sustainability, nature, travel, Asia, conservation']",1742723.0
2542,Kiah Williams,[65392],1,1576540,"['innovation, health care, medicine, public health, The Audacious Project, equality']",1576540.0
2543,Kiana Hayeri,[93281],1,1675299,"['art, war, photography, violence, humanity, TED Fellows, Middle East']",1675299.0
2544,Kid Cudi,[66711],1,8132442,"['music, personal growth']",8132442.0
17,Abbas Ardehali,[125536],1,508072,"['technology, education, innovation, health, health care, medicine, Surgery, human body, heart']",508072.0
2546,Kim Katrin Milan,[2635],1,1804149,"['collaboration, social change, art, gender, relationships, activism, poetry, happiness, women, humanity, compassion, writing, society, beauty, family, identity, feminism, Transgender, equality, LGBTQIA+']",1804149.0
2547,Kim Scott,[125966],1,1116617,"['business, leadership, work, personal growth, TEDx']",1116617.0
2548,Kim Stanley Robinson,[80104],1,1806280,"['climate change, future, storytelling, humanity, science fiction, Countdown']",1806280.0
2549,Kimberley Motley,[2118],1,1251882,"['global issues, women, law, crime']",1251882.0
2550,Kimberly Noble,[37739],1,2539738,"['economics, social change, parenting, poverty, brain, neuroscience, money, kids, equality']",2539738.0
2551,Kimberlé Crenshaw,[2629],1,7327819,"['social change, gender, community, activism, race, women, violence, humanity, society, identity, equality']",7327819.0
2552,Kimberose,[83265],1,6166,['music'],6166.0
2553,Kings Floyd,[54971],1,20998,"['design, architecture, innovation, society, disability']",20998.0
2554,Kio Stark,[2574],1,3460556,"['communication, community, anthropology, humanity, TED Books, society, personality, friendship']",3460556.0
2555,Kiran Bedi,[1032],1,1837756,"['culture, global issues, education, social change, crime, india']",1837756.0
2556,Kiran Bhat,[156781],1,40139,"['technology, design, engineering, computers, entertainment, media, creativity, AI, gaming']",40139.0
2557,Kiran Mazumdar-Shaw,[75479],1,580470,"['science, collaboration, health care, public health, Vaccines, medical research, pandemic, india, coronavirus']",580470.0
2558,Kiran Sethi,[735],1,1777947,"['education, social change, society, india, kids']",1777947.0
2559,Kirby Ferguson,[1535],1,1648410,"['creativity, art']",1648410.0
2560,Kirk Citron,[811],1,827941,"['global issues, science, media, future, journalism']",827941.0
2561,Kirk Sorensen,[1324],1,694929,"['technology, TEDx, nuclear energy, renewable energy']",694929.0
2562,Kirsten Banks,[125464],1,127456,"['culture, science, astronomy, space, ancient world']",127456.0
2563,Kirsten Hall,[18812],1,90906,"['business, work, women in business']",90906.0
2564,Kirsti Abbott,[21922],1,16902,"['science, insects, discovery, ecology']",16902.0
2565,Kirsty Duncan,[15275],1,1370420,"['science, education, social change, personal growth, society, government, discovery']",1370420.0
2566,Kishore Mahbubani,[43852],1,2513500,"['culture, global issues, politics, collaboration, future, United States, Asia, humanity, Europe, government, international development']",2513500.0
18,Abbey Williams,[19072],1,12659,"['cities, art, exploration']",12659.0
2568,Klaus Stadlmann,[1299],1,392915,"['technology, design, engineering, industrial design, TEDx']",392915.0
2569,Kluane Adamek,[68122],1,1421374,"['culture, history, leadership, women, women in business, society']",1421374.0
2570,Knut Haanaes,[2470],1,2362896,"['business, innovation, creativity, leadership, success, work, motivation, potential, curiosity, goals']",2362896.0
2571,Knut Ivar Bjørlykhaug,[74003],1,1435831,"['climate change, environment, nature, activism, TEDx, emotions']",1435831.0
2572,Kola Masha,[19266],1,1269353,"['global issues, innovation, social change, Africa, future, community, potential, humanity, society, agriculture, farming']",1269353.0
2573,Kotchakorn Voraakhom,[31466],1,1999126,"['climate change, environment, sustainability, design, architecture, cities, urban planning, nature, community, TED Fellows, infrastructure']",1999126.0
2574,Kris Alexander,[107970],1,1835029,"['technology, entertainment, education, social change, health, gaming, Internet, teaching']",1835029.0
2575,Kris De Meyer,[145018],1,346607,"['climate change, science, brain, decision-making, neuroscience, Countdown']",346607.0
2576,Krista Donaldson,[1895],1,1175614,"['design, innovation']",1175614.0
19,Abdoulaye Diabaté,[135145],1,467242,"['science, DNA, genetics, health, Africa, community, public health, human body']",467242.0
2578,Kristalina Georgieva,[63575],1,328354,"['politics, business, economics, leadership, finance, pandemic, coronavirus, equality']",328354.0
2579,Kristen Ashburn,[381],1,537102,"['global issues, science, media, disease, health, Africa, activism, photography, AIDS']",537102.0
20,Abe Davis,[2246],1,1529784,"['technology, computers, software']",1529784.0
2581,Kristen Nguyen,[104497],1,1621279,"['education, social change, health, psychology, community, parenting, TED-Ed, teaching, emotions, kids']",1621279.0
2582,Kristen Warren,[95655],1,1594219,"['climate change, music, social change, art, activism, society, Countdown']",1594219.0
2583,Kristen Wenz,[57186],1,2253282,"['global issues, social change, health care, government, policy, human rights, kids, international development, equality']",2253282.0
2584,Kristi Rogers,[5136],1,76597,"['marketing, communication, data, finance']",76597.0
2585,Kristie Ebi,[48858],1,2373441,"['climate change, environment, science, sustainability, food, nature, biology, future, agriculture, plants, Anthropocene']",2373441.0
2586,Kristie Overstreet,[3328],1,1804680,"['health, health care, medicine, TEDx, Transgender']",1804680.0
2587,Kristin Barry,[117490],1,860283,"['science, brain, neuroscience, sound, medical research']",860283.0
2588,Kristin Jones,[67043],1,1776209,"['social change, parenting, mental health, sexual violence, kids']",1776209.0
2589,Kristin Poinar,[3136],1,5003150,"['climate change, environment, science, technology, nature, physics, exploration, water, space, data, Antarctica, glaciers']",5003150.0
2590,Kristina Gjerde,[1011],1,434840,"['global issues, politics, science, law, Mission Blue, ocean']",434840.0
21,Abeer Seikaly,[25999],1,51886,"['culture, design, architecture, innovation, refugees']",51886.0
2592,Kristy Ellmer,[145675],1,519310,"['business, leadership, personal growth']",519310.0
2593,Kriti Sharma,[36479],1,2410273,"['technology, computers, software, social change, activism, product design, AI, TEDx, algorithm, code, machine learning, diversity, equality']",2410273.0
2594,Ksenia Petrichenko,[104427],1,1590618,"['climate change, technology, design, innovation, future, pollution, Countdown']",1590618.0
2595,Kwabena Boahen,[320],1,773119,"['science, technology, design, engineering, computers, brain, visualizations']",773119.0
2596,Kwame Anthony Appiah,[2011],1,1986332,"['global issues, philosophy, religion, Christianity, atheism, Islam, Judaism, Hinduism']",1986332.0
2597,Kwame Owusu-Kesse,[65074],1,1765106,"['education, health, health care, community, race, public health, pandemic, The Audacious Project, coronavirus, equality']",1765106.0
2598,Kyle Quinn,[16820],1,38353,"['culture, global issues, love, humanity, immigration']",38353.0
2599,Kym Worthy,[23515],1,1780127,"['collaboration, social change, activism, women, society, crime, sexual violence, justice system']",1780127.0
2600,Kyra Gaunt,[93269],1,1686455,"['culture, entertainment, music, social change, dance, TED Fellows']",1686455.0
2601,LADAMA,[30298],1,199889,"['music, performance, TED en Español']",199889.0
2602,LB Hannahs,[13465],1,1450226,"['social change, gender, parenting, society, TEDx, Transgender']",1450226.0
2603,LZ Granderson,[1478],1,1770854,"['social change, gender, love, humor, sex, TEDx, equality, LGBTQIA+']",1770854.0
22,Abha Dawesar,[1856],1,1392222,"['culture, technology, entertainment, storytelling, communication']",1392222.0
2605,Laetitia Ky,[124694],1,560333,"['social change, Africa, creativity, art, women, feminism']",560333.0
2606,Lake Buckley,[14610],1,14978,"['film, visualizations']",14978.0
2607,Lakshmi Pratury,[201],1,853051,"['relationships, communication, community, parenting, writing']",853051.0
2608,Lalitesh Katragadda,[736],1,431360,"['technology, design, cities, collaboration, maps']",431360.0
2609,Lam Ho,[103434],1,1394899,"['social change, law, family, TED Fellows, inclusion, human rights']",1394899.0
2610,Lambers Fisher,[132679],1,618757,"['love, psychology, relationships, communication, community, family, TEDx, emotions']",618757.0
2611,Lamin Jassey,[147773],1,390835,"['culture, food, Africa, fish, future, community, society, Countdown, ocean']",390835.0
2612,Lana Mazahreh,[8418],1,1360726,"['climate change, environment, social change, future, activism, water, public health, society']",1360726.0
2613,Lana Yarosh,[4233],1,10601,"['technology, relationships, parenting, family, kids']",10601.0
2614,Laolu Senbanjo,[2863],1,1051319,"['performance, Africa, creativity, art, beauty']",1051319.0
2615,Laprisha Berry Daniels,[121638],1,619815,"['climate change, sustainability, cities, history, community, society, Countdown']",619815.0
2616,Lara Durgavich,[60405],1,2153074,"['science, genetics, evolution, biology, history, medicine, anthropology, TEDx']",2153074.0
2617,Lara Maiklem,[52476],1,13606,"['culture, history, society, rivers']",13606.0
2618,Lara Setrakian,[2687],1,1360620,"['global issues, entrepreneur, innovation, communication, community, women, writing, society, Internet, Middle East, journalism, ebola, refugees, ocean']",1360620.0
4702,Yoruba Richen,[2016],1,863872,"['gender, activism, film, race, equality, LGBTQIA+']",863872.0
2620,Larry Burns,[411],1,692641,"['sustainability, technology, design, transportation, future, energy, renewable energy']",692641.0
2621,Larry Irvin,[83539],1,1857935,"['education, social change, community, United States, personal growth, TED Fellows, teaching, kids']",1857935.0
2622,Larry Page,[1953],1,2894616,"['business, AI, algorithm']",2894616.0
2623,Larry Smith,[1384],1,7372029,"['business, happiness, success, personal growth, TEDx, goals']",7372029.0
2624,Lars Fæste,[5156],1,19167,"['business, innovation, leadership']",19167.0
2625,Lars Jönsson,[31234],1,3096,"['music, performance']",3096.0
54,Adar Cohen,[52545],1,503576,"['communication, language, society']",503576.0
2627,Laura Bates,[33881],1,1531235,"['social change, gender, activism, women, violence']",1531235.0
4726,Zahra Al-Mahdi,[76207],1,1804248,"['culture, social change, creativity, storytelling, TED Fellows']",1804248.0
2629,Laura Boykin,[49114],1,1826575,"['science, technology, DNA, collaboration, food, Africa, community, TED Fellows, farming']",1826575.0
2630,Laura Caccia,[21152],1,5976,"['technology, creativity, poetry, code']",5976.0
2631,Laura Carstensen,[1424],1,1681279,"['culture, science, health, psychology, aging, happiness, personal growth, women, humanity, mental health, TEDx, emotions']",1681279.0
2632,Laura Fox,[5157],1,29419,"['relationships, communication, happiness, self, humanity, compassion, empathy, society, identity, curiosity']",29419.0
2633,Laura Galante,[2772],1,2729755,"['global issues, politics, technology, computers, future, communication, society, Internet, government, data, journalism, algorithm, policy, encryption, cyber security']",2729755.0
2634,Laura Gassner Otting,[98421],1,2903793,"['business, happiness, success, personal growth, mental health']",2903793.0
2635,Laura Indolfi,[2504],1,1494866,"['science, design, invention, entrepreneur, innovation, disease, health, health care, cancer, future, product design, medicine, potential, illness, TED Fellows, medical research']",1494866.0
2636,Laura L. Dunn,[15149],1,1233601,"['social change, gender, United States, law, society, TED Fellows, government, sexual violence, justice system']",1233601.0
2637,Laura Lane,[13020],1,61779,"['global issues, activism, war']",61779.0
2638,Laura Miele,[147329],1,397159,"['technology, relationships, communication, community, gaming, friendship']",397159.0
2639,Laura Robinson,[2390],1,1885702,"['climate change, environment, science, animals, nature, biology, future, history, biodiversity, exploration, water, ancient world, beauty, chemistry, TEDx, ecology, coral reefs, ocean']",1885702.0
2640,Laura Rovner,[50990],1,2446446,"['social change, humanity, law, society, prison, TEDx, justice system']",2446446.0
2641,Laura Schulz,[2265],1,2157858,"['science, education, cognitive science, brain, data, youth, behavioral economics, human body, kids']",2157858.0
2642,Laura Snyder,[1712],1,1363854,"['culture, science, technology, computers, innovation, history, philosophy, storytelling, activism, physics, math']",1363854.0
2643,Laura Tenenbaum,[79152],1,50295,[],50295.0
2644,Laura Trice,[349],1,3238346,"['culture, communication, parenting, happiness']",3238346.0
2645,Laura Vanderkam,[2647],1,16028338,"['time, happiness, work, personal growth, decision-making, work-life balance, goals']",16028338.0
2646,Laura Yawanawá,[51634],1,265007,"['social change, community, activism, humanity, society, South America, conservation, indigenous peoples']",265007.0
2647,Lauran Arledge,[2876],1,1239221,"['politics, communication, society, TEDx, friendship']",1239221.0
23,Abhishek Gopalka,[50930],1,2109087,"['business, health, health care, medicine, motivation, public health, india']",2109087.0
2649,Lauren Dunford,[148374],1,352673,"['sustainability, business, innovation, future, work, manufacturing']",352673.0
2650,Lauren Esposito,[27022],1,5064,"['science, biology, medicine, insects, medical research']",5064.0
2651,Lauren Fadiman,[148016],1,386257,"['climate change, culture, history, storytelling, Countdown']",386257.0
2652,Lauren Hodge,[1320],1,1118398,"['science, food, health, cancer, pollution, medicine, chemistry, TEDx, youth, code']",1118398.0
2653,Lauren Pharr,[17240],1,1511226,"['science, animals, nature, biology, crime, birds, TEDx, forensics']",1511226.0
24,Abigail Disney,[64771],1,1887738,"['business, social change, leadership, capitalism, trust, human rights, equality, ethics']",1887738.0
2655,Lauren Senior,[124933],1,53552,"['science, food, health, Africa, community']",53552.0
2656,Lauren Zalaznick,[1224],1,859875,"['culture, entertainment, television']",859875.0
2657,Laurie Garrett,[529],1,856792,"['technology, business, health, health care, history, Vaccines, ebola']",856792.0
2658,Laurie Santos,[927],1,3564032,"['science, design, business, economics, primates, psychology, brain, money']",3564032.0
2659,Lawrence Bernstein,[141240],1,938395,"['business, storytelling, communication, personal growth, TEDx, personality, public speaking']",938395.0
25,Abigail Marsh,[2584],1,2600480,"['science, cognitive science, communication, community, brain, self, humanity, mental health, empathy, fear, personality']",2600480.0
2661,Laxmi Parida,[9469],1,15087,"['biodiversity, math, agriculture']",15087.0
2662,Leah Buechley,[1609],1,831252,"['design, engineering, invention, innovation, art, youth, toys']",831252.0
2663,Leah Chase,[4490],1,1670626,"['interview, social change, food, history, activism, race, leadership, personal growth, women, society, family']",1670626.0
2664,Leah Garcés,[66401],1,1833253,"['social change, food, animals, activism, personal growth, TEDx']",1833253.0
2665,Leah Georges,[38268],1,2886888,"['business, collaboration, communication, leadership, success, work, personal growth, productivity, TEDx']",2886888.0
2666,Leana Wen,[2133],1,2289051,"['business, health care, medicine, ethics']",2289051.0
2667,Lear deBessonet with Brian Stokes Mitchell,[134733],1,492617,"['culture, entertainment, performance, collaboration, creativity, art, community, theater, public health']",492617.0
26,Abigail Spanberger,[51540],1,81217,"['global issues, politics, communication, empathy, society']",81217.0
2669,Lee Hotz,[938],1,659944,"['climate change, science, journalism, Antarctica']",659944.0
2670,Lee Mokobe,[2281],1,1782219,"['gender, poetry, spoken word, TED Fellows, Transgender']",1782219.0
2671,Lee Smolin,[394],1,336489,"['global issues, politics, science, social change, community, physics, String theory']",336489.0
2672,Lee Thomas,[46599],1,2752862,"['social change, disease, communication, motivation, humanity, society, television, human body']",2752862.0
2673,Lei Cheng,[148340],1,298617,"['creativity, happiness, personal growth, society, prison']",298617.0
2674,Lei Li,[87245],1,691316,"['science, health, health care, sound, medical research, medical imaging']",691316.0
2675,Lei Zhang,[157985],1,304918,"['climate change, sustainability, technology, innovation, future, energy, Countdown, renewable energy']",304918.0
2676,Leila Hoteit,[2547],1,4430094,"['business, leadership, work, women, women in business, Middle East']",4430094.0
2677,Leila Pirhaji,[50637],1,2009711,"['technology, biotech, disease, medicine, AI, TED Fellows, medical research, algorithm']",2009711.0
2678,Leila Seth,[21936],1,1289086,"['global issues, social change, gender, women, money, finance, india']",1289086.0
2679,Leila Takayama,[8780],1,1257463,"['technology, design, invention, innovation, robots, future, TEDx']",1257463.0
2680,Leili Anvar,[126449],1,580474,"['history, poetry, language, humanity, Middle East']",580474.0
2681,Leland Melvin,[31849],1,1903531,"['sports, personal growth, space, humanity, society']",1903531.0
2682,Lemn Sissay,[1596],1,1037885,"['culture, poetry, spoken word, TEDx, kids']",1037885.0
2683,Lemon Andersen,[1625],1,1579403,"['performance, poetry, spoken word']",1579403.0
2684,Lena Dumont,[8428],1,18659,"['business, happiness, success, investing']",18659.0
2685,Lennart Green,[327],1,6630052,"['entertainment, illusion, humor, magic']",6630052.0
2686,Lenore Skenazy,[153162],1,492163,"['education, social change, parenting, personal growth, family, kids']",492163.0
2687,Leo Igwe,[12370],1,1340074,"['collaboration, Africa, community, religion, humanity, society']",1340074.0
2688,Leo Lanna,[96950],1,298416,"['environment, science, animals, nature, biodiversity, South America, conservation']",298416.0
2689,Leo Villareal,[147273],1,351705,"['design, computers, architecture, cities, creativity, art, community, beauty, public space']",351705.0
2690,Leon Marchal,[54125],1,2265390,"['global issues, disease, health, medicine, public health, microbiology']",2265390.0
2691,Leonard Susskind,[1145],1,1685452,"['culture, science, history, storytelling, physics, TEDx']",1685452.0
2692,Leopoldo Lopez,[139914],1,562484,"['politics, social change, communication, activism, democracy, government']",562484.0
2693,Leor Weinberger,[66761],1,223491,"['science, disease, health, health care, biology, medicine, AIDS, illness, public health, Vaccines, virus, medical research, TEDMED']",223491.0
2694,Lera Boroditsky,[12727],1,25360945,"['science, cognitive science, communication, language, brain, humanity, sound']",25360945.0
27,Abigail Washburn,[1420],1,1077126,"['culture, entertainment, music, performance, Asia, china, TED Fellows']",1077126.0
2696,Leslie Dodson,[1292],1,206892,"['media, Africa, poverty, TEDx, journalism']",206892.0
2697,Leslie Herod,[73954],1,1445962,"['social change, community, United States, mental health, empathy, TEDx, policy, justice system']",1445962.0
2698,Leslie Morgan Steiner,[1654],1,8575054,"['culture, global issues, social change, gender, love, relationships, women, violence, TEDx']",8575054.0
2699,Leslie Perlow,[6061],1,34511,"['technology, collaboration, communication, work, sociology, productivity, work-life balance']",34511.0
2700,Leslie T. Chang,[1554],1,1711779,"['culture, global issues, economics, consumerism, Asia, china, women']",1711779.0
2701,Let It Happen,[86535],1,12181,"['music, performance, Countdown']",12181.0
28,Abraham Verghese,[1231],1,2180064,"['culture, science, health, health care, communication, medicine']",2180064.0
29,Achenyo Idachaba,[2407],1,1913077,"['environment, sustainability, engineering, business, innovation, Africa, nature, creativity, product design, potential, water, women in business, agriculture, botany, plants']",1913077.0
2704,Lewis Bollard,[159975],1,297218,"['environment, food, animals, farming, ethics']",297218.0
31,Achin Bhowmik,[19752],1,10748,"['technology, computers, machine learning']",10748.0
2706,Leyla Acaroglu,[1926],1,1523804,"['sustainability, design']",1523804.0
2707,Leymah Gbowee,[1403],1,1469359,"['global issues, social change, women']",1469359.0
2708,Li Wei Tan,[29746],1,608005,"['science, technology, nature, medicine, demo, math']",608005.0
2709,Li-Huei Tsai,[82946],1,2804819,"[""science, technology, music, aging, brain, Alzheimer's""]",2804819.0
2710,Liam Young,[81389],1,2247215,"['climate change, science, urban planning, future, film, humanity, virtual reality, science fiction']",2247215.0
2711,Lian Pin Koh,[1872],1,702920,"['global issues, sustainability, animals, drones']",702920.0
2712,Liana Finck,[118065],1,1036563,"['creativity, art, storytelling, religion, personal growth, humanity, humor, emotions']",1036563.0
2713,Lidia Yuknavitch,[2508],1,4503297,"['creativity, personal growth, self, humanity, writing, TED Books, beauty, identity, books']",4503297.0
2714,Liene Ozoliņa,[66344],1,1704262,"['business, economics, social change, society, TEDx, policy, equality']",1704262.0
2715,Lil Buck,[2851],1,347743,"['performance, creativity, art, dance']",347743.0
2716,Lili Haydn,[19893],1,786630,"['music, performance, death, emotions']",786630.0
2717,Lilly Singh,[88795],1,2591160,"['culture, social change, gender, women, equality']",2591160.0
2718,Lily Tomlin,[2394],1,4447087,"['interview, gender, relationships, aging, personal growth, comedy, self, women, humanity, humor, identity, friendship']",4447087.0
32,Adam Aleksic,[148344],1,608536,"['culture, technology, media, communication, language, social media, TEDx, youth, algorithm']",608536.0
2720,Linda Cliatt-Wayman,[2276],1,2561431,"['education, leadership, poverty, teaching']",2561431.0
2721,Linda Hill,[2210],1,3199192,"['business, collaboration, creativity, leadership, TEDx']",3199192.0
2722,Linda Liukas,[2417],1,2206019,"['technology, design, computers, software, education, creativity, future, storytelling, product design, parenting, TEDx, Internet, algorithm, code']",2206019.0
2723,Linda Zhang,[10556],1,65124,"['entrepreneur, education, youth']",65124.0
2724,Linden Vazey,[91792],1,74258,"['business, leadership, work, personal growth, self']",74258.0
33,Adam Alter,[2815],1,4733412,"['technology, computers, software, psychology, social media, addiction, UX design']",4733412.0
2726,Lindsay Amer,[43200],1,2691426,"['music, performance, education, gender, activism, parenting, teaching, kids, LGBTQIA+']",2691426.0
2727,Lindsay Levin,[124190],1,734546,"['technology, business, interview, innovation, health care, leadership, work, AI, drugs']",734546.0
2728,Lindsay Malloy,[19727],1,1664510,"['social change, cognitive science, psychology, United States, law, society, crime, prison, TEDx, government, policy, justice system, kids']",1664510.0
2729,Lindsay Morcom,[61991],1,2144326,"['culture, education, history, language, TEDx, policy, indigenous peoples']",2144326.0
2730,Lindsay Morris,[125620],1,519419,"['social change, community, photography, personal growth, family, identity, Transgender, LGBTQIA+']",519419.0
2731,Lindsey A. Sherrill,[109633],1,1248342,"['culture, entertainment, media, social change, history, personal growth, society, TEDx, books, ethics, TV']",1248342.0
2732,Lindsey Schneider,[100241],1,1460667,"['environment, social change, nature, activism, TEDx, policy, conservation, indigenous peoples']",1460667.0
2733,Lindy Lou Isonhood,[32265],1,1838318,"['culture, social change, law, society, crime, prison, justice system']",1838318.0
2734,Linus Torvalds,[2464],1,8587874,"['technology, engineering, invention, computers, interview, communication, Internet, data, code']",8587874.0
2735,Lisa Bu,[1755],1,6845998,"['culture, entertainment, creativity, library, literature, personality']",6845998.0
2736,Lisa Dazols,[2370],1,2902034,"['global issues, social change, gender, love, relationships, film, travel, society, Transgender, LGBTQIA+']",2902034.0
2737,Lisa Dyson,[2540],1,1536070,"['environment, global issues, science, technology, business, innovation, food, nature, future, bacteria, microbiology, agriculture, farming, natural resources, astrobiology']",1536070.0
2738,Lisa Feldman Barrett,[8419],1,8265519,"['science, personal growth, brain, humanity, society, emotions']",8265519.0
2739,Lisa Gansky,[1077],1,802803,"['technology, business']",802803.0
2740,Lisa Genova,[2771],1,8817925,"[""science, genetics, disease, health, future, aging, mental health, neuroscience, medical research, Alzheimer's""]",8817925.0
2741,Lisa Godwin,[56860],1,2531470,"['education, mental health, compassion, empathy, family, teaching']",2531470.0
2742,Lisa Harouni,[1335],1,1844182,"['technology, design, business, 3D printing, manufacturing']",1844182.0
2743,Lisa Jackson,[66966],1,1429729,"['climate change, environment, sustainability, technology, business, innovation, Countdown']",1429729.0
2744,Lisa Kaltenegger,[144610],1,575782,"['science, technology, astronomy, universe, physics, space, telescopes, astrobiology, aliens']",575782.0
2745,Lisa Kristine,[1541],1,3072586,"['global issues, corruption, social change, photography, TEDx, Slavery']",3072586.0
2746,Lisa Margonelli,[940],1,614028,"['environment, sustainability, energy, natural disaster, TEDx, fossil fuels']",614028.0
2747,Lisa Mosconi,[58704],1,4869112,"[""science, health, biology, brain, women, neuroscience, medical research, Alzheimer's, human body""]",4869112.0
2748,Lisa Nip,[2471],1,1863877,"['environment, science, engineering, innovation, nature, evolution, biology, future, potential, exploration, Planets, bacteria, microbiology, TEDx, Mars, astrobiology']",1863877.0
2749,Lisa Seacat DeLuca,[10044],1,27114,"['technology, invention, future']",27114.0
2750,Lisa-Marie Johnston,[10373],1,4102,"['music, performance']",4102.0
2751,Liu Bolin,[1721],1,1402349,"['global issues, art, photography, china, identity']",1402349.0
2752,Liu Thai Ker,[84108],1,1855817,"['sustainability, design, architecture, cities, urban planning, history, Asia, TEDx, infrastructure']",1855817.0
34,Adam Carroll,[24866],1,6457847,"['psychology, decision-making, gaming, family, money, finance']",6457847.0
2754,Liz Coleman,[558],1,743555,"['collaboration, education, social change, creativity, future, activism']",743555.0
2755,Liz Diller,[1433],1,728179,"['architecture, cities, creativity, museums']",728179.0
2756,Liz Hajek,[2814],1,1507808,"['climate change, environment, science, nature, water, ancient world, TEDx, rivers']",1507808.0
2757,Liz Kleinrock,[35563],1,2392685,"['education, social change, communication, race, parenting, society, identity, teaching, kids']",2392685.0
35,Adam Cutler,[10363],1,18374,"['robots, relationships, AI, humanity']",18374.0
2759,Liz Powers,[21903],1,48113,"['social change, art, activism, work, disability, homelessness']",48113.0
2760,Liza Donnelly,[1061],1,1530731,"['culture, media, art, comedy, women, humor, feminism']",1530731.0
2761,Lizzie Velásquez,[20086],1,13507470,"['motivation, personal growth, comedy, self, humor, identity, goals']",13507470.0
2762,Lizzo,[81405],1,2327059,"['culture, entertainment, music, social change, history, dance']",2327059.0
2763,Lloyd Pendleton,[3620],1,1174481,"['cities, innovation, social change, community, poverty, humanity, society, TEDMED, homelessness']",1174481.0
2764,Lloyd Treinish,[9506],1,40895,"['technology, weather, data']",40895.0
2765,Lonneke Gordijn,[112998],1,1311044,"['technology, nature, creativity, art, beauty']",1311044.0
2766,Lord Nicholas Stern,[2093],1,902993,"['climate change, global issues, business, economics, Anthropocene']",902993.0
2767,Loretta J. Ross,[80405],1,2249904,"['culture, social change, communication, activism, humanity, social media']",2249904.0
2768,Loretta Napoleoni,[712],1,790039,"['global issues, corruption, economics, terrorism, money']",790039.0
2769,Lori Gottlieb,[50856],1,7657691,"['psychology, storytelling, communication, personal growth, self, writing, identity']",7657691.0
2770,Lorie Wigle,[19799],1,6544,"['engineering, energy, electricity']",6544.0
2771,Lorna Davis,[52268],1,2727214,"['business, collaboration, leadership, work, women in business, society']",2727214.0
2772,Lorrie Faith Cranor,[2030],1,1667844,"['technology, business, communication, TEDx, cyber security, online privacy']",1667844.0
36,Adam Davidson,[1638],1,857200,"['global issues, politics, economics']",857200.0
2774,Louise Fresco,[537],1,1222432,"['global issues, sustainability, industrial design, business, food, consumerism, activism, agriculture, international development']",1222432.0
2775,Louise Leakey,[315],1,949946,"['science, Africa, primates, evolution, anthropology, humanity, paleontology, ancient world']",949946.0
2776,Louise Mabulo,[127861],1,531014,"['climate change, environment, sustainability, food, nature, agriculture, farming, plants, Countdown']",531014.0
2777,Luc de Brabandere,[5148],1,73971,"['business, innovation, creativity, work']",73971.0
2778,Luca Turin,[393],1,717544,"['science, technology, engineering, happiness, beauty, smell']",717544.0
2779,Lucas Joppa,[87379],1,1776813,"['climate change, environment, sustainability, technology, software, code, Countdown']",1776813.0
2780,Lucas Raspall,[15716],1,178132,"['psychology, storytelling, self, mental health, TED en Español']",178132.0
2781,Lucas Rizzotto,[115884],1,953314,"['technology, creativity, art, AI, virtual reality, metaverse']",953314.0
2782,Luci Englert McKean,[81428],1,49829,"['technology, business, relationships, communication, inclusion']",49829.0
2783,Lucie Pinson,[89615],1,1631582,"['climate change, environment, business, energy, pollution, money, finance, capitalism, Countdown']",1631582.0
2784,Lucien Engelen,[1359],1,353599,"['technology, health, health care, medicine, public health, TEDx, exercise']",353599.0
2785,Lucius,[65445],1,61451,"['music, performance']",61451.0
2786,Lucy Clayton,[43933],1,114869,"['politics, social change, activism, fashion']",114869.0
2787,Lucy Cooke,[40767],1,715276,"['environment, science, animals, nature, evolution, biology']",715276.0
2788,Lucy Farey-Jones,[59153],1,2053687,"['technology, computers, robots, future, AI, society']",2053687.0
37,Adam Driver,[2513],1,14626262,"['military, entertainment, performance, collaboration, communication, film, war, theater, language']",14626262.0
2790,Lucy Kalanithi,[2778],1,2667507,"['death, health, health care, cancer, love, relationships, communication, poetry, medicine, personal growth, humanity, illness, compassion, writing, family, meditation, TEDMED']",2667507.0
2791,Lucy King,[56901],1,2516088,"['environment, science, sustainability, technology, Africa, animals, humanity, farming']",2516088.0
2792,Lucy Marcil,[20082],1,1434661,"['social change, health, health care, parenting, medicine, family, TED Fellows, finance, kids']",1434661.0
2793,Lucy McBath,[119527],1,803916,"['politics, military, social change, activism, parenting, leadership, United States, violence, public health, government']",803916.0
2794,Lucy McRae,[1413],1,1707829,"['technology, design, architecture, smell, TED Fellows, human body']",1707829.0
2795,Ludmila Rattis,[125757],1,540924,"['climate change, environment, science, animals, biology, biodiversity, trees, ecology, Countdown']",540924.0
2796,Ludwick Marishane,[1611],1,1851116,"['invention, business, entrepreneur, innovation, Africa, water, international development']",1851116.0
2797,Luhan Yang,[21976],1,1716397,"['science, technology, DNA, innovation, disease, health, health care, animals, biology, future, illness, virus, CRISPR, human body']",1716397.0
2798,Luis H. Zayas,[50793],1,2134643,"['politics, social change, psychology, history, community, United States, humanity, society, government, immigration, refugees, kids']",2134643.0
38,Adam Foss,[2453],1,2604185,"['education, social change, race, decision-making, law, compassion, society, government, policy, justice system, equality']",2604185.0
39,Adam Galinsky,[2631],1,7774096,"['business, relationships, communication, leadership, work, motivation, personal growth, decision-making, women in business, empathy, society, identity, TEDx, personality']",7774096.0
2801,Luke Sital-Singh,[22799],1,277294,"['music, performance']",277294.0
2802,Luke Syson,[1907],1,1222501,"['design, art, history, museums, TEDx']",1222501.0
2803,Luma Mufleh,[2809],1,1887752,"['global issues, social change, humanity, identity, immigration, refugees, kids']",1887752.0
2804,Luvvie Ajayi Jones,[4873],1,10259573,"['social change, communication, race, success, motivation, personal growth, humanity, writing, society, identity, fear, equality']",10259573.0
2805,Lux Narayan,[2697],1,1893304,"['entrepreneur, death, communication, aging, success, motivation, humanity, society, personality']",1893304.0
2806,Lvcas Fiat,[96950],1,298416,"['environment, science, animals, nature, biodiversity, South America, conservation']",298416.0
2807,Lynn Rothschild,[43932],1,406199,"['science, technology, biology, future, astronomy, universe, exploration, space, TEDx, solar system, Mars']",406199.0
2808,Lynne Elvins,[64504],1,653225,"['parenting, family, equality, LGBTQIA+']",653225.0
2809,Lyra McKee,[5655],1,188236,"['global issues, religion, activism, humanity, LGBTQIA+']",188236.0
2810,Lýdia Machová,[29391],1,19098922,"['culture, education, communication, language, personal growth']",19098922.0
2811,Ma Jun,[80136],1,2118146,"['climate change, environment, sustainability, technology, business, social change, consumerism, pollution, china, Countdown']",2118146.0
2812,Ma Yansong,[51070],1,470736,"['architecture, cities, urban planning, nature, art, beauty']",470736.0
2813,MaJiKer,[5158],1,5387,"['music, performance']",5387.0
2814,Maajid Nawaz,[1189],1,881219,"['culture, global issues, politics, democracy']",881219.0
2815,Mac Barnett,[2091],1,2162917,"['creativity, art, literature, TEDx, books, science fiction, kids']",2162917.0
2816,Mac Stone,[2334],1,1346051,"['animals, nature, activism, photography, birds, TEDx']",1346051.0
2817,Machine Dazzle,[114532],1,1113525,"['design, performance, creativity, art, fashion']",1113525.0
2818,Macinley Butson,[5480],1,43387,"['science, technology, invention, history, youth']",43387.0
2819,Mackenzie Dalrymple,[53100],1,16866,"['culture, entertainment, history, storytelling']",16866.0
40,Adam Garone,[1606],1,764644,"['culture, philanthropy, identity, TEDx']",764644.0
2821,Madeleine Albright,[1078],1,950420,"['business, gender, Middle East, international relations']",950420.0
2822,Madhumita Murgia,[17023],1,216988,"['technology, Internet, data, surveillance, online privacy']",216988.0
2823,Madison McFerrin,[70361],1,108270,"['music, performance, art']",108270.0
2824,Madison Mohns,[126880],1,635197,"['computers, work, AI, TEDx, machine learning, ethics']",635197.0
2825,Mads Tang-Christensen,[81580],1,2256372,"['science, disease, food, health, biology, human body']",2256372.0
2826,Mae Jemison,[533],1,1004155,"['science, technology, education, art, future, dance, space']",1004155.0
2827,Maeve Higgins,[41916],1,26370,"['social change, storytelling, immigration']",26370.0
2828,Magatte Wade,[25029],1,675846,"['global issues, business, economics, entrepreneur, Africa, future, women in business, international development, investing']",675846.0
2829,Magda Sayeg,[2437],1,1546028,"['engineering, entertainment, creativity, community, beauty, street art, public space']",1546028.0
2830,Magdalena Hoeller,[148383],1,809734,"['culture, love, communication, language, humanity, society, TEDx, emotions']",809734.0
2831,Magnus Larsson,[698],1,788590,"['sustainability, design, architecture, Africa, biology, water, bacteria']",788590.0
2832,Mahendra Singhi,[87483],1,7981,"['climate change, science, engineering, innovation, energy, india, Countdown']",7981.0
2833,Mahir Can Işik,[8107],1,69444,"['design, business, creativity, fashion']",69444.0
2834,Mahogany-N-Motion,[125754],1,47773,"['entertainment, music, performance, dance']",47773.0
2835,Mai Lan,[31628],1,185579,"['music, performance']",185579.0
2836,Mainak Mazumdar,[69659],1,1491417,"['global issues, technology, future, AI, algorithm, inclusion, equality']",1491417.0
41,Adam Garske,[52468],1,379290,"['science, innovation, health, biology, future, demo']",379290.0
2838,Maisie Williams,[36844],1,5091635,"['technology, entrepreneur, entertainment, art']",5091635.0
2839,Maja Bosnic,[88598],1,1917315,"['global issues, economics, social change, gender, leadership, women, money, government, finance, policy, inclusion, international development, equality']",1917315.0
2840,Majd Mashharawi,[35764],1,1648984,"['sustainability, technology, design, engineering, invention, architecture, war, energy, solar energy']",1648984.0
43,Adam Grosser,[285],1,1003531,"['global issues, technology, design, invention, food, medicine, Vaccines']",1003531.0
2842,Makhtoum Abdalla,[84651],1,1954237,"['global issues, education, refugees, teaching']",1954237.0
2843,Makiko Eda,[19805],1,8962,"['culture, economics, finance']",8962.0
2844,Malala Yousafzai,[65048],1,2143902,"['education, social change, gender, activism, coronavirus']",2143902.0
44,Adam Kucharski,[148400],1,348859,"['culture, science, technology, communication, community, TEDx']",348859.0
2846,Malcolm London,[1737],1,1671570,"['education, poetry']",1671570.0
2847,Malika Whitley,[13022],1,1064266,"['social change, creativity, art, activism, personal growth, humanity, society, homelessness']",1064266.0
2848,Mallika Sarabhai,[688],1,636700,"['culture, global issues, politics, entertainment, social change, dance']",636700.0
2849,Mallory Freeman,[2617],1,1180292,"['technology, collaboration, innovation, communication, decision-making, humanity, society, data']",1180292.0
2850,Malte Spitz,[1518],1,1771893,"['technology, communication, Europe, data']",1771893.0
2851,Manal al-Sharif,[1767],1,1764896,"['culture, global issues, transportation, women, feminism, Islam, Middle East']",1764896.0
2852,Manav Subodh,[19810],1,13711,"['entrepreneur, innovation, personal growth']",13711.0
45,Adam Mosseri,[91980],1,1983164,"['technology, innovation, creativity, art, future, society, Internet, blockchain, metaverse, NFTs']",1983164.0
2854,Mandë Holford,[65404],1,370219,"['climate change, science, animals, biodiversity, conservation']",370219.0
2855,Mani Vajipey,[52395],1,307679,"['social change, health, pollution, plastic, india']",307679.0
2856,Manish Bhardwaj,[98461],1,1505077,"['business, economics, social change, community, leadership, capitalism, ethics']",1505077.0
46,Adam Munder,[143342],1,376390,"['technology, innovation, health, communication, disability, inclusion']",376390.0
2858,Manu Peni,[102831],1,1445167,"['climate change, environment, sustainability, design, architecture, social change, weather, indigenous peoples']",1445167.0
47,Adam Ockelford,[1808],1,1673665,"['entertainment, music, performance, TEDx, disability, Autism spectrum disorder']",1673665.0
2860,Manuel Lima,[2296],1,2088033,"['design, art, visualizations, data']",2088033.0
2861,Manwar Ali,[2607],1,2481246,"['death, community, religion, activism, terrorism, war, violence, humanity, society, identity, TEDx, Islam, Middle East']",2481246.0
2862,Maoz Inon,[129029],1,2348544,"['global issues, social change, history, communication, community, activism, war, violence, Middle East']",2348544.0
2863,Mara Mintzer,[26779],1,1746701,"['urban planning, social change, creativity, society, TEDx, youth, kids']",1746701.0
2864,Marah J. Hardt,[62997],1,2058394,"['science, nature, fish, sex, TEDx, marine biology, ocean']",2058394.0
2865,Marc Abrahams,[2115],1,1618793,"['science, technology, innovation, humor']",1618793.0
48,Adam Ostrow,[1201],1,1342267,"['culture, technology, social change, consciousness, self, social media']",1342267.0
2867,Marc Goodman,[1496],1,1529599,"['global issues, technology, software, future, terrorism, violence, law, crime, Internet, surveillance']",1529599.0
2868,Marc Koska,[664],1,736077,"['science, technology, design, biotech, health, medicine, public health, Vaccines, international development']",736077.0
2869,Marc Kushner,[2183],1,4192915,"['design, architecture, TED Books, social media']",4192915.0
2870,Marc Miskin,[57418],1,380961,"['science, technology, design, engineering, invention, innovation, robots, future']",380961.0
2871,Marc Raibert,[2825],1,4933402,"['technology, design, robots, future, demo']",4933402.0
2872,Marcel Dicke,[1018],1,1795152,"['environment, food, health, insects, agriculture']",1795152.0
49,Adam Sadowsky,[877],1,1233084,"['engineering, entertainment, music, physics, TEDx']",1233084.0
2874,Marcia Belsky,[89394],1,1757864,"['culture, NASA, entertainment, music, art, relationships, comedy, humor, feminism']",1757864.0
2875,Marcin Jakubowski,[1122],1,2014014,"['culture, technology, software, TED Fellows, manufacturing']",2014014.0
2876,Marco Alverà,[9988],1,3248420,"['business, leadership, work, motivation, decision-making']",3248420.0
2877,Marco Annunziata,[1893],1,1569258,"['technology, economics, infrastructure']",1569258.0
50,Adam Savage,[2552],1,3170292,"['design, engineering, entertainment, performance, collaboration, creativity, art, storytelling, communication, community, humor, beauty, identity, personality']",3170292.0
2879,Marcos Aguiar,[75174],1,1425341,"['culture, business, marketing, success, trust']",1425341.0
2880,Marcus Adrian,[9614],1,17990,"['design, education, innovation, disability, kids']",17990.0
2881,Marcus Bullock,[50576],1,1901095,"['social change, community, society, prison, family, justice system']",1901095.0
2882,Marcus Byrne,[1628],1,1171100,"['science, animals, biology, biodiversity, insects, TEDx, sight, ecology']",1171100.0
2883,Marcus Miller,[53099],1,5832,"['music, performance']",5832.0
2884,Marcus du Sautoy,[670],1,1226120,"['architecture, art, universe, physics, math, beauty']",1226120.0
2885,Margaret Bourdeaux,[2688],1,1016344,"['global issues, health, health care, community, war, medicine, natural disaster, violence, public health, society, TEDx, ebola']",1016344.0
51,Adam Spencer,[1811],1,2336993,"['humor, math']",2336993.0
2887,Margaret Hall,[110237],1,1165654,"['culture, media, music, social change, art, history, theater, society, TEDx']",1165654.0
52,Adam Whybrew,[132055],1,649715,"['business, psychology, work, depression, mental health, work-life balance, emotions']",649715.0
2889,Margaret Levi,[92282],1,2018951,"['politics, business, activism, work, TEDx, policy, worklife']",2018951.0
2890,Margaret Mitchell,[10360],1,1253125,"['computers, collaboration, innovation, communication, AI, society, algorithm']",1253125.0
2891,Margaret Morris,[19816],1,19982,"['technology, mental health, emotions']",19982.0
2892,Margaret Wertheim,[519],1,1629525,"['science, design, art, visualizations, math, marine biology, coral reefs, ocean']",1629525.0
2893,Margaux Miller,[144704],1,454151,"['technology, business, relationships, communication, personal growth, TEDx']",454151.0
2894,Margrethe Vestager,[3367],1,1712046,"['global issues, politics, business, corruption, economics, leadership, Europe, government, finance']",1712046.0
2895,Maria Arnal,[134675],1,74461,"['music, performance']",74461.0
2896,Maria Bezaitis,[1742],1,1289883,"['culture, technology, sociology, data']",1289883.0
2897,Maria Dubovitskaya,[10032],1,22325,"['society, data, online privacy']",22325.0
2898,Maria Gallucci,[88121],1,1729838,"['climate change, environment, business, energy, capitalism, Countdown, ocean, fossil fuels']",1729838.0
2899,Maria Golubeva,[39192],1,25524,"['culture, politics, history, Europe']",25524.0
53,Adam de la Zerda,[2599],1,1181393,"['science, technology, innovation, health, cancer, medicine, brain, illness, chemistry, neuroscience, TEDx, medical research, medical imaging']",1181393.0
2901,Maria Sophocles,[127715],1,998277,"['science, health, health care, gender, relationships, women, humanity, sex, equality']",998277.0
2902,Maria Van Kerkhove,[84885],1,1854376,"['global issues, science, disease, health, leadership, public health, Vaccines, virus, government, pandemic, coronavirus']",1854376.0
2903,Mariam Veiszadeh,[103236],1,1499525,"['business, social change, race, leadership, work, TEDx, worklife']",1499525.0
2904,Marian Bantjes,[891],1,756441,"['design, innovation, art, typography']",756441.0
2905,Marian Wright Edelman,[31812],1,1495517,"['social change, history, community, activism, race, leadership, poverty, United States, law, justice system, kids, equality']",1495517.0
2906,Mariana Atencio,[13584],1,25568969,"['personal growth, identity, journalism, immigration']",25568969.0
2907,Mariana Lin,[53089],1,26127,"['technology, design, computers, future, AI, algorithm, machine learning']",26127.0
0,'Gbenga Sesan,[72245],1,1521158,"['technology, education, Africa, society, equality']",1521158.0
2909,Mariano Sigman,[2510],1,3656661,"['science, health, cognitive science, future, communication, language, brain, self, mental health, writing, identity, neuroscience']",3656661.0
2910,Marie Howe,[42086],1,16726,"['performance, poetry, physics, humanity']",16726.0
2911,Marie Wallace,[10045],1,113383,"['technology, data, online privacy']",113383.0
2912,Marielle Remillard,[142044],1,399264,"['climate change, sustainability, technology, industrial design, business, innovation, resources']",399264.0
2913,Marily Oppezzo,[8423],1,4315918,"['science, innovation, creativity, communication, personal growth, TEDx, human body, exercise']",4315918.0
2914,Marilyn Waring,[56629],1,3825255,"['economics, social change, society, TEDx, policy, international development']",3825255.0
2915,Marina Abramović,[2381],1,4076628,"['performance, collaboration, art, communication, energy, self, society, identity, fear, vulnerability']",4076628.0
2916,Mario Paluzzi,[12972],1,14241,"['technology, cities, international development']",14241.0
2917,Marion Campan,[135190],1,645867,"['culture, business, work, motivation, TEDx, work-life balance']",645867.0
2918,Marisa Fick-Jordan,[313],1,349868,"['design, business, Africa, art']",349868.0
2919,Marjan van Aubel,[37346],1,957746,"['science, sustainability, technology, design, innovation, future, energy, solar energy, TEDx, electricity']",957746.0
2920,Mark Abraham,[138141],1,521063,"['technology, business, marketing, AI, personality']",521063.0
2921,Mark Applebaum,[1526],1,5774257,"['entertainment, music, performance, creativity, art, TEDx']",5774257.0
2922,Mark Bezos,[1096],1,4099598,"['culture, community, compassion']",4099598.0
2923,Mark Edwards,[113194],1,1077562,"['social change, health, health care, United States, family, The Audacious Project']",1077562.0
2924,Mark Forsyth,[1548],1,1898143,"['culture, politics, language, TEDx']",1898143.0
2925,Mark Grimmer,[137462],1,505442,"['culture, technology, design, entertainment, art, storytelling, Ideas']",505442.0
2926,Mark Halliday,[19115],1,6885,"['technology, film, productivity']",6885.0
2927,Mark Jackson,[20467],1,53632,"['technology, agriculture, farming']",53632.0
2928,Mark Kelly,[1972],1,1186124,['violence'],1186124.0
2929,Mark Kendall,[1905],1,1154607,"['science, technology, biotech, innovation, disease, health, health care, biology, future, product design, medicine, demo, illness, public health, microbiology, Vaccines, medical research, bioethics, drugs, nanotechnology']",1154607.0
2930,Mark Modesti,[13021],1,21278,"['business, leadership, decision-making']",21278.0
2931,Mark Mortensen,[115140],1,1538814,"['business, social change, communication, community, leadership, work, motivation, society, TEDx, work-life balance, goals']",1538814.0
2932,Mark Pagel,[1203],1,2009744,"['culture, science, evolution, biology, communication, language']",2009744.0
2933,Mark Plotkin,[2141],1,1738486,"['culture, medicine, rivers, indigenous peoples']",1738486.0
2934,Mark Pollock,[20975],1,2278146,"['science, technology, collaboration, innovation, creativity, love, future, personal growth, neurology, disability, human body']",2278146.0
2935,Mark Raymond,[1393],1,199267,"['sustainability, design, architecture, cities, social change, TEDx']",199267.0
2936,Mark Ronson,[1994],1,5162805,"['entertainment, music, performance']",5162805.0
2937,Mark Roth,[796],1,812566,"['science, health care, biology, fish, war']",812566.0
2938,Mark Shaw,[1700],1,1684135,"['technology, invention, demo, water, nanotechnology']",1684135.0
2939,Mark Tyndall,[13247],1,1613124,"['death, social change, community, medicine, public health, TEDMED, addiction, drugs']",1613124.0
2940,Markham Nolan,[1630],1,1634591,"['culture, Internet, journalism']",1634591.0
2941,Markus Fischer,[1195],1,8912931,"['technology, design, robots, animals, biomimicry']",8912931.0
2942,Markus Lorenz,[5149],1,254261,"['economics, machine learning, manufacturing, international development']",254261.0
2943,Markus Mutz,[52465],1,2120172,"['environment, sustainability, technology, business, innovation, consumerism, blockchain']",2120172.0
2944,Marla Spivak,[1822],1,3305372,"['climate change, environment, science, sustainability, food, animals, history, pollution, biodiversity, insects, bees, agriculture, botany, conservation, ecology, plants, gardening']",3305372.0
2945,Marlene Zuk,[2301],1,1616635,"['science, animals, gender, biology, biodiversity, insects, humor, sex']",1616635.0
2946,Marlon Peterson,[2794],1,1280005,"['social change, activism, personal growth, humanity, society, crime, identity, TED Residency, justice system']",1280005.0
2947,Marta Peirano,[16985],1,4863366,"['technology, communication, data, surveillance, online privacy']",4863366.0
2948,Martha Minow,[60315],1,2040042,"['social change, community, United States, law, society, crime, prison, justice system, equality']",2040042.0
2949,Martha Redbone,[51938],1,13153,"['music, performance, indigenous peoples']",13153.0
2950,Martin Danoesastro,[28518],1,2507667,"['business, innovation, creativity, leadership, success, work, motivation']",2507667.0
2951,Martin Ford,[3573],1,3498963,"['technology, economics, computers, innovation, robots, social change, future, work, AI, humanity, society, data, algorithm, capitalism, machine learning, equality']",3498963.0
2952,Martin Gutmann,[130848],1,739267,"['business, history, communication, leadership, work, personal growth, TEDx']",739267.0
2953,Martin Hanczyc,[1264],1,939711,"['science, innovation, evolution, biology, AI, chemistry, ecology, nanotechnology']",939711.0
2954,Martin J. Eppler,[142127],1,1021464,"['design, business, media, collaboration, creativity, storytelling, communication, TEDx']",1021464.0
2955,Martin Jacques,[1059],1,4910849,"['culture, global issues, business, economics, Asia, china']",4910849.0
2956,Martin Lockley,[111973],1,1221048,"['science, history, paleontology, ancient world, dinosaurs, TEDx, discovery']",1221048.0
2957,Martin Pistorius,[2338],1,2864487,"['health, health care, communication, brain, TEDx']",2864487.0
55,Adena Friedman,[49391],1,68949,"['business, economics, leadership, work, society, finance, capitalism']",68949.0
56,Adeola Fayehun,[64886],1,2674311,"['politics, corruption, social change, Africa, activism, leadership, humor, journalism']",2674311.0
2960,Martin Seligman,[312],1,7614478,"['science, technology, education, evolution, psychology, happiness, brain, personality, emotions']",7614478.0
2961,Martin Villeneuve,[1760],1,1024028,"['economics, entertainment, creativity, film']",1024028.0
2962,Martina Flor,[4062],1,589200,"['design, creativity, art, communication, TEDx, books, TED en Español']",589200.0
2963,Martine Rothblatt,[2258],1,1608167,"['technology, biotech, robots, creativity, gender, love, medicine, identity, Transgender']",1608167.0
2964,Marvin Minsky,[351],1,678628,"['science, technology, health, evolution, psychology, brain, humanity, humor']",678628.0
2965,Marvin Rees,[92073],1,1684669,"['climate change, environment, global issues, politics, sustainability, cities, urban planning, innovation, social change, future, government, infrastructure, natural resources, Countdown']",1684669.0
2966,Marwa Al-Sabouni,[2541],1,1132139,"['design, engineering, architecture, cities, collaboration, urban planning, social change, community, religion, war, potential, natural disaster, violence, society, identity, Middle East, refugees, infrastructure, public space']",1132139.0
2967,Mary Ann Sieghart,[121643],1,765496,"['culture, social change, gender, leadership, work, women, equality']",765496.0
2968,Mary Bassett,[2445],1,1365365,"['global issues, social change, disease, health, health care, Africa, race, medicine, AIDS, United States, illness, public health, virus, government, medical research, TEDMED, equality']",1365365.0
2969,Mary Ellen Hannibal,[60774],1,1176868,"['climate change, environment, science, technology, collaboration, animals, nature, community, biodiversity, ecology']",1176868.0
2970,Mary L. Gray,[65292],1,226269,"['economics, social change, future, work, society, pandemic, coronavirus']",226269.0
57,Adetayo Bamiduro,[100478],1,982619,"['climate change, transportation, innovation, social change, Africa, pollution, poverty, potential, TED Fellows']",982619.0
2972,Mary Maker,[21033],1,1473190,"['global issues, education, social change, community, TEDx, refugees, teaching, kids']",1473190.0
2973,Mary Norris,[2479],1,1273938,"['storytelling, communication, language, writing, journalism, grammar']",1273938.0
2974,Mary Roach,[549],1,41698499,"['culture, science, history, humor, writing, sex, books']",41698499.0
58,Adie Delaney,[68257],1,1560827,"['education, communication, sports, teaching, trust, kids']",1560827.0
2976,Maryam Banikarim,[124695],1,645722,"['relationships, community, success, personal growth']",645722.0
59,Aditi Gupta,[2483],1,1920087,"['education, health, communication, activism, parenting, visualizations, women, family, TEDx, books, kids']",1920087.0
2978,María Neira,[58446],1,545052,"['environment, global issues, science, biosphere, health, pollution, brain, human body']",545052.0
2979,María Teresa Kumar,[68975],1,1410644,"['politics, social change, United States, democracy, government, youth']",1410644.0
2980,Masha Gershman,[5575],1,64218,"['education, creativity, future, math']",64218.0
2981,Massimo Banzi,[1491],1,2220738,"['technology, software, education, robots, creativity, drones, code']",2220738.0
2982,Massimo Russo,[89110],1,1652347,"['climate change, sustainability, business, collaboration, communication, data']",1652347.0
2983,Matan Cohen Grumi,[160685],1,34512,"['technology, creativity, AI, social media']",34512.0
2984,Mathias Basner,[33801],1,2332257,"['science, health, sound, medical research, sleep, TEDMED, hearing']",2332257.0
2985,Mathias Jud,[2365],1,1009359,"['politics, technology, art, communication, democracy, Europe, Internet, government, surveillance']",1009359.0
2986,Mathieu Lamiaux,[5150],1,15050,"['economics, health, health care, Africa, public health']",15050.0
2987,Mathieu Lehanneur,[691],1,492491,"['science, sustainability, technology, design, innovation, disease, nature, biomimicry, product design']",492491.0
2988,Mathilde H. Ross,[147282],1,444481,"['psychology, relationships, parenting, personal growth, emotions']",444481.0
2989,Matilda Ho,[3671],1,1549561,"['sustainability, entrepreneur, food, health, pollution, china, humanity, TED Fellows, agriculture, farming']",1549561.0
2990,Matt Beane,[32189],1,1959866,"['technology, computers, collaboration, education, innovation, robots, future, work, AI, society, machine learning']",1959866.0
60,Aditi Shankardass,[893],1,1134944,"['science, technology, medicine, neuroscience, india, kids']",1134944.0
2992,Matt Goldman,[9048],1,1415808,"['performance, collaboration, education, innovation, creativity, communication, community, humor, society, teaching, kids']",1415808.0
2993,Matt Kenyon,[2306],1,880054,"['art, war, TED Fellows']",880054.0
2994,Matt Killingsworth,[1607],1,3808738,"['software, psychology, happiness, brain, TEDx, mindfulness']",3808738.0
2995,Matt Langione,[71409],1,1667766,"['science, technology, computers, quantum']",1667766.0
2996,Matt Mills,[1515],1,2729157,"['science, technology, design, engineering, computers, software, innovation, art, communication, demo, empathy, code, augmented reality, UX design']",2729157.0
2997,Matt Pitcher,[161947],1,261345,"['culture, time, happiness, personal growth, society, money']",261345.0
2998,Matt Ridley,[915],1,2703175,"['technology, design, business, collaboration']",2703175.0
2999,Matt Russo,[26074],1,1820890,"['music, astronomy, universe, Planets, space, TEDx, sound']",1820890.0
3000,Matt Tilleard,[161395],1,356821,"['climate change, politics, sustainability, energy, solar energy, wind energy, Countdown, renewable energy, fossil fuels']",356821.0
3001,Matt Trombley,[60319],1,657597,"['relationships, communication, community, personal growth, humanity']",657597.0
3002,Matt Walker,[41105],1,24824548,"['science, memory, health, biology, medicine, brain, neuroscience, medical research, sleep, human body']",24824548.0
3003,Matthew A. Wilson,[54713],1,430229,"['health, health care, art, medicine, illness, humor, empathy, kids']",430229.0
3004,Matthew Broadhurst,[32071],1,511609,"['science, entertainment, music, performance, creativity, art, comedy, TEDx, medical imaging']",511609.0
3005,Matthew Carter,[1977],1,1310499,"['design, industrial design, typography, graphic design']",1310499.0
3006,Matthew Childs,[518],1,894194,"['environment, entertainment, nature']",894194.0
3007,Matthew Ebert,[128186],1,5709,"['education, communication, mental health, TED-Ed, teaching, work-life balance, worklife']",5709.0
3008,Matthew Garcia,[99025],1,1371769,"['technology, education, innovation, social change, Internet, teaching, inclusion']",1371769.0
3009,Matthew Mazzotta,[76214],1,1360003,"['design, architecture, community, society, TED Fellows, public space']",1360003.0
3010,Matthew O'Reilly,[2096],1,2249194,"['death, health, medicine']",2249194.0
3011,Matthew Phillips,[148264],1,280717,"['climate change, culture, environment, art, activism, Countdown']",280717.0
3012,Matthew Shifrin,[45300],1,57302,"['technology, design, innovation, disability, blindness']",57302.0
3013,Matthew White,[672],1,1108191,"['music, performance, creativity']",1108191.0
3014,Matthew Williams,[2426],1,1263115,"['social change, health, community, sports, motivation, personal growth, potential, self, identity, TEDx, bullying, disability, equality']",1263115.0
3015,Matthias Müllenbeck,[9982],1,1627263,"['economics, health, health care, medicine, medical research']",1627263.0
61,Adjany Costa,[98324],1,1433061,"['environment, social change, activism, conservation, indigenous peoples']",1433061.0
3017,Maurice Conti,[2671],1,7569883,"['technology, design, engineering, invention, computers, innovation, robots, future, product design, AI, humanity, drones, TEDx, algorithm, manufacturing']",7569883.0
3018,Maurizio Seracini,[1588],1,815758,"['culture, science, technology, biotech, collaboration, art, history, exploration, visualizations, painting, conservation']",815758.0
3019,Max Hawkins,[72933],1,1771420,"['computers, personal growth, travel, decision-making, TEDx, algorithm']",1771420.0
3020,Max Jaderberg,[141239],1,656462,"['health, health care, medicine, AI']",656462.0
3021,Max Little,[1534],1,1423963,"['global issues, science, technology, computers, innovation, disease, health, health care, cognitive science, communication, aging, medicine, brain, illness, math, TED Fellows, neuroscience, disability, code, machine learning']",1423963.0
3022,Max Rashbrooke,[72025],1,1527230,"['global issues, politics, technology, community, society, democracy, TEDx, government, policy']",1527230.0
3023,Max Sills,[121081],1,6975,"['technology, computers, AI, law, society']",6975.0
62,Adong Judith,[11997],1,1058639,"['culture, Africa, art, activism, film, war, theater, TED Fellows']",1058639.0
3025,Maxim Timchenko,[114818],1,1069340,"['climate change, global issues, politics, science, technology, war, energy, electricity, Countdown, renewable energy']",1069340.0
3026,May El-Khalil,[1812],1,5371560,"['culture, global issues, war, sports, violence']",5371560.0
3027,Maya Beiser,[1173],1,1026746,"['technology, design, entertainment, music, performance']",1026746.0
3028,Maya Penn,[1917],1,1825465,"['entrepreneur, creativity, animation']",1825465.0
3029,Maya Shankar,[115477],1,2090996,"['social change, psychology, personal growth, decision-making, self, fear, Life']",2090996.0
3030,Maysoon Zayid,[1898],1,12160524,"['entertainment, comedy, women, humor']",12160524.0
63,Adora Svitak,[815],1,7260438,"['education, creativity, kids']",7260438.0
3032,McKenna Pope,[1915],1,1133254,"['activism, youth, toys']",1133254.0
3033,Mechai Viravaidya,[970],1,1241123,"['culture, global issues, science, health, TEDx']",1241123.0
3034,Meera Vijayann,[2068],1,1130350,"['media, gender, activism, women, violence, TEDx, india, sexual violence']",1130350.0
3035,Meg Jay,[1741],1,13647654,"['culture, aging, youth, goals']",13647654.0
3036,Megan Alubicki Flick,[108112],1,54386,"['culture, education, social change, community, language, TED-Ed, teaching']",54386.0
3037,Megan J. McArdle,[155787],1,404645,"['technology, innovation, future, work, AI, society, artificial intelligence, career']",404645.0
3038,Megan Kamerick,[1473],1,371905,"['global issues, media, women, TEDx, journalism']",371905.0
3039,Megan McArthur,[74357],1,1346332,"['science, NASA, astronomy, personal growth, exploration, space, fear']",1346332.0
3040,Megan Ming Francis,[63997],1,1605578,"['global issues, social change, race, violence, equality']",1605578.0
3041,Megan Parker,[44698],1,46222,"['global issues, sustainability, animals, community, conservation']",46222.0
3042,Megan Phelps-Roper,[2703],1,11093339,"['collaboration, social change, communication, community, religion, activism, motivation, humanity, compassion, empathy, writing, society, family, identity, social media']",11093339.0
3043,Megan Reitz,[97086],1,1562477,"['business, community, activism, work, TEDx']",1562477.0
3044,Megan Washington,[2054],1,2251871,"['media, music, performance, communication, TEDx, disability']",2251871.0
3045,Megan Wilkens,[19101],1,25298,"['economics, art, society']",25298.0
3046,Meghan Hussey,[98662],1,1673800,"['social change, activism, humanity, disability, inclusion, human rights']",1673800.0
3047,Meghana Ranganathan,[53610],1,15633,"['climate change, global issues, science, history, glaciers']",15633.0
3048,Mehdi Ordikhani-Seyedlar,[2798],1,3745231,"['technology, cognitive science, brain, AI, mental health, neuroscience, algorithm, mindfulness, machine learning']",3745231.0
3049,Mehret Mandefro,[68921],1,1447354,"['economics, creativity, art, film, work']",1447354.0
3050,Mei Lin Neo,[2872],1,1339288,"['environment, science, animals, nature, biology, pollution, TED Fellows, conservation, marine biology, ocean']",1339288.0
3051,Meklit Hadero,[2351],1,1290178,"['culture, entertainment, music, performance, nature, creativity, art, language, TED Fellows, sound']",1290178.0
3052,Mel Robbins,[13585],1,34306852,"['psychology, happiness, success, motivation, personal growth, self, goals']",34306852.0
3053,Melaku Belay,[103018],1,1414098,"['culture, music, performance, creativity, art, history, dance, personal growth, TED Fellows']",1414098.0
3054,Melanie Charles,[94838],1,24967,"['entertainment, music, performance']",24967.0
3055,Melanie Nezer,[45969],1,1990216,"['social change, history, activism, humanity, society, TEDx, government, immigration, policy, refugees']",1990216.0
3056,Melati,[2418],1,2012991,"['environment, sustainability, engineering, education, future, consumerism, activism, pollution, plastic, youth, international development, ocean']",2012991.0
3057,Melati Wijsen,[82094],1,2107984,"['climate change, environment, social change, activism, personal growth, Countdown']",2107984.0
3058,Melinda Babits,[33565],1,11892,"['science, biology, insects, humanity, personality']",11892.0
3059,Melinda Briana Epler,[25572],1,2947707,"['business, social change, communication, community, leadership, success, work, personal growth, diversity, equality']",2947707.0
64,Adrian Fisher,[118213],1,7860,"['design, creativity, community, happiness, maps']",7860.0
3061,Melinda Janki,[159831],1,292261,"['climate change, sustainability, social change, pollution, law, Countdown, fossil fuels']",292261.0
65,Adrian K. Haugabrook,[84187],1,2006195,"['education, society, money, finance, inclusion']",2006195.0
3063,Melissa Garren,[1453],1,282037,"['climate change, environment, science, biotech, innovation, disease, health, biology, pollution, biodiversity, bacteria, microbiology, TEDx, nanotechnology, ocean']",282037.0
3064,Melissa J. Moore,[90955],1,2384951,"['science, innovation, health, cancer, medicine, humanity, public health, Vaccines, medical research, pandemic, heart']",2384951.0
3065,Melissa Marquez,[46533],1,37351,"['science, gender, fish, society, conservation']",37351.0
3066,Melissa Marshall,[1592],1,3050876,"['science, engineering, collaboration, storytelling, communication, teaching, public speaking']",3050876.0
3067,Melissa Villaseñor,[116646],1,980595,"['entertainment, relationships, storytelling, personal growth, comedy, humor, family']",980595.0
3068,Melissa Walker,[2603],1,1152734,"['health, creativity, art, war, visualizations, violence, humanity, illness, depression, mental health, TEDMED, PTSD']",1152734.0
3069,Mellody Hobson,[1990],1,5175365,"['business, communication, race, women in business, diversity, equality']",5175365.0
3070,Melodie Yashar,[97662],1,1637721,"['science, technology, architecture, robots, future, universe, exploration, Moon, space, Mars']",1637721.0
3071,Melonie D. Parker,[122879],1,685700,"['culture, business, interview, social change, work, diversity, inclusion']",685700.0
3072,Melvin Russell,[2406],1,1303134,"['community, religion, violence, law, society, crime, TEDx, policy, justice system']",1303134.0
3073,Memory Banda,[2295],1,1471443,"['global issues, women, violence, kids']",1471443.0
3074,Mena Fombo,[113195],1,1145912,"['social change, race, humanity, TEDx, human body, human rights, equality']",1145912.0
3075,Mena Trott,[21],1,607866,"['culture, design, business, entertainment, software, storytelling, communication, community']",607866.0
3076,Mennat El Ghalid,[13062],1,1219348,"['science, nature, biology, communication, biodiversity, TED Fellows, plants, fungi']",1219348.0
3077,Menno Schilthuizen,[64774],1,2040718,"['science, cities, animals, evolution, biology, biodiversity, insects, TEDx, plants']",2040718.0
3078,Mereba,[96681],1,8960,"['entertainment, music, performance']",8960.0
3079,Meredith Wilson Parfet,[145747],1,445016,"['business, psychology, work, personal growth, decision-making, work-life balance, emotions']",445016.0
3080,Meron Gribetz,[2459],1,1845098,"['technology, design, engineering, invention, entrepreneur, computers, innovation, creativity, product design, demo, potential, brain, visualizations, neuroscience, augmented reality, UX design']",1845098.0
3081,Meryam Sugulle,[129396],1,624612,"['science, health, health care, parenting, women, TEDx, pregnancy, human body, kids']",624612.0
3082,Mesmin Destin,[105439],1,2005000,"['relationships, future, communication, personal growth, TEDx']",2005000.0
3083,Mfikeyi Makayi,[159494],1,267818,"['climate change, sustainability, technology, AI, electricity, Countdown']",267818.0
3084,Mia Birdsong,[2328],1,2150189,"['economics, community, activism, poverty, equality']",2150189.0
3085,Mia Kami,[102224],1,5827,"['entertainment, music, performance, indigenous peoples']",5827.0
3086,Miao Wang,[68165],1,9871,"['climate change, environment, sustainability, collaboration, leadership, Countdown']",9871.0
3087,Micaela Mantegna,[96491],1,1609234,"['technology, computers, communication, community, humanity, empathy, TED Fellows, Internet, metaverse']",1609234.0
3088,Michael Anti,[1523],1,1803226,"['global issues, technology, Asia, china, social media, journalism']",1803226.0
3089,Michael Archer,[1777],1,621880,"['climate change, environment, science, DNA, genetics, innovation, animals, biology, history, activism, biodiversity, paleontology, TEDx, deextinction, bioethics, conservation, synthetic biology']",621880.0
3090,Michael Arntfield,[40965],1,21710,"['collaboration, humanity, law, justice system']",21710.0
3091,Michael Benton,[35605],1,147497,"['science, future, history, paleontology, dinosaurs']",147497.0
3092,Michael Bierut,[2743],1,2095821,"['design, education, library, graphic design']",2095821.0
3093,Michael Bodekaer,[2500],1,1539468,"['science, technology, invention, entrepreneur, collaboration, education, innovation, future, product design, demo, potential, visualizations, TEDx, virtual reality, UX design']",1539468.0
3094,Michael Botticelli,[2693],1,1872253,"['social change, disease, communication, community, AIDS, self, humanity, law, public health, society, identity, TEDx, government, policy, addiction, LGBTQIA+']",1872253.0
3095,Michael Bungay Stanier,[145825],1,404826,"['collaboration, relationships, communication, personal growth, TEDx']",404826.0
3096,Michael Dickinson,[1674],1,1949853,"['science, flight, animals, cognitive science, evolution, biology, brain, insects, neuroscience, TEDx, ecology, human body, nanotechnology']",1949853.0
3097,Michael Fey,[19822],1,13874,"['technology, parenting, family']",13874.0
66,Adriana Galván,[142492],1,522854,"['science, health, aging, brain, decision-making, human body']",522854.0
3099,Michael Hansmeyer,[1519],1,983263,"['design, software, architecture, biomimicry, math, algorithm']",983263.0
3100,Michael Hendryx,[13720],1,1229888,"['social change, health, energy, pollution, medical research']",1229888.0
3101,Michael Kennedy,[100237],1,25540,"['climate change, global issues, business, energy, finance']",25540.0
3102,Michael Kimmel,[2329],1,3181380,"['gender, activism, women, equality']",3181380.0
3103,Michael Levin,[68458],1,1048076,"['science, technology, engineering, invention, DNA, innovation, robots, nature, biology, future']",1048076.0
3104,Michael McDaniel,[1452],1,330214,"['global issues, design, natural disaster, TEDx']",330214.0
3105,Michael Merzenich,[526],1,1677053,"['entrepreneur, computers, brain, consciousness']",1677053.0
67,Adriann Negreros,[122878],1,712173,"['business, social change, work, humanity, empathy, work-life balance, equality']",712173.0
3107,Michael Middlebrooks,[107690],1,1989056,"['science, innovation, animals, nature, biology, energy, biodiversity, beauty, solar energy, TEDx, ecology, marine biology, ocean']",1989056.0
3108,Michael Mieni,[10561],1,22183,"['culture, technology, education, equality']",22183.0
3109,Michael Moschen,[260],1,1134945,"['entertainment, music, dance, physics, sports, math']",1134945.0
3110,Michael Murphy,[2532],1,1914458,"['design, engineering, architecture, collaboration, social change, health care, Africa, community, United States, humanity, public health, society, beauty, equality, public space']",1914458.0
3111,Michael Nielsen,[1245],1,255718,"['science, technology, software, collaboration, TEDx, Internet, data']",255718.0
3112,Michael Norton,[1427],1,4823965,"['business, psychology, consumerism, community, philanthropy, happiness, TEDx, money']",4823965.0
3113,Michael Patrick Lynch,[2796],1,2057447,"['politics, social change, philosophy, communication, personal growth, society, identity, democracy, social media, Internet, journalism']",2057447.0
3114,Michael Pawlyn,[1072],1,2221616,"['sustainability, design, architecture, biomimicry']",2221616.0
3115,Michael Pollan,[214],1,1959990,"['culture, global issues, science, business, food, animals, evolution, bees, ecology, plants, gardening']",1959990.0
3116,Michael Porter,[1837],1,3104362,"['business, social change, communication']",3104362.0
3117,Michael Pritchard,[613],1,5266311,"['global issues, technology, design, invention, business, demo, water']",5266311.0
3118,Michael Rain,[15284],1,1420823,"['social change, Africa, community, humanity, society, identity, immigration, TED Residency, diversity']",1420823.0
3119,Michael Ringel,[6019],1,59938,"['business, collaboration, innovation, work, data']",59938.0
3120,Michael Rubinstein,[2159],1,2143758,"['technology, film, photography, demo, TEDx, sight, Internet, sound']",2143758.0
68,Afra Raymond,[1673],1,1011563,"['corruption, economics, crime, TEDx, government, protest']",1011563.0
3122,Michael Schur,[95122],1,2487716,"['philosophy, storytelling, personal growth, decision-making, humor, ethics']",2487716.0
3123,Michael Sheen,[115996],1,1262112,"['culture, creativity, art, storytelling, theater, personal growth, TEDx, youth, diversity']",1262112.0
3124,Michael Shellenberger,[2583],1,1811539,"['climate change, environment, global issues, sustainability, technology, innovation, social change, activism, energy, pollution, society, fear, government, nuclear energy, policy, infrastructure, natural resources, electricity, renewable energy, international development, investing']",1811539.0
69,Afrika Afeni Mills,[107190],1,1165995,"['education, social change, communication, race, leadership, personal growth, humanity, inclusion']",1165995.0
3126,Michael Silverstein,[6063],1,44492,"['culture, food']",44492.0
3127,Michael Specter,[824],1,2376442,"['global issues, science, religion, medicine, writing']",2376442.0
3128,Michael Stevens,[1723],1,831634,"['science, technology, computers, physics, humor, Internet, TED-Ed']",831634.0
3129,Michael Sun,[158057],1,262714,"['culture, technology, happiness, society, TEDx, Internet']",262714.0
3130,Michael Tilson Thomas,[1440],1,2015173,"['culture, entertainment, music, performance, history']",2015173.0
3131,Michael Timms,[134129],1,1791316,"['relationships, communication, leadership, motivation, personal growth, family, TEDx, trust']",1791316.0
3132,Michael Tubbs,[43333],1,3234231,"['politics, social change, history, community, activism, leadership, poverty, United States, society, government, equality']",3234231.0
3133,Michael Uslan,[27953],1,14567,[],14567.0
3134,Michel Dugon,[3891],1,1904063,"['science, animals, nature, biology, future, medicine, insects, microbiology, TEDx, medical research']",1904063.0
3135,Michel Laberge,[1979],1,1358984,"['science, sustainability, industrial design, future, physics, energy, visualizations, nuclear energy, renewable energy']",1358984.0
3136,Michele L. Sullivan,[2712],1,1851948,"['social change, communication, community, personal growth, humanity, compassion, empathy, society, kids']",1851948.0
3137,Michele Wucker,[38076],1,2576335,"['climate change, economics, social change, psychology, personal growth, decision-making, finance']",2576335.0
3138,Michelle Borkin,[1317],1,210174,"['science, technology, collaboration, astronomy, medicine, visualizations, space, TEDx, medical research, medical imaging']",210174.0
3139,Michelle Greene,[65075],1,247442,"['business, economics, consumerism, finance, capitalism, investing']",247442.0
3140,Michelle Knox,[9219],1,1456664,"['death, communication, personal growth, family']",1456664.0
3141,Michelle Kuo,[43293],1,3106237,"['education, community, personal growth, writing, prison, TEDx, books, teaching']",3106237.0
3142,Michèle Lamont,[90834],1,482570,"['culture, social change, community, society, identity, equality']",482570.0
3143,Mick Cornett,[1865],1,1833485,"['cities, health']",1833485.0
3144,Mick Ebeling,[1115],1,1060938,"['technology, design, invention, software, disease, creativity']",1060938.0
3145,Mick Mountz,[1341],1,388602,"['technology, business, robots, consumerism, shopping, TEDx']",388602.0
3146,Miguel A. Modestino,[96254],1,1545164,"['climate change, environment, sustainability, technology, engineering, energy, chemistry, electricity, Countdown']",1545164.0
3147,Miguel Alcubierre,[42698],1,883639,"['science, time, universe, physics, space']",883639.0
3148,Miguel Goncalves,[100240],1,1624728,"['sustainability, business, economics, social change, future, money, finance, behavioral economics, investing']",1624728.0
70,Agnes Binagwaho,[59155],1,1702305,"['education, social change, Africa, gender, community, activism, women, public health, equality']",1702305.0
3150,Mihaly Csikszentmihalyi,[366],1,7932490,"['culture, global issues, music, psychology, happiness, work']",7932490.0
3151,Miho Janvier,[5116],1,1360864,"['science, nature, astronomy, universe, physics, space, TED Fellows, solar system, Sun']",1360864.0
3152,Mikael Fogelstrom,[5138],1,126205,"['science, engineering, electricity, nanotechnology']",126205.0
3153,Mike Biddle,[1239],1,1262390,"['global issues, sustainability, technology, business, plastic']",1262390.0
3154,Mike Brady,[20756],1,78528,"['success, work, society']",78528.0
3155,Mike Brown,[52752],1,2963941,"['science, astronomy, universe, Planets, space, discovery, solar system, asteroid']",2963941.0
3156,Mike Cannon-Brookes,[52469],1,3662209,"['entrepreneur, work, personal growth, self, society, identity, TEDx']",3662209.0
3157,Mike Gil,[9033],1,1075637,"['environment, science, sustainability, biosphere, animals, nature, biology, fish, communication, TED Fellows, Anthropocene, coral reefs, ocean']",1075637.0
3158,Mike Kinney,[3364],1,1599428,"['business, creativity, humor, identity']",1599428.0
3159,Mike Matas,[1134],1,1824360,"['technology, design, entertainment, software, demo']",1824360.0
3160,Mike Merrill,[89790],1,36790,"['business, economics, innovation, personal growth, finance, capitalism']",36790.0
3161,Mike O'Sullivan,[69933],1,2482956,"['politics, business, economics, finance, equality']",2482956.0
3162,Mike Posner,[118717],1,760819,"['entertainment, music, performance, storytelling, happiness, personal growth, mental health, emotions, Countdown']",760819.0
3163,Mike Robbins,[32413],1,1109968,"['psychology, leadership, happiness, work, personal growth']",1109968.0
3164,Mike Schwartz,[5159],1,101550,"['technology, business, innovation, Internet, blockchain']",101550.0
3165,Mike Sempert,[10644],1,3191,"['music, performance']",3191.0
3166,Mike Velings,[2427],1,1371402,"['environment, global issues, sustainability, business, innovation, food, fish, consumerism, biodiversity, Mission Blue, ecology, ocean']",1371402.0
3167,Mike deGruy,[830],1,1244074,"['climate change, environment, global issues, science, entertainment, animals, nature, evolution, biology, fish, activism, film, pollution, biodiversity, exploration, ecology, ocean']",1244074.0
3168,Mikhail Zygar,[19992],1,1480310,"['politics, technology, history, social media, TED Fellows, Internet, journalism']",1480310.0
71,Agnes Kalibata,[136217],1,487119,"['climate change, environment, food, Africa, agriculture, farming, Countdown']",487119.0
3170,Mileha Soneji,[2454],1,1139181,"['design, invention, transportation, innovation, creativity, illusion, product design, motivation, empathy, family, curiosity, TEDx, india']",1139181.0
3171,Millie Chu Baird,[134732],1,544404,"['climate change, environment, science, technology, space, The Audacious Project, Countdown']",544404.0
3172,Milton Glaser,[455],1,518530,"['culture, design, creativity, art, communication']",518530.0
72,Agnes Larsson,[92864],1,1799042,"['technology, creativity, community, gaming, trust, diversity, inclusion, metaverse']",1799042.0
3174,Min Zhu,[5160],1,23612,"['business, economics, finance']",23612.0
3175,Mina Bissell,[1509],1,1183139,"['science, DNA, genetics, innovation, disease, health, health care, cancer, biology, medicine, women, illness, microbiology, chemistry, medical research']",1183139.0
3176,Minda Dentler,[11087],1,1459754,"['disease, sports, motivation, personal growth, disability, goals']",1459754.0
3177,Mindy Fullilove,[26010],1,22514,"['history, United States, society, ecology, equality']",22514.0
3178,Mindy Scheier,[7394],1,1090744,"['design, innovation, humanity, society, fashion, disability']",1090744.0
3179,Mira Calix,[19827],1,23994,"['technology, happiness, emotions']",23994.0
73,Agnieszka Pilat,[121066],1,7650,"['technology, robots, creativity, art, AI']",7650.0
3181,Miriam Zoila Pérez,[2686],1,1109130,"['social change, health, health care, communication, community, activism, race, parenting, medicine, women, humanity, illness, society, family, medical research, pregnancy, kids, equality']",1109130.0
3182,Misan Harriman,[115776],1,979892,"['technology, social change, creativity, art, photography, personal growth, Internet']",979892.0
74,Ahn Trio,[1083],1,897868,"['entertainment, music, performance']",897868.0
3184,Mitch Resnick,[1657],1,3027599,"['technology, computers, education, parenting, TEDx, Internet, youth, code, kids']",3027599.0
3185,Mitch Zeller,[55058],1,2418305,"['social change, health, personal growth, public health, TEDx, policy, addiction']",2418305.0
3186,Mitchell Besser,[962],1,305935,"['health, health care, Africa, community, AIDS, women']",305935.0
3187,Mitchell Joachim,[901],1,1705099,"['environment, design, architecture, urban planning, TED Fellows']",1705099.0
3188,Mitchell Katz,[45407],1,1524368,"['social change, health, health care, medicine, poverty, United States, public health, TEDMED']",1524368.0
3189,Miwa Matreyek,[995],1,981733,"['technology, design, performance, art, animation']",981733.0
3190,Mohamad Jebara,[9986],1,1196113,"['education, statistics, math, teaching']",1196113.0
3191,Mohamed Ali,[1864],1,1125369,"['global issues, entrepreneur, innovation, Africa, violence']",1125369.0
3192,Mohamed Hijri,[1783],1,697403,"['science, food, biology, TEDx, agriculture, botany, farming, ecology, plants, Anthropocene']",697403.0
3193,Mohammad Modarres,[46536],1,2042760,"['environment, sustainability, business, food, future, agriculture, farming']",2042760.0
3194,Mohan Sivaloganathan,[130445],1,567589,"['business, leadership, youth, TED-Ed']",567589.0
3195,Molly Crockett,[1633],1,1472899,"['science, media, health, cognitive science, consumerism, marketing, brain, decision-making, mental health, shopping, neuroscience, journalism, medical research, behavioral economics, bioethics']",1472899.0
3196,Molly Graham,[140319],1,1359375,"['business, innovation, leadership, work, personal growth, worklife']",1359375.0
3197,Molly Stevens,[1845],1,1349498,"['science, technology, design, engineering, biotech, health, health care, biology, future, medicine, medical research, synthetic biology']",1349498.0
3198,Molly Webster,[58891],1,1711657,"['science, DNA, genetics, gender, history, humanity, sex']",1711657.0
3199,Molly Winter,[2559],1,1955147,"['climate change, environment, sustainability, design, engineering, food, health, nature, community, activism, energy, water, humanity, public health, TEDx, agriculture, infrastructure, farming, natural resources, renewable energy']",1955147.0
3200,Mona Chalabi,[2718],1,2376506,"['social change, art, storytelling, communication, statistics, visualizations, math, society, data, journalism']",2376506.0
75,Ai-jen Poo,[29263],1,1927115,"['economics, social change, activism, work, humanity, law, society, family']",1927115.0
3202,Monica Byrne,[2499],1,1149580,"['entertainment, performance, death, relationships, future, storytelling, communication, aging, universe, exploration, visualizations, space, literature, humanity, beauty, identity, science fiction']",1149580.0
3203,Monica Fay,[110072],1,92518,"['design, health, personal growth, mental health, identity']",92518.0
3204,Monica Johnson,[12979],1,38789,"['culture, relationships, family']",38789.0
3205,Monica Palacio,[27376],1,4785,"['politics, United States, society, democracy']",4785.0
3206,Monika Blaumueller,[10046],1,11630,"['health care, data, algorithm']",11630.0
3207,Monika Bulaj,[1301],1,718381,"['global issues, design, art, storytelling, photography, TED Fellows, journalism']",718381.0
3208,Monique W. Morris,[31441],1,2102493,"['education, social change, gender, activism, race, teaching, justice system, kids, equality']",2102493.0
3209,Moreangels Mbizah,[49435],1,2080267,"['environment, science, Africa, animals, biodiversity, TED Fellows, conservation']",2080267.0
3210,Morgan Spurlock,[1114],1,2643517,"['business, consumerism, film, comedy, humor']",2643517.0
3211,Morgan Vague,[41457],1,2426432,"['environment, science, sustainability, pollution, bacteria, microbiology, plastic, TEDx, Anthropocene']",2426432.0
3212,Morgana Bailey,[2171],1,3513564,"['business, social change, gender, work, LGBTQIA+']",3513564.0
76,Aicha Evans,[83263],1,1895835,"['science, technology, transportation, computers, future, machine learning, driverless cars']",1895835.0
3214,Moritz Riesewieck,[51071],1,2098635,"['technology, social change, activism, society, social media, TEDx, Internet']",2098635.0
77,Aicha el-Wafi + Phyllis Rodriguez,[1136],1,1057637,"['culture, global issues, parenting, terrorism, friendship']",1057637.0
3216,Morten Bo Christiansen,[116409],1,805327,"['climate change, environment, global issues, business, nature, energy, resources, Countdown, ocean']",805327.0
79,Aisha Nyandoro,[119035],1,882641,"['business, economics, social change, poverty, personal growth, women, humanity, money, finance, ethics']",882641.0
3218,Moshe Szyf,[2721],1,1764006,"['science, DNA, genetics, disease, health, animals, nature, primates, cancer, biology, medicine, TEDx, pregnancy, kids']",1764006.0
3219,Mother London,[14612],1,23534,"['robots, film, AI']",23534.0
3220,Mounia Akl,[87806],1,1968354,"['creativity, art, storytelling, film, Middle East']",1968354.0
3221,Muhammed Idris,[36063],1,1849482,"['culture, global issues, collaboration, social change, community, humanity, society, identity, immigration, refugees, TED Residency']",1849482.0
3222,Mundano,[2157],1,1098015,"['social change, art, Brazil, TED Fellows, street art']",1098015.0
3223,Munir Virani,[1610],1,1291432,"['environment, science, Africa, animals, nature, biology, history, pollution, biodiversity, bacteria, birds, wind energy, Egypt, conservation, ecology']",1291432.0
80,Aja Monet,[32422],1,3344070,"['collaboration, art, love, relationships, community, activism, poetry, personal growth, humanity']",3344070.0
3225,Musimbi Kanyoro,[11685],1,1367935,"['business, gender, community, activism, women, women in business, investing']",1367935.0
3226,Muslim Sahib,[23315],1,9899,"['performance, poetry, identity']",9899.0
3227,Mustafa Akyol,[1155],1,1339751,"['culture, religion, democracy, TEDx, Egypt, Islam']",1339751.0
3228,Mustafa Suleyman,[129248],1,3342037,"['technology, computers, innovation, future, AI, machine learning']",3342037.0
3229,Muthoni Drummer Queen,[48857],1,272577,"['culture, music, performance, Africa, creativity, art, future, TED Fellows']",272577.0
3230,"Mwende ""FreeQuency"" Katwiwa",[9636],1,990403,"['performance, social change, art, activism, poetry, race, personal growth, spoken word, women, humanity, writing, society, identity']",990403.0
3231,MyVerse,[95655],1,1594219,"['climate change, music, social change, art, activism, society, Countdown']",1594219.0
3232,Myles Allen,[66948],1,1705813,"['climate change, environment, business, leadership, energy, Countdown, fossil fuels']",1705813.0
81,Ajay Banga,[69869],1,1426473,"['global issues, technology, economics, money, finance, coronavirus']",1426473.0
3234,Mónica Ramírez,[42084],1,14007,"['storytelling, community, activism, work, farming']",14007.0
3235,Nabiha Saklayen,[81390],1,2140901,"['science, technology, biotech, computers, innovation, biology, AI, machine learning']",2140901.0
3236,Nabila Alibhai,[2884],1,1191616,"['social change, art, community, religion, activism, terrorism, society, painting']",1191616.0
3237,Nada Majdalani,[157081],1,305642,"['environment, global issues, politics, society, Middle East, Countdown']",305642.0
3238,Nadia Al-Sakkaf,[1191],1,630294,"['global issues, communication, war, women, journalism']",630294.0
3239,Nadia Drake,[99523],1,1542662,"['science, technology, NASA, future, astronomy, universe, Planets, space, solar system, telescopes, aliens']",1542662.0
3240,Nadia Lopez,[2586],1,1478016,"['cities, education, social change, future, community, United States, motivation, personal growth, violence, compassion, society, identity, teaching, kids']",1478016.0
3241,Nadine Burke Harris,[2194],1,13602551,"['health, health care, brain, kids']",13602551.0
3242,Nadine Hachach-Haram,[6477],1,1343463,"['science, technology, computers, collaboration, innovation, health, communication, medicine, Surgery, augmented reality']",1343463.0
3243,Nadjia Yousif,[27692],1,1897484,"['technology, business, entrepreneur, happiness, success, work, personal growth, potential']",1897484.0
3244,Nadya Bartol,[76272],1,1265082,"['technology, computers, Internet, cyber security, online privacy']",1265082.0
3245,Nadya Mason,[59050],1,573638,"['science, technology, exploration, humanity, curiosity']",573638.0
3246,Nadya Tolokonnikova,[110456],1,1670118,"['politics, corruption, social change, art, activism, war, leadership, human rights']",1670118.0
3247,Nagin Cox,[2677],1,2212788,"['science, technology, engineering, flight, collaboration, innovation, robots, future, communication, universe, United States, exploration, space, humanity, TEDx, code, discovery, solar system, Mars']",2212788.0
3248,Naif Al-Mutawa,[919],1,1032274,"['culture, art, Islam']",1032274.0
3249,Naima Penniman,[82299],1,1781422,"['nature, art, poetry, spoken word, TED Fellows, Countdown']",1781422.0
82,Ajit Narayanan,[1934],1,1520842,"['technology, communication, language, disability']",1520842.0
3251,Nana Firman,[66654],1,1309761,"['climate change, environment, social change, activism, leadership, Countdown']",1309761.0
3252,Nancy Duarte,[1347],1,3760595,"['storytelling, communication, TEDx, public speaking']",3760595.0
3253,Nancy Etcoff,[570],1,2365400,"['culture, evolution, psychology, happiness, beauty, neuroscience, emotions']",2365400.0
3254,Nancy Frates,[2137],1,1114221,"['disease, health, philanthropy, family, TEDx']",1114221.0
3255,Nancy Kanwisher,[2077],1,1488225,"['brain, visualizations, neuroscience']",1488225.0
83,Akash Manoj,[31377],1,2014734,"['science, technology, invention, medical research, TED-Ed, heart']",2014734.0
3257,Nancy N. Chen,[81385],1,2152639,"['culture, health, marketing, society, human body']",2152639.0
3258,Nancy Rabalais,[13029],1,1345790,"['science, biosphere, food, pollution, farming, marine biology, ocean']",1345790.0
3259,Nandan Nilekani,[545],1,1126002,"['global issues, politics, technology, business, economics, innovation, future, potential, Asia, india, infrastructure, international development']",1126002.0
3260,Nanfu Wang,[45838],1,3520431,"['culture, social change, storytelling, film, china, society, TED Fellows']",3520431.0
3261,Nanshu Lu,[118001],1,35138,"['technology, invention, biotech, robots, health, medical research']",35138.0
3262,Naná Vasconcelos,[2131],1,1151802,"['entertainment, music, performance, creativity, film, travel']",1151802.0
3263,Naoko Ishii,[6602],1,1462746,"['climate change, environment, global issues, sustainability, economics, biosphere, collaboration, innovation, social change, nature, future, community, pollution, biodiversity, water, society, trees, conservation, natural resources, ocean']",1462746.0
3264,Naomi Bagdonas,[83756],1,2744025,"['business, creativity, leadership, work, humor']",2744025.0
84,Akshat Rathi,[136280],1,517564,"['climate change, social change, money, capitalism, Countdown']",517564.0
3266,Naomi McDougall Jones,[2890],1,1214179,"['culture, business, social change, creativity, gender, storytelling, activism, film, women, society, TEDx']",1214179.0
3267,Naomi Mwaura,[76216],1,1590492,"['transportation, social change, Africa, gender, TED Fellows, feminism, equality']",1590492.0
3268,Naomi Oreskes,[2032],1,1703794,"['climate change, science, history, philosophy, religion, astronomy']",1703794.0
3269,Naomi Shimada,[77606],1,298225,"['self, mental health, social media, Internet, emotions']",298225.0
3270,Nat Keohane,[89915],1,1688675,"['climate change, environment, science, sustainability, business, nature, trees, money, agriculture, finance, conservation, natural resources, Countdown']",1688675.0
3271,Natalie Cargill,[117720],1,906276,"['climate change, global issues, business, social change, future, philanthropy, money']",906276.0
3272,Natalie Fee,[8079],1,179539,"['environment, global issues, social change, pollution, plastic']",179539.0
3273,Natalie Fratto,[44204],1,4170047,"['business, entrepreneur, leadership, personal growth, investing']",4170047.0
3274,Natalie Gunn,[10367],1,11157,"[""disease, cancer, biology, Alzheimer's""]",11157.0
87,Al Seckel,[78],1,2706870,"['culture, design, cognitive science, psychology, illusion, brain']",2706870.0
3276,Natalie Merchant,[823],1,1104109,"['music, performance, poetry, literature']",1104109.0
3277,Natalie Panek,[2639],1,1193053,"['environment, science, technology, engineering, rocket science, communication, exploration, TEDx']",1193053.0
3278,Natalie Warne,[1279],1,991876,"['culture, global issues, community, activism, war, TEDx, youth, kids']",991876.0
3279,Natasha Hurley-Walker,[2736],1,1475129,"['science, astronomy, universe, space, TEDx, discovery, telescopes']",1475129.0
3280,Natasha Rothwell,[145331],1,331105,"['entertainment, media, creativity, art, storytelling, motivation, personal growth, humor, identity, television, diversity']",331105.0
3281,Natasha Tsakos,[621],1,479493,"['media, performance, storytelling, theater, animation']",479493.0
3282,Nate Garvis,[1316],1,205738,"['culture, politics, TEDx']",205738.0
3283,Nate Silver,[521],1,555657,"['politics, cities, urban planning, race, statistics']",555657.0
88,Al Vernacchio,[1761],1,2395060,"['culture, food, sex']",2395060.0
3285,Nathalie Cabrol,[2235],1,1349224,"['exploration, Planets, space, microbiology, solar system, Mars, astrobiology']",1349224.0
3286,Nathalie Miebach,[1252],1,860075,"['art, visualizations, TED Fellows, weather, data']",860075.0
3287,Nathan Ide,[19092],1,10319,"['Internet, finance, investing']",10319.0
89,Alaa Murabit,[2298],1,5560339,"['gender, religion, women']",5560339.0
91,Alan Amling,[13027],1,50716,"['global issues, technology, economics']",50716.0
3290,Nathaniel Kahn,[506],1,431639,"['design, entertainment, architecture, storytelling, film, kids']",431639.0
3291,Nathaniel Stinnett,[135253],1,477299,"['climate change, environment, politics, sustainability, social change, data, Countdown']",477299.0
92,Alan Crickmore,[28104],1,1539901,"['social change, storytelling, parenting, personal growth, society, prison, TEDx']",1539901.0
3293,Naturally 7,[544],1,1972518,"['entertainment, music, performance, innovation']",1972518.0
3294,Naufal Mukumi,[5161],1,11452,"['music, performance, art']",11452.0
3295,Navi Radjou,[2167],1,2138249,"['business, entrepreneur, innovation']",2138249.0
3296,Navied Mahdavian,[148236],1,298762,"['death, creativity, art, storytelling, family, emotions']",298762.0
3297,Ndidi Nwuneli,[12202],1,961080,"['collaboration, education, social change, health care, Africa, community, religion, society']",961080.0
3298,Ndidi Okonkwo Nwuneli,[90282],1,1809937,"['climate change, global issues, sustainability, technology, food, health, future, agriculture, farming']",1809937.0
3299,Ndinini Kimesera Sikar,[148352],1,340875,"['love, community, personal growth, family, emotions, kids']",340875.0
3300,Neal Katyal,[65393],1,2437124,"['politics, history, communication, United States, language, personal growth, law, empathy, justice system']",2437124.0
3301,Neeraj Aggarwal,[140436],1,440292,"['culture, business, innovation, social change, Asia, society, Ideas']",440292.0
93,Alan Eustace,[2259],1,1783643,"['science, technology, engineering, invention, innovation, astronomy, physics, sports, exploration, space']",1783643.0
3303,Neha Madhira,[41912],1,16031,"['education, social change, law, society, journalism']",16031.0
3304,Neha Narula,[2554],1,2634916,"['technology, business, economics, transportation, computers, software, social change, future, potential, society, shopping, money, Internet, data, capitalism, blockchain, cryptocurrency, international development, online privacy']",2634916.0
3305,Neil Burgess,[1349],1,1622147,"['science, biotech, cognitive science, biology, brain, exploration, neuroscience, algorithm, human body']",1622147.0
94,Alan Iny,[6027],1,185752,"['business, collaboration, innovation, creativity, work']",185752.0
3307,Neil Harbisson,[1512],1,3573279,"['technology, design, entertainment, music, innovation, art, prosthetics, sound']",3573279.0
3308,Neil MacGregor,[1364],1,1324441,"['culture, global issues, history, archaeology']",1324441.0
3309,Neil Pasricha,[1048],1,3569922,"['love, psychology, happiness, personal growth, writing, TEDx, books']",3569922.0
3310,Neil Turok,[232],1,648429,"['science, technology, education, Africa, physics, TED Prize, math']",648429.0
3311,Neil Vora,[120211],1,608757,"['environment, science, disease, health, health care, public health, trees, pandemic, Countdown']",608757.0
95,Alan Jamieson,[99570],1,1473421,"['science, animals, exploration, TEDx, marine biology, ocean']",1473421.0
3313,Nemonte Nenquimo,[81757],1,1869003,"['climate change, environment, nature, activism, trees, indigenous peoples, Countdown']",1869003.0
3314,Neri Oxman,[2344],1,3027024,"['technology, design, engineering, architecture, innovation, nature, biology, product design, microbiology, 3D printing, manufacturing']",3027024.0
3315,Neveen F. Awad,[140234],1,6470,[],6470.0
3316,Newsha Ghaeli,[123146],1,655613,"['science, technology, business, biotech, cities, health, health care, pollution, water, public health, data']",655613.0
3317,Newton Aduaka,[386],1,434186,"['culture, global issues, entertainment, Africa, creativity, film, war']",434186.0
3318,Neylan McBaine,[30484],1,10217,"['history, activism, United States, women, human rights']",10217.0
96,Alan Kay,[228],1,893769,"['technology, design, computers, collaboration, kids']",893769.0
3320,Niall Ferguson,[1226],1,1924650,"['culture, global issues, business, economics']",1924650.0
3321,Niaz Nawab,[132680],1,56509,"['entertainment, music, performance']",56509.0
3322,Nic Marks,[944],1,2823002,"['culture, global issues, economics, statistics, happiness, data']",2823002.0
3323,Niceaunties,[129246],1,594796,"['technology, creativity, art, AI, family, tech']",594796.0
97,Alan Russell,[142],1,1916692,"['technology, design, health, health care, cancer, medicine, bioethics']",1916692.0
3325,Nicholas Leeper,[97862],1,1663708,"['science, health, cancer, TEDx, medical research, heart']",1663708.0
98,Alan Siegel,[803],1,1079912,"['business, language, law']",1079912.0
99,Alan Smith,[2674],1,2363894,"['education, innovation, creativity, statistics, visualizations, math, society, TEDx, data, algorithm, animation']",2363894.0
101,Alasdair Harris,[50989],1,2105229,"['climate change, environment, sustainability, nature, fish, TED Fellows, conservation, ocean']",2105229.0
3329,Nick Sears,[412],1,561262,"['technology, design, invention, entertainment, demo, animation']",561262.0
3330,Nick Turner,[87807],1,1759702,"['social change, race, United States, crime, prison, justice system, equality']",1759702.0
3331,Nick Veasey,[726],1,1977412,"['science, nature, art, photography']",1977412.0
3332,Nicky Trevorrow,[137891],1,543671,"['science, food, health, animals, evolution, biology, happiness, TEDx, emotions']",543671.0
3333,Nicola Jones,[57604],1,1571942,"['science, animals, nature, pollution, sound, marine biology, ocean']",1571942.0
102,Alastair Gray,[6235],1,1631492,"['business, corruption, terrorism, crime']",1631492.0
3335,Nicolas Perony,[1916],1,1076341,"['animals, TEDx']",1076341.0
3336,Nicole Byers,[121936],1,1013515,"['science, memory, health, psychology, brain, neuroscience, TEDx']",1013515.0
3337,Nicole Maines,[81386],1,1886477,"['social change, gender, personal growth, society, TEDx, youth, Transgender, policy']",1886477.0
3338,Nicole Paris,[2392],1,4909557,"['entertainment, music, performance, art, family']",4909557.0
3339,Nicole Rycroft,[114285],1,1142899,"['climate change, environment, science, sustainability, business, social change, nature, trees, resources, manufacturing, The Audacious Project']",1142899.0
3340,Nicole Wilson,[8148],1,24723,"['communication, parenting, decision-making, family, kids']",24723.0
3341,Nicos Marcou,[118004],1,789099,"['business, communication, work, personal growth, TEDx']",789099.0
3342,Niels Diffrient,[520],1,644144,"['technology, design, business, work']",644144.0
3343,Niels van Namen,[24922],1,1848708,"['technology, innovation, disease, health, health care, future, public health']",1848708.0
3344,Nigel Marsh,[1069],1,5594498,"['culture, business, work, motivation, TEDx, work-life balance']",5594498.0
103,Alastair O'Neill,[10546],1,22050,"['technology, genetics, parenting']",22050.0
3346,Nighat Dad,[13518],1,1249820,"['computers, social change, gender, communication, activism, women, society, TED Fellows, Internet, Middle East, bullying']",1249820.0
3347,Niki Okuk,[2847],1,1346608,"['business, economics, entrepreneur, social change, community, work, society, TEDx, capitalism, equality']",1346608.0
3348,Nikki Clifton,[23088],1,1595308,"['business, social change, community, activism, law, society, Slavery, sexual violence']",1595308.0
3349,Nikki Sanchez,[36933],1,341483,['global issues'],341483.0
3350,Nikki Webber Allen,[2889],1,2832662,"['social change, community, activism, race, personal growth, illness, depression, mental health, identity, TED Residency']",2832662.0
3351,Nikolai Begg,[2046],1,1407611,"['science, engineering, invention, innovation, product design, medicine, TEDx, Surgery']",1407611.0
3352,Nikolaus S. Lang,[138990],1,454751,"['global issues, politics, business, economics, marketing']",454751.0
3353,Nila Ibrahimi,[138597],1,108751,"['social change, community, activism, women, Middle East, human rights, equality']",108751.0
3354,Nilay Kulkarni,[10802],1,1111501,"['design, invention, software, collaboration, innovation, creativity, religion, data, india']",1111501.0
104,Alastair Parvin,[1749],1,1700658,"['design, software, architecture, infrastructure']",1700658.0
3356,Nilofer Merchant,[1726],1,4170932,"['business, health, communication, exercise']",4170932.0
3357,Nimisha Jain,[69384],1,1433897,"['business, innovation, consumerism, china, shopping, Internet, india']",1433897.0
3358,Nina Dølvik Brochmann,[9126],1,1808011,"['education, social change, communication, activism, medicine, women, humanity, sex, society, TEDx, medical research, human body']",1808011.0
3359,Nina Fedoroff,[2793],1,1150209,"['environment, global issues, science, technology, biotech, genetics, disease, health, primates, biology, insects, illness, public health, society, virus, TEDx']",1150209.0
3360,Nina Jablonski,[603],1,1593524,"['science, evolution, biology, race, anthropology, humanity']",1593524.0
3361,Nina McNeely,[95765],1,280529,"['technology, design, music, performance, art, dance, visualizations']",280529.0
105,Alba Sotorra,[16779],1,21418,"['global issues, gender, war, photography, women, TED en Español']",21418.0
106,Albert Fox Cahn,[97407],1,552256,"['social change, law, society, TED Fellows, government, data, surveillance']",552256.0
3364,Nirmalya Kumar,[1489],1,1057004,"['global issues, business, innovation, TEDx, india']",1057004.0
3365,Niro Sivanathan,[70360],1,2551285,"['business, cognitive science, psychology, communication, personal growth, decision-making, TEDx']",2551285.0
3366,Nirupa Rao,[66923],1,305723,"['environment, nature, art, beauty, TEDx, painting, plants']",305723.0
3367,Nisha Anand,[68236],1,1619330,"['politics, communication, law, democracy, TEDx, government, policy']",1619330.0
107,Albert-László Barabási,[45614],1,3624182,"['science, leadership, success, work, motivation, personal growth, potential, TEDx, goals']",3624182.0
3369,Nithya Ramanathan,[83026],1,2018341,"['science, technology, health, community, medicine, humanity, Vaccines']",2018341.0
3370,Nithya Vaduganathan,[101506],1,1508255,"['business, work, diversity, inclusion']",1508255.0
3371,Niti Bhan,[3642],1,1291719,"['culture, business, economics, social change, Africa, creativity, society, resources, investing']",1291719.0
3372,Nitish Padmanaban,[62494],1,2326094,"['technology, engineering, future, TEDx, sight']",2326094.0
3373,Nivruti Rai,[41911],1,20043,"['technology, software, AI, data, machine learning']",20043.0
3374,Nizar Ibrahim,[2238],1,1149202,"['paleontology, ancient world, dinosaurs, TED Fellows']",1149202.0
3375,Nkosilathi Nyathi,[84368],1,1296973,"['climate change, environment, social change, activism, youth']",1296973.0
3376,Nnedi Okorafor,[3596],1,1176269,"['Africa, creativity, future, writing, society, identity, science fiction']",1176269.0
108,Alberto Cairo,[1311],1,1074106,"['global issues, storytelling, war, poverty, work, prosthetics, TEDx, disability']",1074106.0
3378,Noah Raford,[97409],1,1610477,"['technology, social change, community, gaming, violence, social media, Internet, metaverse']",1610477.0
109,Alberto Garín,[15696],1,36400,"['education, history, teaching, TED en Español']",36400.0
3380,Noam Brown,[142260],1,490592,"['technology, computers, software, AI, code, machine learning']",490592.0
3381,Noel Bairey Merz,[1396],1,1010298,"['politics, science, disease, health, health care, biology, activism, medicine, women, illness, public health, TEDx, medical research, medical imaging, human body, heart']",1010298.0
3382,Noeline Kirabo,[60183],1,3330782,"['business, success, work, personal growth, potential, identity, goals']",3330782.0
3383,Noelle Martin,[39096],1,490138,"['social change, activism, women, law, social media, TEDx, Internet']",490138.0
3384,Nomava Zanazo,[75173],1,1235446,"['business, Africa, consumerism, marketing, shopping']",1235446.0
3385,Nonette Royo,[91496],1,1581000,"['climate change, science, nature, biodiversity, law, trees, indigenous peoples, The Audacious Project, human rights, Countdown, fossil fuels']",1581000.0
3386,Nonny de la Peña,[2376],1,1372077,"['invention, media, innovation, future, storytelling, visualizations, journalism, virtual reality']",1372077.0
3387,Nora Atkinson,[20757],1,524555,"['culture, creativity, art, community, museums, society']",524555.0
3388,Nora Brown,[37382],1,332397,"['music, performance, art, history']",332397.0
110,Alec Soth,[2300],1,2514555,"['culture, love, relationships, photography']",2514555.0
3390,Nora McInerny,[37498],1,8017736,"['death, love, relationships, personal growth, humanity, writing, family']",8017736.0
3391,Nora York,[81],1,464030,"['entertainment, music, performance, poetry']",464030.0
3392,Noreena Hertz,[1079],1,1001759,"['culture, business, economics, decision-making']",1001759.0
3393,Noriko Arai,[2852],1,1781547,"['technology, education, robots, AI, teaching']",1781547.0
3394,Norma Pimentel,[57260],1,1461603,"['social change, humanity, compassion, society, immigration, refugees, human rights']",1461603.0
3395,Norman Lear,[2516],1,1222164,"['entertainment, interview, social change, creativity, communication, activism, motivation, family, television']",1222164.0
3396,Norman Spack,[1947],1,1483028,"['gender, medicine, TEDx, youth, Transgender, LGBTQIA+']",1483028.0
3397,Normand Voyer,[110688],1,1516075,"['science, health, nature, biology, medicine, chemistry, medical research, conservation, plants']",1516075.0
3398,Nour E. Rawafi,[137793],1,503040,"['science, technology, NASA, innovation, future, astronomy, universe, space, solar system, Sun']",503040.0
3399,Noy Thrupkaew,[2275],1,2246987,"['economics, consumerism, work, crime, Slavery']",2246987.0
3400,Nyle DiMarco,[23466],1,460204,"['education, communication, disability, hearing']",460204.0
3401,Nyra Jordan,[84766],1,1740719,"['social change, leadership, work, justice system, equality']",1740719.0
3402,Néstor Guerra,[15697],1,35735,"['business, entrepreneur, work, trust, TED en Español']",35735.0
111,Alejandro Aravena,[2128],1,2410975,"['design, architecture, cities, infrastructure']",2410975.0
3404,Oak Felder,[121086],1,18670,"['culture, technology, computers, entertainment, music, performance, art, AI']",18670.0
3405,Ocean Ramsey,[46526],1,255980,"['global issues, biosphere, fish, conservation, ocean']",255980.0
3406,Oded Shoseyov,[2544],1,1892913,"['environment, science, technology, design, engineering, DNA, biotech, genetics, collaboration, innovation, animals, nature, evolution, biology, future, biodiversity, books, plants']",1892913.0
3407,Ofer Levy,[63894],1,469435,"['science, disease, medicine, public health, Vaccines, TEDx, medical research']",469435.0
3408,Okong'o Kinyanjui,[98260],1,1553258,"['social change, Africa, future, community, personal growth, TED Fellows, LGBTQIA+']",1553258.0
3409,Ola Rosling,[2090],1,6747954,"['global issues, health, statistics']",6747954.0
112,Alejandro Chaskielberg,[29009],1,15387,"['art, history, community, photography, humanity']",15387.0
3411,Ole Scheeren,[2375],1,2927156,"['environment, technology, design, engineering, industrial design, architecture, cities, collaboration, urban planning, innovation, creativity, community, work, productivity, public space']",2927156.0
3412,Oleksandra Matviichuk,[119219],1,748877,"['global issues, politics, corruption, military, social change, war, humanity, law, democracy, human rights, ethics']",748877.0
3413,Olesya Khromeychuk,[122556],1,546232,"['global issues, politics, social change, history, war, society, democracy, government']",546232.0
3414,Olga Kitaina,[93334],1,1562919,"['social change, psychology, history, personal growth, mental health, TED Fellows, emotions']",1562919.0
3415,Olga Yurkova,[17603],1,1438312,"['politics, technology, corruption, social change, communication, war, society, democracy, social media, TED Fellows, Internet, government, journalism']",1438312.0
3416,Oliver Jeffers,[62627],1,2290110,"['creativity, art, love, community, poetry, personal growth, visualizations, Planets, humanity, empathy']",2290110.0
3417,Oliver Sacks,[637],1,9826190,"['psychology, biology, medicine, brain, mental health, neuroscience, sight']",9826190.0
3418,Olivia Affuso,[81396],1,1924660,"['health, health care, biology, personal growth, human body, goals']",1924660.0
3419,Olivia Arthur,[68726],1,337524,"['technology, robots, biology, future, humanity, synthetic biology, human body']",337524.0
3420,Olivia Breese,[115994],1,927232,"['climate change, global issues, science, sustainability, energy, Countdown, renewable energy']",927232.0
3421,Olivia Lazard,[94633],1,2032987,"['climate change, environment, sustainability, technology, energy, resources, Countdown']",2032987.0
113,Alejandro Durán,[52490],1,387612,"['climate change, culture, creativity, art, community, pollution, plastic, ocean']",387612.0
3423,Olivia Tyler,[10565],1,81413,"['sustainability, business, manufacturing']",81413.0
3424,Olivia Vinckier,[99569],1,1587380,"['social change, race, personal growth, family, identity, TEDx, government, data']",1587380.0
3425,Olivier Scalabre,[2563],1,2218420,"['technology, engineering, industrial design, business, economics, innovation, product design, work, 3D printing, manufacturing, international development']",2218420.0
3426,OluTimehin Adegbeye,[2873],1,2568592,"['cities, social change, Africa, activism, poverty, government']",2568592.0
3427,Olúfẹ́mi Táíwò,[2881],1,1202133,"['Africa, history, philosophy, library, leadership, water, society, agriculture, resources, rivers']",1202133.0
3428,Olympia Della Flora,[36415],1,3851990,"['education, creativity, parenting, teaching, emotions, kids']",3851990.0
3429,Omar Ahmad,[838],1,641612,"['culture, politics, business, social change, democracy']",641612.0
3430,Onora O'Neill,[1829],1,1913346,"['global issues, philosophy, TEDx, government, trust']",1913346.0
3431,Onyx Ashanti,[1172],1,920479,"['technology, design, entertainment, music, performance']",920479.0
3432,Opal Tometi,[2634],1,1552900,"['media, collaboration, social change, gender, history, communication, community, activism, race, poverty, humanity, society, identity, social media, immigration, equality']",1552900.0
3433,Oral McGuire,[128624],1,517054,"['environment, humanity, trees, indigenous peoples, Countdown']",517054.0
3434,Ordinary Things,[108174],1,1406404,"['technology, corruption, computers, social change, future, social media, TEDx, Internet, data, surveillance, cyber security, online privacy']",1406404.0
3435,Oren Yakobovich,[2142],1,1181113,"['global issues, social change, activism, film, Internet']",1181113.0
3436,Orit Peleg,[113849],1,14194,"['science, nature, communication, insects, beauty']",14194.0
3437,Orit Tykocinski,[88842],1,1845728,"['psychology, brain, decision-making, TEDx, mindfulness, policy']",1845728.0
3438,Ory Okolloh,[330],1,444131,"['global issues, technology, media, Africa, activism, identity']",444131.0
3439,Oscar Schwartz,[2411],1,972959,"['technology, computers, creativity, poetry, language, AI, literature, writing, identity, TEDx, algorithm']",972959.0
3440,Oskar Eustis,[17275],1,1390819,"['politics, performance, collaboration, social change, creativity, art, history, communication, community, United States, theater, society, democracy']",1390819.0
3441,Ozawa Bineshi Albert,[88219],1,1841236,"['climate change, environment, global issues, sustainability, social change, activism, policy, natural resources, indigenous peoples, Countdown, fossil fuels']",1841236.0
3442,P. Seth Yelorda,[114196],1,17155,"['business, leadership, work, motivation, potential']",17155.0
3443,P.J. Parmar,[32414],1,2120917,"['economics, social change, health, health care, medicine, United States, public health, society, TEDx, refugees']",2120917.0
3444,P.W. Singer,[504],1,1808169,"['global issues, technology, design, robots, future, war, violence, drones']",1808169.0
3445,Pablo Santa Cruz,[16983],1,63801,['TED en Español'],63801.0
3446,Paddy Ashdown,[1314],1,1226603,"['culture, global issues, politics, TEDx, Europe, international relations']",1226603.0
3447,Paige Alexander,[125408],1,574241,"['business, entrepreneur, social change, gender, data, human rights, equality']",574241.0
3448,Palmer Luckey,[148330],1,1493050,"['global issues, technology, military, software, robots, war, AI']",1493050.0
3449,Pam Warhurst,[1538],1,1506865,"['sustainability, food, community, agriculture, botany, gardening']",1506865.0
3450,Pamela Meyer,[1246],1,34251370,"['culture, science, psychology, society']",34251370.0
3451,Pamela Ronald,[2241],1,2213463,"['global issues, sustainability, food, agriculture']",2213463.0
3452,Pamelia Kurstin,[218],1,2298709,"['technology, music, performance']",2298709.0
3453,Pankaj Ghemawat,[1593],1,1103934,"['global issues, business, economics, social change, social media']",1103934.0
3454,Panti Bliss,[64520],1,583290,"['global issues, social change, love, relationships, LGBTQIA+']",583290.0
114,Alejandro Nespral,[7150],1,24285,"['death, communication, youth, TED en Español, emotions, kids']",24285.0
3456,Paolo Bortolameolli,[23684],1,883194,['TED en Español'],883194.0
3457,Paolo Cardini,[1622],1,2898136,"['culture, technology, design, product design, humor']",2898136.0
3458,Paolo Gaudiano,[132052],1,331272,"['business, race, leadership, success, work, TEDx, diversity, inclusion']",331272.0
115,Alejandro Sánchez Alvarado,[2663],1,1428278,"['environment, science, biosphere, education, innovation, animals, nature, creativity, biology, medicine, biodiversity, exploration, illness, beauty, curiosity, neuroscience, TEDx, medical research, discovery, human body, marine biology, ocean']",1428278.0
116,Aleph Molinari,[1348],1,294546,"['global issues, technology, poverty, TEDx']",294546.0
117,Alessandra Orofino,[2107],1,968380,"['politics, technology, cities, community']",968380.0
3462,Particle Ink,[93770],1,346469,"['design, music, performance, art, dance, augmented reality, metaverse']",346469.0
3463,Parul Sehgal,[1852],1,2473762,"['culture, love, relationships, literature, writing, sex, books']",2473762.0
3464,Pat Crowley,[36284],1,19599,"['global issues, food, future, insects, agriculture']",19599.0
118,Alessandro Acquisti,[1848],1,1517538,"['technology, business, social media, policy, online privacy']",1517538.0
3466,Patience Mthunzi,[2313],1,1315531,"['science, innovation, health, health care, biology, medicine, AIDS, medical research, drugs']",1315531.0
3467,Patrice Thompson,[19041],1,76983,"['success, work, society']",76983.0
3468,Patricia Burchat,[326],1,1683473,"['science, education, astronomy, time, universe, physics, energy, Big Bang, dark matter, telescopes']",1683473.0
3469,Patricia Kuhl,[1075],1,4722985,"['science, technology, language, brain, TEDx, kids']",4722985.0
3470,Patricia Ryan,[1106],1,2653373,"['culture, global issues, language, TEDx']",2653373.0
3471,Patricia Villarrubia-Gómez,[96209],1,1659657,"['climate change, environment, science, pollution, humanity, plastic, Countdown']",1659657.0
3472,Patrick Awuah,[156],1,2117116,"['culture, global issues, education, social change, Africa, leadership']",2117116.0
119,Alex Amouyel,[141065],1,402515,"['business, social change, food, philanthropy']",402515.0
3474,Patrick Ferrucci,[25109],1,70732,"['social change, race, sports, social media, journalism']",70732.0
3475,Patrick Forth,[5139],1,52798,"['technology, business, collaboration, work, data']",52798.0
3476,Patrick Lencioni,[61113],1,1045653,['business'],1045653.0
3477,Patrick Talty,[161150],1,302061,"['entertainment, media, storytelling, sports, exercise']",302061.0
3478,Patrisse Cullors,[2634],1,1552900,"['media, collaboration, social change, gender, history, communication, community, activism, race, poverty, humanity, society, identity, social media, immigration, equality']",1552900.0
3479,Patrícia Medici,[2367],1,1533607,"['environment, animals, biology, Brazil, biodiversity, TED Fellows']",1533607.0
3480,Pattie Gonia,[145677],1,352768,"['climate change, social change, activism, happiness, Countdown']",352768.0
3481,Pattie Maes + Pranav Mistry,[481],1,11553317,"['technology, design, demo, UX design']",11553317.0
120,Alex Apella,[7825],1,87611,"['education, storytelling, TEDx, immigration, TED en Español, inclusion']",87611.0
3483,Pau Aleikum Garcia,[137404],1,495984,"[""technology, memory, health, relationships, brain, AI, society, Alzheimer's, artificial intelligence""]",495984.0
3484,"Paul ""Triple H"" Levesque",[161150],1,302061,"['entertainment, media, storytelling, sports, exercise']",302061.0
3485,Paul A. Kramer,[51996],1,2119421,"['politics, social change, history, community, United States, society, immigration, refugees, human rights']",2119421.0
3486,Paul Bennett,[43],1,1041143,"['design, industrial design, business, product design']",1041143.0
121,Alex Budak,[115050],1,210720,"['business, communication, leadership, work, motivation']",210720.0
3488,Paul Catchlove,[101780],1,2498426,"['relationships, personal growth, decision-making, self, identity, mindfulness, worklife']",2498426.0
3489,Paul Cater Deaton,[46532],1,5316,"['culture, global issues, fish, conservation, ocean']",5316.0
122,Alex Carter,[136892],1,651652,"['business, relationships, communication, leadership, work, TEDx, money']",651652.0
3491,Paul Conneally,[1361],1,434109,"['global issues, technology, natural disaster, social media, TEDx']",434109.0
3492,Paul Debevec,[662],1,920742,"['technology, design, computers, art, film, visualizations, TEDx, animation']",920742.0
3493,Paul Ewald,[259],1,703212,"['global issues, science, disease, health, evolution, biology, medicine, illness, bacteria, microbiology']",703212.0
3494,Paul Franklin,[58515],1,53563,"['technology, entertainment, creativity, film']",53563.0
3495,Paul Gilding,[1374],1,1612830,"['climate change, environment, science, sustainability, technology, economics, cities, future, activism, energy, solar energy, agriculture, natural resources, renewable energy']",1612830.0
3496,Paul Greenberg,[2389],1,1703543,"['science, biotech, innovation, food, animals, fish, Mission Blue, ecology, ocean']",1703543.0
3497,Paul Hessburg,[3593],1,1520745,"['climate change, environment, science, nature, United States, trees, TEDx, ecology']",1520745.0
3498,Paul Hudson,[124190],1,734546,"['technology, business, interview, innovation, health care, leadership, work, AI, drugs']",734546.0
3499,Paul Kemp-Robertson,[1795],1,1417856,"['business, marketing, money, trust, blockchain, cryptocurrency']",1417856.0
3500,Paul Knoepfler,[2651],1,1926916,"['science, technology, DNA, biotech, genetics, innovation, social change, health, nature, biology, parenting, AIDS, decision-making, humanity, society, identity, TEDx, policy, bioethics, discovery, CRISPR, kids']",1926916.0
3501,Paul Lewis,[1242],1,344887,"['culture, global issues, cities, collaboration, social media, TEDx, journalism']",344887.0
123,Alex Edmans,[26262],1,2043673,"['politics, science, psychology, statistics, personal growth, society, social media, TEDx, data, journalism, trust']",2043673.0
3503,Paul McEuen,[57418],1,380961,"['science, technology, design, engineering, invention, innovation, robots, future']",380961.0
3504,Paul Moller,[429],1,503533,"['technology, design, engineering, invention, transportation']",503533.0
3505,Paul Nicklen,[1141],1,2649393,"['culture, design, entertainment, animals, creativity, storytelling, photography, biodiversity, Antarctica']",2649393.0
3506,Paul O'Connell,[18774],1,16616,"['business, international development, investing']",16616.0
3507,Paul Pholeros,[1769],1,1449188,"['global issues, design, architecture, health, public health, TEDx']",1449188.0
3508,Paul Piff,[1897],1,4089957,"['psychology, TEDx, behavioral economics']",4089957.0
124,Alex Honnold,[25671],1,13668852,"['nature, storytelling, sports, personal growth, exploration']",13668852.0
3510,Paul Root Wolpe,[1103],1,1730215,"['science, genetics, biology, future, philosophy, TEDx, deextinction, bioethics']",1730215.0
125,Alex Keshavarzi,[126569],1,795050,"['science, technology, astronomy, universe, physics, energy, math, dark matter, TEDx']",795050.0
126,Alex Kipman,[2461],1,3948455,"['technology, design, engineering, invention, computers, innovation, creativity, future, communication, product design, potential, exploration, visualizations, space, UX design']",3948455.0
3513,Paul Sereno,[428],1,937019,"['Africa, animals, evolution, biology, history, exploration, paleontology, dinosaurs']",937019.0
3514,Paul Snelgrove,[1372],1,385457,"['collaboration, biology, fish, photography, marine biology, ocean']",385457.0
3515,Paul Stamets,[258],1,8928752,"['global issues, science, technology, design, food, biology, pollution, fungi']",8928752.0
3516,Paul Tasner,[3114],1,2666331,"['sustainability, business, entrepreneur, innovation, aging, plastic, TED Residency']",2666331.0
3517,Paul Tudor Jones II,[2234],1,2116375,"['philanthropy, money, investing']",2116375.0
3518,Paul Zak,[1259],1,1966954,"['culture, science, cognitive science, psychology, biology, happiness, medicine, brain, sociology, empathy, chemistry, neuroscience, behavioral economics, ethics']",1966954.0
3519,Paula Hammond,[2467],1,1691454,"['science, technology, engineering, invention, biotech, genetics, disease, health, cancer, medicine, microbiology, medical research, nanotechnology']",1691454.0
3520,Paula Johnson,[1910],1,1296054,"['health, women, depression, heart']",1296054.0
127,Alex Koster,[109178],1,1309289,"['technology, design, transportation, computers, future, travel, AI']",1309289.0
3522,Pavan Sukhdev,[1303],1,911847,"['global issues, sustainability, business, economics, finance']",911847.0
3523,Pawan Sinha,[776],1,998271,"['science, health care, biology, medicine, neuroscience, sight, india']",998271.0
3524,Payton M. Wilkins,[118893],1,794360,"['climate change, sustainability, business, social change, activism, energy, work, work-life balance, Countdown, fossil fuels']",794360.0
3525,Peace Itimi,[135254],1,489582,"['technology, business, economics, entrepreneur, Africa, women in business']",489582.0
3526,Peachy Liv,[84652],1,1760693,"['health, humanity, mental health, society, social media, Internet, emotions']",1760693.0
3527,Pearl Arredondo,[1734],1,1254321,"['education, teaching, kids']",1254321.0
3528,Peggy Chan,[69606],1,7084,['education'],7084.0
3529,Peggy McIntosh,[63893],1,554459,"['education, social change, activism, race, equality']",554459.0
3530,Peggy Orenstein,[2708],1,4715012,"['social change, gender, relationships, communication, parenting, women, humanity, empathy, sex, society, family, feminism, kids, equality']",4715012.0
3531,Peggy Shepard,[96255],1,1746033,"['climate change, environment, social change, activism, race, pollution, society, Countdown']",1746033.0
3532,Peggy Weil,[35958],1,9950,"['climate change, social change, art, activism, visualizations']",9950.0
3533,Pelonomi Moiloa,[121089],1,12319,"['culture, technology, Africa, language, AI, data, machine learning']",12319.0
3534,Penelope Boston,[421],1,731061,"['science, technology, universe, exploration, Planets, geology, solar system, Mars, aliens']",731061.0
3535,Penny Chisholm,[19478],1,1570753,"['climate change, science, nature, biology, biodiversity, bacteria, microbiology, ecology, natural resources, ocean']",1570753.0
3536,Per Espen Stoknes,[4463],1,3390492,"['climate change, science, sustainability, biosphere, social change, nature, communication, energy, society, Anthropocene']",3390492.0
3537,Percy Liang,[121114],1,16556,"['technology, engineering, computers, software, collaboration, future, AI, ethics']",16556.0
3538,Pere Estupinyà,[32557],1,676955,"['science, gender, love, relationships, sex, neuroscience']",676955.0
3539,Pete Alcorn,[563],1,601220,"['social change, community']",601220.0
3540,Pete Buttigieg,[35607],1,130840,"['politics, future, history, community, society']",130840.0
3541,Pete Stavros,[129391],1,685473,"['business, social change, community, leadership, work, money, finance, investing']",685473.0
3542,Peter Attia,[1774],1,5082669,"['health, health care, medicine, public health, medical research']",5082669.0
3543,Peter Beck,[50982],1,491523,"['science, technology, entrepreneur, exploration, space, 3D printing']",491523.0
3544,Peter Biddle,[19768],1,62716,"['business, innovation, communication']",62716.0
3545,Peter Calthorpe,[2839],1,3871245,"['design, transportation, architecture, cities, urban planning, future, society, infrastructure, public space']",3871245.0
128,Alex Laskey,[1754],1,1347196,"['psychology, energy, behavioral economics, electricity']",1347196.0
3547,Peter Donnelly,[67],1,1462858,"['culture, science, technology, genetics, statistics']",1462858.0
3548,Peter Doolittle,[1878],1,2966504,"['science, memory, cognitive science, psychology, brain, consciousness, productivity, neuroscience']",2966504.0
3549,Peter Eigen,[763],1,934821,"['global issues, politics, corruption, TEDx, money']",934821.0
129,Alex Luebke,[132747],1,551681,"['science, technology, robots, health, health care, medicine, medical research, medical imaging']",551681.0
3551,Peter Haas,[978],1,410004,"['global issues, technology, business, architecture, natural disaster, TED Fellows']",410004.0
3552,Peter Harris,[13024],1,27550,"['environment, sustainability, economics']",27550.0
3553,Peter Kirn,[5140],1,12072,"['music, collaboration, art, sound']",12072.0
3554,Peter McGraw,[148258],1,834472,"['culture, social change, love, relationships, happiness, family, TEDx, Life']",834472.0
3555,Peter McIndoe,[117488],1,2246256,"['social change, relationships, communication, community, United States, personal growth']",2246256.0
3556,Peter Molyneux,[932],1,881441,"['technology, design, computers, psychology, AI, gaming, kids']",881441.0
3557,Peter Norvig,[1487],1,1287097,"['global issues, computers, education, Internet']",1287097.0
3558,Peter Ouko,[6671],1,1096491,"['social change, Africa, motivation, potential, humanity, law, society, prison, justice system']",1096491.0
3559,Peter Pomerantsev,[138367],1,683451,"['war, society, crime, TEDx, government, trust']",683451.0
3560,Peter Saul,[1399],1,1300701,"['global issues, death, health, health care, TEDx']",1300701.0
3561,Peter Singer,[1746],1,2484255,"['global issues, social change, philosophy, philanthropy']",2484255.0
3562,Peter Tyack,[886],1,589337,"['science, music, animals, Mission Blue, ocean']",589337.0
3563,Peter Ward,[440],1,1196903,"['environment, science, disease, history, space, dinosaurs']",1196903.0
3564,Peter Weinstock,[2711],1,1104317,"['technology, education, innovation, health care, future, medicine, brain, TEDx, Surgery, teaching, kids']",1104317.0
3565,Peter Wilczynski,[156225],1,309147,"['technology, cities, future, AI, data, maps']",309147.0
3566,Peter van Manen,[1802],1,900112,"['technology, transportation, health, medicine, sports, TEDx, data, kids']",900112.0
3567,Peter van Uhm,[1342],1,5253449,"['global issues, military, war, violence, TEDx']",5253449.0
3568,Petter Johansson,[10361],1,1759376,"['cognitive science, psychology, illusion, decision-making, self, magic, TEDx']",1759376.0
3569,Phebe Vayanos,[121091],1,5485,"['technology, computers, social change, future, AI, policy, machine learning, ethics']",5485.0
3570,Phil Borges,[34],1,1100356,"['culture, global issues, design, social change, art, storytelling, activism, film, photography, indigenous peoples']",1100356.0
3571,Phil Hansen,[1747],1,3071932,"['art, personal growth, disability']",3071932.0
130,Alex Rosenthal,[30295],1,483649,"['design, entertainment, creativity, art']",483649.0
3573,Phil Tetlow,[10368],1,18105,"['universe, data']",18105.0
3574,Philip Evans,[1938],1,1900345,"['business, economics']",1900345.0
3575,Philip Johns,[137791],1,592399,"['climate change, cities, urban planning, animals, nature, TEDx, wildlife']",592399.0
3576,Philip K. Howard,[771],1,800656,"['design, business, health care, law']",800656.0
3577,Philip Krinks,[5152],1,50022,"['business, work, motivation, work-life balance']",50022.0
3578,Philip Lubin,[65189],1,363802,"['technology, innovation, astronomy, physics, space, solar system']",363802.0
131,Alex Smith,[81387],1,3136318,"['relationships, sports, motivation, personal growth, self']",3136318.0
3580,Philipp Carlsson-Szlezak,[127368],1,549240,"['global issues, business, economics, media, money, journalism, finance']",549240.0
3581,Philipp Gerbert,[6018],1,48804,"['business, collaboration, innovation, work, AI, machine learning']",48804.0
3582,Philippa Neave,[2608],1,921936,"['global issues, communication, language, decision-making, democracy, international development']",921936.0
3583,Philippe Petit,[1456],1,817676,"['entertainment, storytelling, personal growth, magic']",817676.0
3584,Philippe Starck,[197],1,2469560,"['design, philosophy, storytelling, humanity, humor']",2469560.0
3585,Philippe Villeneuve,[155033],1,312423,"['technology, design, architecture, innovation, art, history, spirituality']",312423.0
3586,Phillip Picardi,[8179],1,35025,"['activism, success, identity, LGBTQIA+']",35025.0
3587,Phnam Bagley,[107691],1,1345792,"['science, sustainability, industrial design, NASA, innovation, food, future, product design, space, Mars']",1345792.0
3588,Pia Heidenmark Cook,[66944],1,169657,"['climate change, environment, sustainability, business, leadership, Countdown']",169657.0
3589,Pia Mancini,[2104],1,1385176,"['politics, technology, software, government']",1385176.0
133,Alex Tabarrok,[525],1,976143,"['culture, global issues, business, economics, cities, health, future, history, happiness, china']",976143.0
3591,Pierre Barreau,[21804],1,1627518,"['technology, computers, music, innovation, creativity, art, future, demo, AI, algorithm, machine learning, emotions']",1627518.0
3592,Pierre Thiam,[2875],1,1279564,"['innovation, food, Africa, agriculture, farming']",1279564.0
3593,Pilobolus,[24],1,4838052,"['science, entertainment, performance, nature, dance']",4838052.0
3594,Pinky Cole,[148362],1,390406,"['business, entrepreneur, interview, food, community, leadership, women in business']",390406.0
3595,Piyachart Phiromswad,[118165],1,812773,"['technology, economics, social change, future, aging, work, human body']",812773.0
3596,Platon,[95046],1,682088,"['creativity, art, communication, photography, humanity, compassion, empathy, emotions']",682088.0
3597,Ples Felix,[8779],1,1193545,"['death, social change, communication, community, activism, violence, humanity, compassion, empathy, society, kids']",1193545.0
3598,Poet Ali,[55061],1,924297,"['culture, art, poetry, language, humanity, empathy, emotions']",924297.0
3599,Poppy Crum,[17239],1,1778810,"['science, technology, computers, psychology, communication, AI, humanity, virtual reality, emotions']",1778810.0
3600,Pranav Mistry,[685],1,19679637,"['technology, design, software, demo']",19679637.0
3601,Pratik Shah,[20008],1,1739639,"['science, technology, innovation, health, health care, cancer, future, medicine, AI, illness, TED Fellows, medical research, machine learning, medical imaging']",1739639.0
3602,Prince William,[66733],1,1948356,"['climate change, environment, sustainability, technology, innovation, social change, nature, leadership, conservation, Countdown']",1948356.0
3603,Priscilla Chomba-Kinywa,[85786],1,2072841,"['global issues, technology, social change, society, TEDx, Internet']",2072841.0
3604,Priscilla Pemu,[51452],1,2221665,"['culture, technology, disease, health, health care, community, medicine, self, humanity, illness, vulnerability, human body, diversity, equality']",2221665.0
3605,Priti Krishtel,[56527],1,2354153,"['business, economics, health care, medicine, United States, public health']",2354153.0
3606,Priya Parker,[42423],1,2662730,"['culture, social change, communication, community, humanity, society, family, friendship']",2662730.0
3607,Priya Vulchi,[13828],1,1761552,"['education, social change, communication, community, race, leadership, United States, humanity, society, equality']",1761552.0
134,Alex Wissner-Gross,[1922],1,2202361,"['science, engineering, software, robots, cognitive science, future, universe, physics, brain, AI, gaming, math, neuroscience, TEDx, code, machine learning, aliens']",2202361.0
3609,Prumsodun Ok,[2892],1,1827865,"['performance, creativity, art, gender, dance, beauty, identity, TED Fellows']",1827865.0
3610,Punya Mishra,[109968],1,1652965,"['design, education, social change, parenting, success, teaching, kids']",1652965.0
3611,Péter Fankhauser,[1281],1,630398,"['technology, design, engineering, robots, creativity']",630398.0
3612,Qi Wu 吴琪,[72454],1,4143,[],4143.0
3613,Qi Zhang,[581],1,914554,"['technology, music, performance, TEDx']",914554.0
3614,Qiuqing Tai,[68727],1,372099,"['technology, media, social change, communication, social media, Internet']",372099.0
3615,Qudus Onikeku,[13830],1,186846,"['performance, Africa, dance']",186846.0
3616,Quixotic Fusion,[1464],1,1684083,"['culture, technology, entertainment, dance']",1684083.0
3617,Quyen Nguyen,[1302],1,1263004,"['science, technology, biotech, innovation, health care, cancer, biology, medicine, medical research, Surgery']",1263004.0
3618,R. Alan Brooks,[72494],1,2878514,"['social change, creativity, art, activism, society, TEDx, books']",2878514.0
3619,R. Luke DuBois,[2487],1,1375762,"['culture, computers, media, performance, software, creativity, art, illusion, time, visualizations, society, identity, Internet, data, algorithm, maps']",1375762.0
3620,R.A. Mashelkar,[991],1,764703,"['technology, design, industrial design, business, economics, india']",764703.0
3621,Rabbi Lord Jonathan Sacks,[2811],1,2310648,"['global issues, politics, social change, future, community, religion, personal growth, humanity, fear']",2310648.0
3622,Rabiaa El Garani,[50854],1,1818019,"['social change, war, personal growth, women, violence, crime, Middle East, TEDMED, sexual violence']",1818019.0
3623,Rach Ranton,[10569],1,18344,"['business, military, leadership']",18344.0
3624,Rachel Armstrong,[667],1,1421785,"['science, sustainability, technology, design, industrial design, architecture, art, biology, international development']",1421785.0
135,Alexa Meade,[1814],1,2893250,"['design, creativity, art, photography, painting']",2893250.0
3626,Rachel Kleinfeld,[55562],1,1337085,"['culture, social change, poverty, violence, humanity, society, vulnerability, equality']",1337085.0
3627,Rachel Kyte,[87482],1,1723291,"['climate change, environment, sustainability, business, government, Countdown']",1723291.0
3628,Rachel Pike,[682],1,1578741,"['climate change, environment, global issues, science, chemistry, weather']",1578741.0
3629,Rachel Sussman,[948],1,1819403,"['environment, nature, biology, photography, biodiversity, trees, fungi']",1819403.0
3630,Rachel Wurzman,[26076],1,2000105,"['science, social change, biology, community, brain, mental health, public health, neuroscience, TEDx, medical research, addiction, drugs']",2000105.0
3631,Rachelle Garniez,[115],1,501977,"['entertainment, music, performance']",501977.0
3632,Radhika Nagpal,[2870],1,1321158,"['science, innovation, robots, fish, future, insects, AI']",1321158.0
3633,Rafael Chiuzi,[156619],1,339319,"['business, collaboration, psychology, relationships, communication, work, TEDx, worklife']",339319.0
136,Alexander Belcredi,[27105],1,1702868,"['science, biotech, innovation, disease, health, biology, medicine, illness, bacteria, microbiology, virus, medical research, drugs']",1702868.0
138,Alexander Leitner,[54443],1,35896,"['philosophy, time, personal growth, productivity']",35896.0
3636,Raghuram Rajan,[53087],1,38480,"['business, community, government']",38480.0
3637,Rahul Mehrotra,[45466],1,2014705,"['sustainability, design, architecture, cities, urban planning, art, resources']",2014705.0
3638,Rahwa Ghirmatzion,[66881],1,1366605,"['climate change, environment, social change, community, activism, leadership, Countdown']",1366605.0
3639,Rainer Strack,[2144],1,2192892,"['global issues, business, work, productivity']",2192892.0
3640,Rainn Wilson,[83686],1,11511,"['climate change, humor, Countdown']",11511.0
3641,Raj Jayadev,[45045],1,1728988,"['social change, community, activism, law, crime, TEDx, justice system']",1728988.0
139,Alexander MacDonald,[37861],1,1825005,"['science, rocket science, history, storytelling, astronomy, universe, exploration, Moon, Planets, space, TED Fellows, TEDx']",1825005.0
3643,Raja Rajamannar,[140439],1,414822,"['culture, business, social change, marketing']",414822.0
3644,Rajeev Ronanki,[121093],1,15319,"['technology, design, health, creativity, work, AI, data, ethics']",15319.0
3645,Rajesh Rao,[1180],1,2523564,"['science, computers, history, language']",2523564.0
3646,Rajiv Maheswaran,[2294],1,2989932,"['technology, sports, visualizations, math']",2989932.0
3647,Ralph Chami,[98274],1,1701685,"['climate change, environment, science, business, economics, animals, nature, money, finance, conservation, Countdown']",1701685.0
3648,Ralph Langner,[1107],1,1744877,"['science, technology, computers, war, government, Middle East, nuclear energy']",1744877.0
3649,Ralph Nader,[67581],1,195139,"['environment, politics, transportation, activism, work, democracy, policy']",195139.0
3650,Ramanan Laxminarayan,[2132],1,1126209,"['global issues, economics, health, medicine, medical research, drugs']",1126209.0
3651,Ramesh Raskar,[1520],1,5738514,"['technology, invention, innovation, photography']",5738514.0
3652,Ramez Naam,[109100],1,1400463,"['technology, economics, future, energy, solar energy, wind energy, electricity, Countdown, renewable energy']",1400463.0
3653,Ramona Pierson,[1305],1,433639,"['culture, health care, storytelling, aging, medicine, self, TEDx']",433639.0
3654,Ramsey Musallam,[1731],1,3500293,"['science, technology, education, social change, creativity, curiosity, chemistry, teaching']",3500293.0
3655,Ramón Méndez Galain,[117838],1,720206,"['climate change, politics, science, sustainability, social change, energy, natural resources, Countdown, renewable energy']",720206.0
3656,Rana Abdelhamid,[37787],1,1992906,"['social change, gender, community, activism, women, society, identity']",1992906.0
3657,Rana Novack,[10369],1,14658,"['technology, data, immigration, refugees']",14658.0
3658,Rana el Kaliouby,[2279],1,1854674,"['technology, computers, psychology, compassion, emotions']",1854674.0
3659,Randall Munroe,[1993],1,4531445,"['science, computers, art, physics, comedy, humor, math, data']",4531445.0
3660,Randy Seriguchi Jr.,[128249],1,549258,"['collaboration, education, social change, race, work, TED-Ed']",549258.0
3661,Rania Bahaa,[20468],1,8996,"['environment, sustainability, society']",8996.0
3662,Ranveer Chandra,[21743],1,90928,"['technology, food, future, agriculture, data, farming']",90928.0
3663,Raphael Arar,[12498],1,1365173,"['technology, computers, art, future, AI, emotions']",1365173.0
3664,Raphael Rose,[36765],1,504631,"['health, psychology, success, personal growth, emotions']",504631.0
140,Alexander McLean,[19061],1,13469,"['Africa, society, prison']",13469.0
3666,Rasmus Ankersen,[99460],1,1635551,"['business, sports, success, decision-making, TEDx, data']",1635551.0
3667,Raspyni Brothers,[223],1,870267,"['entertainment, collaboration, physics, humor']",870267.0
141,Alexander Tsiaras,[1270],1,9148437,"['science, design, biotech, visualizations, medical research, medical imaging, pregnancy, human body, Best of the Web']",9148437.0
3669,Ravin Agrawal,[743],1,528608,"['design, art, future, Asia, india']",528608.0
3670,Ray Anderson,[547],1,1342028,"['environment, sustainability, technology, design, engineering, business, poetry']",1342028.0
3671,Ray Dalio,[2859],1,4508751,"['technology, business, collaboration, innovation, communication, leadership, work, personal growth, decision-making, algorithm, investing']",4508751.0
142,Alexander Tuerpitz,[3699],1,10617,"['business, community, leadership, work, society']",10617.0
3673,Ray Zahab,[586],1,398555,"['global issues, Antarctica']",398555.0
3674,Rayma Suprani,[57063],1,506536,"['media, creativity, art, humor, democracy, journalism, immigration']",506536.0
3675,Raymond Tang,[11008],1,4608914,"['philosophy, success, motivation, personal growth, water, humanity']",4608914.0
3676,Raymond Wang,[2391],1,1997351,"['science, design, engineering, invention, flight, transportation, innovation, health, physics, illness, bacteria']",1997351.0
3677,Read Montague,[1573],1,827131,"['science, economics, software, disease, cognitive science, psychology, biology, community, brain, decision-making, gaming, sociology, mental health, neuroscience, medical research, behavioral economics, code, medical imaging, drugs']",827131.0
143,Alexander Wagner,[2835],1,2010372,"['business, corruption, economics, motivation, society, TEDx, finance']",2010372.0
3679,Rebecca Collyer,[117489],1,738259,"['climate change, global issues, social change, philanthropy, energy, solar energy, wind energy, The Audacious Project, Countdown, renewable energy']",738259.0
3680,Rebecca Darwent,[109967],1,1063743,"['business, social change, community, race, philanthropy, humanity, money, equality']",1063743.0
3681,Rebecca Firth,[65136],1,1779026,"['global issues, technology, software, social change, natural disaster, Internet, data, infrastructure, The Audacious Project, international development, maps']",1779026.0
3682,Rebecca Galemba,[81821],1,1989194,"['business, economics, social change, United States, work, TEDx, immigration']",1989194.0
3683,Rebecca Henderson,[66817],1,1802285,"['climate change, environment, business, economics, innovation, leadership, capitalism, Countdown']",1802285.0
3684,Rebecca Knill,[59159],1,3150622,"['technology, design, social change, personal growth, society, disability, hearing']",3150622.0
3685,Rebecca Love,[30664],1,222342,"['science, design, health, health care, medicine']",222342.0
144,Alexandr Wang,[113936],1,1342945,"['technology, war, AI, drones, government']",1342945.0
3687,Rebecca McMackin,[127367],1,1322425,"['climate change, environment, science, design, animals, nature, personal growth, biodiversity, trees, ecology, plants, gardening, wildlife']",1322425.0
3688,Rebecca Newberger Goldstein,[1948],1,1196901,"['culture, psychology, philosophy, brain, consciousness']",1196901.0
145,Alexandra Auer,[60081],1,2173724,"['design, social change, community, humanity, society, identity, TEDx']",2173724.0
3690,Rebecca Saxe,[630],1,3622437,"['science, technology, brain, ethics']",3622437.0
3691,Rebekah Shirley,[107886],1,1313697,"['climate change, global issues, sustainability, business, Africa, future, energy, solar energy, finance, Countdown']",1313697.0
3692,Reed Hastings,[16913],1,2287076,"['culture, technology, business, education, innovation, creativity, art, film, algorithm, television']",2287076.0
3693,Reed J. Williams,[125620],1,519419,"['social change, community, photography, personal growth, family, identity, Transgender, LGBTQIA+']",519419.0
3694,Reed Kroloff,[318],1,339443,"['design, business, architecture, art, humor']",339443.0
3695,Reeps One,[89559],1,368974,"['music, performance, Countdown']",368974.0
146,Alexandra Sacks,[22701],1,2390868,"['science, health, psychology, biology, parenting, women, humanity, mental health, pregnancy, TED Residency, kids']",2390868.0
147,Alexandria Holder,[81664],1,37708,"['military, community, personal growth, self, identity, LGBTQIA+']",37708.0
3698,Regina Dugan,[1402],1,1821812,"['science, technology, design, engineering, invention, military, flight, rocket science, innovation, robots, health, nature, biology, biomimicry, community, product design, physics, prosthetics, drones, Vaccines, birds, neuroscience, Internet, weather, kids, nanotechnology']",1821812.0
3699,Regina Mossotti,[118313],1,13661,"['science, animals, biology, biodiversity, conservation']",13661.0
3700,Rei,[12459],1,624784,"['entertainment, music, performance']",624784.0
3701,Reid Hoffman,[121095],1,18636,"['technology, innovation, creativity, AI']",18636.0
3702,Renata Salecl,[2044],1,1692615,"['culture, social change, decision-making']",1692615.0
3703,Renata di Tullio,[29688],1,8689,"['global issues, science, sustainability, food, insects']",8689.0
3704,Renee Montgomery,[68976],1,1451016,"['business, community, activism, race, personal growth, inclusion, equality']",1451016.0
3705,Reniqua Allen,[38078],1,2285202,"['success, work, personal growth, diversity, equality']",2285202.0
148,Alexis Charpentier,[8422],1,1041494,"['culture, music, art, TEDx']",1041494.0
3707,Renzo Piano,[20259],1,1655393,"['culture, design, architecture, creativity, art, community, humanity, society, beauty']",1655393.0
149,Alexis Gambis,[49392],1,43874,"['science, art, film, TED Fellows']",43874.0
3709,Renée Lertzman,[57475],1,2260854,"['climate change, culture, environment, health care, psychology, personal growth, humanity, mental health, compassion, empathy, society, emotions']",2260854.0
3710,Reshma Saujani,[2448],1,6728673,"['computers, software, education, innovation, social change, future, motivation, personal growth, potential, women, code, teaching, kids, equality']",6728673.0
150,Alexis Jones,[21972],1,1130011,"['social change, gender, sports, women, sex, identity, sexual violence']",1130011.0
3712,Resson Kantai Duff,[89789],1,1602993,"['environment, social change, Africa, animals, nature, community, conservation']",1602993.0
3713,Reuben Jonathan Miller,[86167],1,1750195,"['social change, United States, law, prison, justice system']",1750195.0
3714,Reuben Margolin,[1435],1,722188,"['culture, design, nature, art']",722188.0
3715,Rev. Liz Theoharis,[41914],1,15242,"['social change, activism, ethics']",15242.0
3716,Rev. William Barber,[41914],1,15242,"['social change, activism, ethics']",15242.0
3717,Reza Varzidehkar,[111752],1,59916,"['business, entrepreneur, communication, community, work']",59916.0
3718,Rha Goddess,[87481],1,1793348,"['business, gender, race, work, women, women in business']",1793348.0
3719,Rhaina Cohen,[140318],1,659176,"['love, relationships, community, personal growth, friendship, emotions']",659176.0
3720,Rhiannon Giddens,[2795],1,1698668,"['entertainment, music, performance, history']",1698668.0
3721,Ric Elias,[1130],1,8914412,"['business, transportation, storytelling']",8914412.0
3722,Ricardo Coler,[97159],1,71192,"['TEDx, TED en Español']",71192.0
3723,Ricardo Iacub,[63280],1,870357,"['psychology, relationships, aging, sex, society, TEDx, TED en Español, emotions']",870357.0
3724,Ricardo Semler,[2182],1,4015653,"['business, creativity, philosophy, leadership, work']",4015653.0
3725,Riccardo Loconte,[144181],1,364351,"['technology, computers, psychology, communication, AI, artificial intelligence']",364351.0
3726,Riccardo Sabatini,[2490],1,2127130,"['science, technology, DNA, biotech, genetics, disease, health, nature, biology, future, medicine, potential, decision-making, humanity, identity, medical research, machine learning']",2127130.0
3727,Rich Benjamin,[2308],1,2891042,"['culture, race, United States']",2891042.0
3728,Rich Powell,[122192],1,661040,"['climate change, environment, politics, sustainability, business, social change, energy, policy, electricity, Countdown, renewable energy']",661040.0
3729,Richard Baraniuk,[25],1,1170732,"['culture, global issues, technology, business, software, collaboration, library']",1170732.0
3730,Richard Bona,[46579],1,925859,"['music, performance']",925859.0
3731,Richard Branson,[181],1,2030672,"['global issues, technology, business, entrepreneur, flight, entertainment, music, interview, space']",2030672.0
3732,Richard Browning,[2804],1,2433175,"['technology, design, engineering, invention, entrepreneur, flight, collaboration, innovation, future, demo, motivation, potential']",2433175.0
151,Alexis Nikole Nelson,[92611],1,2288248,"['sustainability, food, health, plants, fungi, veganism']",2288248.0
3734,Richard J. Berry,[2840],1,1432980,"['cities, social change, community, poverty, society, TEDx, government, homelessness']",1432980.0
3735,Richard Ledgett,[1952],1,1298012,"['culture, global issues, law, government, surveillance, encryption']",1298012.0
3736,Richard Neville,[20469],1,32576,"['education, brain, kids']",32576.0
3737,Richard Preston,[409],1,838081,"['science, nature, exploration, writing, trees, fungi']",838081.0
3738,Richard Pyle,[471],1,476851,"['science, technology, fish, biodiversity, exploration, fear, marine biology, ocean']",476851.0
3739,Richard Reeves,[113678],1,1251693,"['education, social change, gender, community, policy, teaching, kids']",1251693.0
3740,Richard Resnick,[1223],1,1107973,"['science, technology, DNA, biotech, health care, TEDx, bioethics']",1107973.0
3741,Richard Sears,[862],1,724952,"['science, sustainability, technology, energy, exploration, renewable energy']",724952.0
3742,Richard Seymour,[1243],1,1206439,"['design, art, happiness, beauty']",1206439.0
3743,Richard Socher,[121096],1,20060,"['technology, computers, future, language, AI, humanity, machine learning']",20060.0
152,Alexis Ohanian,[714],1,2430299,"['culture, business, entrepreneur, entertainment, animals, Internet, ocean']",2430299.0
3745,Richard Thompson Ford,[83167],1,1731022,"['culture, design, social change, history, society, fashion']",1731022.0
3746,Richard Turere,[1699],1,3281397,"['technology, biodiversity, agriculture']",3281397.0
3747,Richard Weller,[1648],1,1258827,"['environment, science, disease, health, health care, biology, medicine, illness, chemistry, TEDx, medical research, human body, heart']",1258827.0
153,Alexis Powell-Howard,[104364],1,137289,"['psychology, mental health, empathy, emotions, Life']",137289.0
3749,Rick Doblin,[44372],1,4278898,"['science, health, health care, medicine, brain, depression, mental health, chemistry, neuroscience, medical research, PTSD, drugs']",4278898.0
3750,Rick Falkvinge,[1407],1,233832,"['global issues, politics, technology, TEDx, Internet']",233832.0
3751,Rick Guidotti,[1439],1,215612,"['global issues, race, photography, beauty, fashion, TEDx']",215612.0
3752,Rick Warren,[71],1,4464475,"['culture, religion, philanthropy, leadership, happiness, Christianity, motivation']",4464475.0
3753,Riitta Ikonen,[65878],1,183552,"['nature, creativity, art, storytelling, photography, humanity']",183552.0
3754,Riley Moynes,[98843],1,1639319,"['psychology, personal growth, decision-making, TEDx, mindfulness, goals']",1639319.0
3755,Risa Wechsler,[53297],1,978780,"['science, technology, astronomy, universe, physics, energy, space, Big Bang, dark matter']",978780.0
3756,Rishi Manchanda,[2076],1,2457580,"['health, health care']",2457580.0
3757,Rita Pierson,[1728],1,16879861,"['education, motivation, teaching, kids']",16879861.0
154,Ali Carr-Chellman,[1053],1,1545395,"['technology, education, psychology, gaming, violence, TEDx, bullying, kids']",1545395.0
3759,Rob Bredow,[148343],1,519661,"['technology, entertainment, media, innovation, creativity, art, storytelling, film, AI, artificial intelligence']",519661.0
3760,Rob Cooke,[60479],1,3059610,"['business, economics, communication, work, work-life balance']",3059610.0
3761,Rob Dunbar,[954],1,680253,"['science, technology, Mission Blue, Antarctica, ocean']",680253.0
3762,Rob Forbes,[431],1,454716,"['design, business, photography, exploration, beauty']",454716.0
3763,Rob Harmon,[1093],1,724897,"['environment, global issues, sustainability, business, innovation, nature, water, TEDx, rivers']",724897.0
3764,Rob Hopkins,[696],1,992450,"['environment, sustainability, technology, cities, future, energy, pollution, infrastructure']",992450.0
3765,Rob Knight,[2201],1,2334707,"['health, biology, TED Books']",2334707.0
3766,Rob Legato,[1524],1,2097199,"['culture, entertainment, creativity, art, history, film']",2097199.0
155,Ali Hajimiri,[112606],1,1362997,"['climate change, science, technology, innovation, future, energy, space, solar energy, solar system']",1362997.0
3768,Rob Toews,[120762],1,806274,"['global issues, science, technology, china, AI, international relations']",806274.0
3769,Rob Wang,[86973],1,74624,"['health, gender, depression, mental health, suicide']",74624.0
3770,Robb Willer,[2669],1,3019203,"['politics, social change, psychology, communication, language, personal growth, humanity, empathy, society, identity, democracy, TEDx, government, ethics']",3019203.0
3771,Robert Ballard,[264],1,1811964,"['science, education, animals, fish, biodiversity, exploration, ocean']",1811964.0
3772,Robert C. Green,[155035],1,292679,"['science, technology, DNA, genetics, disease, health, health care, cancer, medicine, AI, public health, medical research, kids']",292679.0
3773,Robert Fischell,[57],1,569101,"['science, technology, invention, business, disease, health care, TED Prize, medicine']",569101.0
156,Ali Kashani,[64912],1,1945781,"['climate change, technology, industrial design, business, transportation, innovation, robots, food, consumerism, AI']",1945781.0
3775,Robert Gordon,[1719],1,1316434,"['global issues, technology, economics, innovation']",1316434.0
157,Ali Noorani,[93675],1,1652811,"['social change, communication, community, United States, TEDx, immigration, human rights']",1652811.0
3777,Robert Gupta + Joshua Roman,[1156],1,945331,"['entertainment, performance, collaboration, creativity, TED Fellows']",945331.0
3778,Robert Hakiza,[10378],1,994237,"['global issues, social change, Africa, community, personal growth, humanity, society, identity, TED Fellows, refugees']",994237.0
3779,Robert Hammond,[1182],1,979820,"['culture, architecture, cities, activism, public space']",979820.0
3780,Robert Katzschmann,[98701],1,1445102,"['science, technology, engineering, invention, robots, nature, TED Fellows']",1445102.0
3781,Robert Lang,[321],1,2971952,"['design, engineering, art, space, math']",2971952.0
158,Alice Bows-Larkin,[2339],1,1350724,"['climate change, global issues, science, sustainability, economics, social change, future, energy, pollution, policy, infrastructure']",1350724.0
159,Alice Dreger,[1166],1,1351331,"['culture, gender, TEDx']",1351331.0
3784,Robert Prill,[9502],1,9475,"['science, food, biology']",9475.0
3785,Robert Sapolsky,[2779],1,2906346,"['science, genetics, nature, biology, war, motivation, brain, violence, society, neuroscience, personality, human body']",2906346.0
3786,Robert Strong,[121097],1,6366,"['technology, performance, comedy, AI, humor, magic']",6366.0
3787,Robert Swan,[2165],1,1119590,"['climate change, environment, exploration, Antarctica']",1119590.0
160,Alice Goffman,[2247],1,2355858,"['culture, race, violence, crime, prison, justice system, equality']",2355858.0
3789,Robert Waldinger,[2399],1,51130402,"['health, relationships, aging, time, happiness, humanity, society, TEDx, data, work-life balance, friendship']",51130402.0
161,Alice Gorman,[37870],1,54285,"['culture, science, history, space, archaeology']",54285.0
3791,Roberto D'Angelo + Francesca Fedeli,[1796],1,1295221,"['health care, parenting, kids']",1295221.0
162,Alice Pailhès,[66563],1,412920,"['psychology, brain, decision-making, magic']",412920.0
3793,Robin Hanson,[2858],1,1512681,"['science, technology, economics, computers, innovation, robots, future, AI, humanity, society']",1512681.0
163,Alice Rawsthorn,[2493],1,1212668,"['design, innovation, future, history, communication, product design, public health, journalism, graphic design']",1212668.0
3795,Robin Hooker,[23324],1,10193,"['collaboration, innovation, creativity']",10193.0
3796,Robin Ince,[1276],1,863310,"['science, entertainment, philosophy, time, comedy, humor']",863310.0
3797,Robin Kramer,[120286],1,821121,"['psychology, personal growth, brain, self, TEDx, emotions']",821121.0
3798,Robin Morgan,[2336],1,1109495,"['disease, health, poetry, aging, personal growth']",1109495.0
3799,Robin Murphy,[2318],1,1241836,"['technology, engineering, robots, natural disaster']",1241836.0
3800,Robin Nagle,[1858],1,1864353,"['culture, business, anthropology, public health']",1864353.0
164,Alicia Chong Rodriguez,[81338],1,1959368,"['technology, health, health care, women, TED Fellows, medical research, heart']",1959368.0
3802,Robyn Stein DeLuca,[2214],1,1635340,"['psychology, women, depression, TEDx']",1635340.0
3803,Rochelle King,[5141],1,138014,"['design, music, marketing, product design, data, UX design']",138014.0
3804,Rocío Lorenzo,[3585],1,2507735,"['business, collaboration, innovation, creativity, gender, leadership, work, women, women in business, society, data, diversity']",2507735.0
3805,Rodin Lyasoff,[19322],1,1701768,"['technology, engineering, invention, entrepreneur, flight, cities, urban planning, innovation, future, drones']",1701768.0
165,Alicia Eggert,[56959],1,253212,"['culture, collaboration, creativity, art, TED Fellows']",253212.0
3807,Rodney Mullen,[1479],1,3709859,"['software, collaboration, innovation, TEDx']",3709859.0
3808,Rodrigo,[2684],1,3248990,"['entertainment, music, performance']",3248990.0
3809,Rodrigo Bijou,[2398],1,1475832,"['technology, military, computers, future, communication, activism, terrorism, war, violence, Internet, government, data, policy, surveillance, encryption']",1475832.0
3810,Rodrigo Canales,[1859],1,2582576,"['global issues, business, innovation, terrorism, drugs']",2582576.0
3811,Roger Antonsen,[2620],1,4464276,"['music, education, nature, art, philosophy, communication, universe, visualizations, math, beauty, TEDx']",4464276.0
3812,Roger Doiron,[1306],1,513706,"['culture, global issues, sustainability, food, TEDx, gardening']",513706.0
3813,Roger Ebert,[1121],1,1359151,"['culture, communication, community']",1359151.0
3814,Roger Hanlon,[41764],1,1012608,"['science, animals, nature, evolution, biology, brain, marine biology, ocean']",1012608.0
3815,Roger Hu,[145335],1,378663,"['business, entrepreneur, food, leadership, china']",378663.0
3816,Roger McNamee,[1268],1,409860,"['technology, business, future, TEDx, Internet, investing']",409860.0
3817,Roger Stein,[1901],1,980040,"['business, cancer, medicine, medical research, finance, drugs']",980040.0
3818,Rogier van der Heide,[1098],1,670867,"['design, architecture, TEDx']",670867.0
3819,Rohan Pavuluri,[76217],1,1631544,"['technology, economics, education, social change, law, TED Fellows, money, finance']",1631544.0
166,Alicia Garza,[2634],1,1552900,"['media, collaboration, social change, gender, history, communication, community, activism, race, poverty, humanity, society, identity, social media, immigration, equality']",1552900.0
3821,Rola Hallam,[15553],1,1223719,"['entrepreneur, social change, health, health care, war, medicine, violence, humanity, society, TED Fellows, Internet, Middle East']",1223719.0
3822,Romain Lacombe,[38297],1,1922058,"['climate change, environment, science, sustainability, technology, design, invention, pollution, TED Fellows, Anthropocene']",1922058.0
3823,Romaine Seguin,[12983],1,23810,"['global issues, poverty, finance']",23810.0
167,Alicia Malone,[61548],1,43381,"['social change, film, leadership, women']",43381.0
3825,Roman Mars,[2253],1,7149395,"['design, cities, product design, humor, government']",7149395.0
3826,Romina Libster,[2185],1,828840,"['science, health, health care, medicine, illness, virus, TEDx, TED en Español']",828840.0
3827,Romulus Whitaker,[728],1,541559,"['environment, animals, biodiversity, water, india, ecology']",541559.0
3828,Ron Eglash,[198],1,1888366,"['culture, technology, design, architecture, Africa, math']",1888366.0
3829,Ron Finley,[1685],1,4632192,"['culture, social change, food, health, agriculture, gardening']",4632192.0
3830,Ron Gutman,[1143],1,6618656,"['culture, science, happiness, society, body language, emotions']",6618656.0
3831,Ron McCallum,[1818],1,760427,"['technology, design, decision-making, TEDx, sight, disability, books, blindness']",760427.0
3832,Ronald Murray,[31361],1,185732,"['performance, art, dance, race, LGBTQIA+']",185732.0
3833,Ronald Rael,[35497],1,1687629,"['politics, architecture, social change, art, community, United States, humanity, society, immigration']",1687629.0
3834,Ronald Sullivan,[2831],1,961187,"['social change, United States, law, society, TEDx, justice system, equality']",961187.0
3835,Ronny Edry,[1636],1,2166699,"['global issues, design, TEDx, Middle East']",2166699.0
3836,Rory Bremner,[706],1,1243293,"['global issues, politics, performance, comedy, humor, government']",1243293.0
168,Aline Sousa,[133187],1,441767,"['climate change, environment, global issues, sustainability, social change, work, Countdown']",441767.0
169,Alisa Kazarina,[50057],1,27637,"['science, health, microbiology, archaeology, human body']",27637.0
3839,Rosalind G. Brewer,[69383],1,1754265,"['business, innovation, race, leadership, work, diversity, inclusion']",1754265.0
3840,Rosalind Picard,[38072],1,2067407,"['science, technology, innovation, health, health care, AI, TEDx, medical research']",2067407.0
3841,Rosamund Adoo-Kissi-Debrah,[86764],1,1737371,"['climate change, environment, disease, health, activism, pollution, illness, public health, government, policy, human rights, Countdown, kids']",1737371.0
3842,Rosanne Cash,[89568],1,1735359,"['music, performance, art']",1735359.0
3843,Rosanne Haggerty,[136307],1,6533,"['cities, social change, future, community, poverty']",6533.0
3844,Rosario Perazolo Masjoan,[60184],1,90482,"['innovation, activism, society, disability']",90482.0
170,Alisa Miller,[248],1,2375254,"['global issues, business, economics, entertainment, media, journalism']",2375254.0
3846,Rose Goslinga,[2065],1,773260,"['global issues, Africa, agriculture, finance']",773260.0
171,Alison Darcy,[148347],1,367689,"['psychology, communication, AI, mental health, society']",367689.0
3848,Roselinde Kaiser,[53581],1,213685,"['health, brain, depression, mental health, youth']",213685.0
3849,Roselinde Torres,[1930],1,7484188,"['business, leadership, motivation, women in business']",7484188.0
3850,Rosie King,[2136],1,3243413,"['activism, youth, disability, Autism spectrum disorder']",3243413.0
3851,Rosie Sargeant,[145336],1,424585,"['business, future, leadership, happiness, work, work-life balance']",424585.0
3852,Rosita Najmi,[122058],1,861278,"['business, leadership, language, work, personal growth, women in business']",861278.0
3853,Ross Lovegrove,[27],1,1367710,"['design, industrial design, invention, DNA, nature, creativity, biology, product design']",1367710.0
3854,Rowan Fitzpatrick,[10578],1,2966,"['music, performance']",2966.0
3855,Roxane Gay,[2284],1,2171047,"['gender, women, identity, feminism']",2171047.0
3856,Roy Bahat,[33880],1,2249332,"['technology, business, social change, future, work, AI, humanity, society, machine learning']",2249332.0
3857,Roy Gould + Curtis Wong,[224],1,1165682,"['science, technology, collaboration, astronomy, universe, demo, telescopes']",1165682.0
3858,Roz Savage,[844],1,730274,"['global issues, entertainment, goals, ocean']",730274.0
3859,RuPaul Charles,[134464],1,485891,"['entertainment, creativity, art, motivation, personal growth, self, identity, TV']",485891.0
3860,Ruby Sales,[29949],1,1828712,"['culture, social change, history, community, activism, race, United States, society, identity, equality']",1828712.0
3861,Ruby Wax,[1584],1,3223507,"['culture, entertainment, evolution, activism, brain, comedy, mental health, humor, society']",3223507.0
3862,Ruchi Shah,[23314],1,17790,"['business, entrepreneur, community']",17790.0
3863,Rufus Griscom + Alisa Volkman,[1036],1,2717247,"['culture, entertainment, communication, sex, Internet, kids']",2717247.0
3864,Rufus Wainwright,[64792],1,18908,"['music, performance']",18908.0
3865,Ruha Benjamin,[119531],1,852526,"['technology, social change, health care, future, AI, humanity, data']",852526.0
3866,Rumman Chowdhury,[131494],1,546845,"['technology, computers, software, innovation, AI, society, policy']",546845.0
3867,Rupal Patel,[1928],1,1042097,"['science, technology, engineering, biotech, music, innovation, biomimicry, communication, prosthetics, self, identity, sound, disability, hearing']",1042097.0
3868,Russ Altman,[2436],1,1871286,"['science, innovation, health, health care, medicine, potential, illness, depression, curiosity, Internet, data, medical research, TEDMED, drugs']",1871286.0
3869,Russell Foster,[1810],1,9102192,"['science, memory, health, cognitive science, biology, brain, consciousness, mental health, neuroscience']",9102192.0
3870,Russell Wilson,[64206],1,3006839,"['sports, motivation, personal growth, self, goals']",3006839.0
3871,Rutger Bregman,[2785],1,4337159,"['economics, social change, work, society, money, policy, capitalism, resources, equality']",4337159.0
3872,Ruth Chang,[2023],1,10107876,"['philosophy, decision-making']",10107876.0
3873,Ryah Whalen,[91711],1,1667724,"['climate change, environment, technology, innovation, travel, Countdown']",1667724.0
3874,Ryan Gersava,[99177],1,1415288,"['social change, work, personal growth, humanity, disability, inclusion, human rights']",1415288.0
3875,Ryan Gilliam,[146336],1,346741,"['climate change, environment, sustainability, pollution, infrastructure, Countdown']",346741.0
3876,Ryan Gravel,[2636],1,923885,"['environment, design, cities, urban planning, infrastructure, gardening']",923885.0
3877,Ryan Heffington,[97411],1,1716352,"['entertainment, music, performance, creativity, dance, personal growth']",1716352.0
3878,Ryan Holladay,[1903],1,1387476,"['technology, entertainment, music, TED Fellows']",1387476.0
3879,Ryan Lobo,[713],1,620382,"['art, storytelling, war, photography, Asia, humanity, india']",620382.0
172,Alison Gopnik,[1241],1,5705087,"['culture, education, psychology, brain, kids']",5705087.0
3881,Ryan Merkley,[1581],1,749686,"['technology, computers, software, Internet, UX design']",749686.0
3882,Ryan Panchadsaram,[83767],1,1823651,"['climate change, sustainability, technology, innovation, leadership, energy, Countdown']",1823651.0
3883,Ryan Pfluger,[4854],1,74210,"['creativity, art, relationships, photography, humanity']",74210.0
3884,Ryan Phelan,[81461],1,1825340,"['climate change, environment, biotech, genetics, animals, biology, conservation, synthetic biology']",1825340.0
3885,Ryan Pullen,[125796],1,636857,"['technology, computers, innovation, humanity, TEDx, cyber security']",636857.0
3886,Rébecca Kleinberger,[5990],1,4229966,"['science, music, communication, self, humanity, TEDx, sound, hearing, human body']",4229966.0
3887,Saad Bhamla,[107256],1,1318453,"['science, nature, biology, insects, curiosity, ecology']",1318453.0
3888,Saamra Mekuria-Grillo,[130446],1,529753,"['business, entrepreneur, social change, community, race, leadership, success, personal growth, equality']",529753.0
3889,Sabine Doebel,[38075],1,4987895,"['science, cognitive science, motivation, brain, neuroscience, TEDx, kids']",4987895.0
3890,Sadasivan Shankar,[19784],1,7534,"['science, technology, computers']",7534.0
3891,Safeena Husain,[48104],1,1923339,"['technology, education, social change, gender, community, activism, india, teaching, The Audacious Project, kids']",1923339.0
3892,Safi Rauf,[94837],1,1734027,"['global issues, politics, food, medicine, humanity, prison, human rights']",1734027.0
3893,Safiya Sinclair,[143341],1,278752,"['nature, creativity, poetry, writing, gardening']",278752.0
3894,Safwat Saleem,[2539],1,1839113,"['design, media, music, art, communication, language, comedy, humor, society, identity, fear, TED Fellows, Internet, bullying, animation']",1839113.0
3895,Sagar Goel,[131255],1,525182,"['technology, business, work, AI, humanity, tech']",525182.0
3896,Sahar Zand,[113605],1,1121233,"['social change, gender, activism, women, humanity, TEDx, Middle East, human rights']",1121233.0
3897,Sahil Sethi,[18813],1,11465,"['business, economics, capitalism']",11465.0
3898,Sajay Samuel,[2523],1,1423887,"['culture, economics, education, work, decision-making, society, TEDx, investing']",1423887.0
3899,Sakena Yacoobi,[2337],1,1671200,"['education, activism, women, Middle East, equality']",1671200.0
3900,Saket Soni,[128041],1,485964,"['climate change, social change, communication, community, activism, natural disaster, democracy, immigration']",485964.0
3901,Saki Mafundikwa,[1807],1,834321,"['culture, design, Africa, language, writing']",834321.0
173,Alison Jackson,[210],1,760210,"['culture, entertainment, art, photography']",760210.0
175,Alison Ledgerwood,[20088],1,7776251,"['cognitive science, psychology, communication, personal growth, self, identity, personality']",7776251.0
3904,Saleem Ali,[133752],1,499283,"['climate change, environment, global issues, sustainability, community, war, natural resources']",499283.0
3905,Salil Dudani,[2675],1,1228187,"['corruption, activism, terrorism, poverty, crime, prison, TEDx, government, justice system']",1228187.0
176,Alison Quirk,[19138],1,11320,"['Africa, family, youth']",11320.0
3907,Sally Murphy,[87465],1,8019,"['history, storytelling, women, inclusion, Life']",8019.0
3908,Salome Agbaroji,[148409],1,269253,"['social change, poetry, AI, machine learning']",269253.0
3909,Salvatore Cali,[119599],1,671289,"['business, economics, innovation, leadership, work, motivation']",671289.0
3910,Salvatore Iaconesi,[2303],1,1204526,"['science, software, health, cancer, art, community, brain, empathy, TED Fellows, Internet']",1204526.0
3911,Sam Afoullouss,[89768],1,2011953,"['science, medicine, water, chemistry, TEDx, medical research, conservation, marine biology, ocean']",2011953.0
3912,Sam Altman,[148296],1,2489769,"['technology, computers, media, AI, Internet, data, machine learning']",2489769.0
3913,Sam Berns,[13587],1,49575267,"['happiness, motivation, personal growth, self']",49575267.0
3914,Sam Gregory,[122245],1,830944,"['technology, corruption, media, social change, future, AI, democracy, journalism']",830944.0
177,Alison Sander,[4144],1,60090,"['technology, business, society, social media, Internet']",60090.0
3916,Sam Hester,[86567],1,1937616,"['health, health care, creativity, art, communication, medicine, TEDx']",1937616.0
178,Alix Generous,[2310],1,2203419,"['science, social change, communication, mental health, empathy, identity, neuroscience, sleep, Autism spectrum disorder']",2203419.0
3918,Sam Martin,[654],1,985263,"['culture, design, entertainment, architecture, identity, books']",985263.0
3919,Sam Richards,[1125],1,1963154,"['culture, global issues, war, sociology, empathy, society, TEDx, Middle East']",1963154.0
3920,Sam Rodriques,[5451],1,1758542,"['science, technology, innovation, biology, future, brain, humanity, neuroscience, TEDx, medical research']",1758542.0
3921,Sam Van Aken,[49163],1,709408,"['environment, nature, art, community, biodiversity, trees, botany, ecology, plants, natural resources']",709408.0
3922,Sam Wang,[136913],1,505692,"['politics, science, social change, United States, democracy, neuroscience, government']",505692.0
3923,Samantha Nutt,[2515],1,1164279,"['global issues, business, economics, death, Africa, community, activism, war, violence, humanity, society, kids, equality']",1164279.0
3924,Samantha Power,[395],1,629842,"['global issues, politics, communication, terrorism, war, ethics']",629842.0
3925,Samar Ali,[126570],1,570310,"['global issues, politics, social change, communication, community, activism, United States, democracy, government']",570310.0
3926,Samir Ibrahim,[95655],1,1594219,"['climate change, music, social change, art, activism, society, Countdown']",1594219.0
3927,Samora Pinderhughes,[158574],1,17802,"['entertainment, music, performance, emotions']",17802.0
3928,Samuel Cohen,[2340],1,2758068,"[""health, aging, medicine, neuroscience, medical research, Alzheimer's""]",2758068.0
3929,Samy Nour Younes,[36659],1,2164936,"['culture, social change, history, activism, society, identity, Transgender, TED Residency, equality, LGBTQIA+']",2164936.0
3930,Sana Amanat,[27952],1,99825,"['culture, design, media, art']",99825.0
3931,Sandeep Jauhar,[48848],1,4481444,"['science, biology, humanity, medical research, human body, emotions, heart']",4481444.0
3932,Sandersan Onie,[115681],1,933751,"['technology, health, marketing, depression, mental health, suicide, public health, social media, TEDx, data, Life']",933751.0
3933,Sandi Toksvig,[2628],1,1017718,"['global issues, politics, social change, gender, history, activism, motivation, personal growth, women, society, government, feminism, equality']",1017718.0
3934,Sandra Aamodt,[1900],1,5450814,"['health, neuroscience, mindfulness']",5450814.0
3935,Sandra Fisher-Martins,[1263],1,381154,"['culture, design, language, law, TEDx']",381154.0
3936,Sandra Rey,[3584],1,23718,"['design, biology, pollution, microbiology']",23718.0
3937,Sandrine Dixson-Declève,[84122],1,12944,"['climate change, science, sustainability, innovation, leadership, Countdown, renewable energy']",12944.0
3938,Sandrine Thuret,[2342],1,14969479,"['science, memory, health, biology, aging, brain, mental health, neuroscience, medical research']",14969479.0
3939,Sanford Biggers,[2496],1,1303431,"['culture, global issues, social change, Africa, creativity, art, activism, race, motivation, visualizations, Buddhism, society, beauty, identity, TED Fellows, Slavery, equality']",1303431.0
3940,Sangeeta Bhatia,[2498],1,972696,"['science, technology, biotech, innovation, disease, health, health care, cancer, future, medicine, potential, illness, medical research']",972696.0
180,Allan Jones,[1267],1,1461545,"['science, technology, DNA, biotech, genetics, disease, cognitive science, biology, brain, visualizations, mental health, neuroscience, medical research, medical imaging, human body']",1461545.0
3942,Sanjay Dastoor,[1704],1,1988946,"['technology, transportation']",1988946.0
3943,Sanjay Pradhan,[1599],1,537801,"['global issues, economics, software, data, international development']",537801.0
3944,Sara DeWitt,[2894],1,1916095,"['technology, media, education, future, communication, family, kids']",1916095.0
3945,Sara Giusto,[137145],1,532765,"['culture, technology, design, computers, storytelling, communication, AI, social media, fashion, machine learning, emotions']",532765.0
3946,Sara Jones,[62085],1,2139869,"['social change, race, family, identity, TEDx, kids']",2139869.0
3947,Sara Lewis,[2001],1,1068327,"['evolution, biology, insects']",1068327.0
3948,Sara Lomelin,[97791],1,1539278,"['social change, community, activism, philanthropy, leadership, society, inclusion']",1539278.0
3949,Sara Menker,[2898],1,1905551,"['global issues, economics, food, Africa, future, society, agriculture, data, farming, investing']",1905551.0
3950,Sara Ramirez,[2701],1,1319834,"['entertainment, music, performance']",1319834.0
3951,Sara Sanford,[58018],1,2472933,"['business, gender, work, TEDx, data']",2472933.0
3952,Sara Seager,[2260],1,1596011,"['science, astronomy, universe, exploration, Planets, space, data, ecology, solar system, telescopes, astrobiology']",1596011.0
3953,Sara Valencia Botto,[46462],1,914818,"['psychology, communication, parenting, decision-making, self, empathy, society, TEDx, youth, emotions, kids']",914818.0
3954,Sara-Jane Dunn,[50959],1,2692377,"['science, technology, DNA, biotech, genetics, health, biology, future, medicine, medical research, synthetic biology']",2692377.0
3955,Sarah Aviram,[117417],1,880180,"['business, psychology, work, motivation, TEDx, work-life balance']",880180.0
3956,Sarah Barmak,[32269],1,2668517,"['culture, science, relationships, women, sex, society, TEDx, human body']",2668517.0
3957,Sarah Bergbreiter,[2170],1,1752188,"['technology, engineering, robots']",1752188.0
3958,Sarah Blaffer Hrdy,[148353],1,353293,"['culture, technology, collaboration, social change, evolution, relationships, parenting, anthropology']",353293.0
3959,Sarah Brosnan,[70091],1,1550285,"['science, animals, primates, evolution, psychology, decision-making, humanity']",1550285.0
3960,Sarah Cairns-Smith,[5142],1,11915,"['technology, economics, innovation, communication, society, Internet, infrastructure, farming']",11915.0
3961,Sarah Corbett,[3631],1,1316108,"['social change, creativity, art, community, activism, society, TEDx, personality']",1316108.0
3962,Sarah Crawford-Bohl,[148277],1,615209,"['communication, leadership, work, personal growth, TEDx']",615209.0
3963,Sarah Donnelly,[13217],1,1015192,"['disease, health, cancer, community, work, personal growth, illness, work-life balance']",1015192.0
3964,Sarah Dudas,[15640],1,108229,['global issues'],108229.0
3965,Sarah Edmondson,[125965],1,1139838,"['culture, social change, relationships, communication, community, personal growth, TEDx']",1139838.0
3966,Sarah Elizabeth Charles,[128625],1,55584,"['entertainment, music, performance']",55584.0
3967,Sarah Ellis,[77145],1,2027752,"['business, work, personal growth, TEDx']",2027752.0
3968,Sarah Gray,[2492],1,1597305,"['science, death, parenting, medicine, decision-making, family, medical research, TEDMED, kids']",1597305.0
3969,Sarah Guo,[121098],1,29492,"['technology, business, AI, money, finance, machine learning']",29492.0
3970,Sarah J. Doherty,[129956],1,498225,"['climate change, environment, science, technology, health, pollution, Countdown, tech']",498225.0
181,Allan Savory,[1683],1,9073703,"['climate change, sustainability, agriculture']",9073703.0
3972,Sarah Kaminsky,[1120],1,698045,"['culture, global issues, entertainment, history, storytelling, war, TEDx']",698045.0
182,Allison Hunt,[149],1,661076,"['culture, health care, marketing, medicine']",661076.0
3974,Sarah Kessans,[49450],1,46730,"['science, engineering, food, future, space']",46730.0
3975,Sarah Klein,[31238],1,12700,"['science, health']",12700.0
3976,Sarah Kurnick,[72994],1,1894575,"['technology, media, social change, history, ancient world, TEDx, archaeology, aliens']",1894575.0
3977,Sarah Lake,[137924],1,597190,"['climate change, food, health, humanity, plants, Countdown']",597190.0
3978,Sarah Lewis,[1978],1,3106600,"['art, motivation, personal growth']",3106600.0
3979,Sarah Longwell,[124931],1,624072,"['politics, social change, communication, community, United States, democracy, government']",624072.0
3980,Sarah Montana,[16014],1,1266951,"['storytelling, personal growth, violence, humanity']",1266951.0
3981,Sarah Murray,[13464],1,1199651,"['design, business, entrepreneur, architecture, urban planning, gaming, homelessness']",1199651.0
183,Allison O'Brien,[146331],1,321888,"['love, relationships, communication, parenting, TEDx']",321888.0
3983,Sarah Rugheimer,[76219],1,1772216,"['science, space, microbiology, TED Fellows, microbes, aliens']",1772216.0
3984,Sarah Sze,[49358],1,387080,"['culture, engineering, memory, creativity, art, time']",387080.0
3985,Sarah T. Stewart,[36416],1,3268792,"['science, technology, nature, universe, Moon, Planets, space, chemistry, data, solar system']",3268792.0
3986,Sarah Willersdorf,[5153],1,68386,"['technology, business, marketing']",68386.0
3987,Sarah-Jayne Blakemore,[1563],1,4553351,"['science, cognitive science, biology, parenting, aging, brain, consciousness, sociology, neuroscience, youth, medical imaging, kids']",4553351.0
3988,Sarina Petersen,[148197],1,423054,"['culture, media, parenting, humor, family, TEDx, kids, TV']",423054.0
3989,Sarvesh Subramanian,[39384],1,46141,"['climate change, global issues, technology, data, youth']",46141.0
3990,Sasa Vucinic,[75],1,710776,"['culture, global issues, business, media, philanthropy, investing']",710776.0
3991,Sasha Luccioni,[119420],1,2377066,"['environment, sustainability, technology, future, AI, data']",2377066.0
3992,Sasha Sarago,[79768],1,1712055,"['culture, social change, race, personal growth, society, beauty, TEDx, indigenous peoples']",1712055.0
3993,Sathya Raghu Mokkapati,[82056],1,1781668,"['climate change, technology, innovation, food, TED Fellows, agriculture, india, farming, Countdown']",1781668.0
184,Allyson Felix,[90954],1,2100990,"['business, social change, parenting, sports, self, equality']",2100990.0
3995,Sauti Sol,[12803],1,354257,"['entertainment, music, performance, Africa']",354257.0
3996,Sayu Bhojwani,[2596],1,1077002,"['politics, social change, community, United States, motivation, society, identity, democracy, government, immigration, india']",1077002.0
3997,Scarlet Keys,[141086],1,592496,"['music, performance, memory, art, TEDx, emotions']",592496.0
3998,Schuyler Bailar,[34675],1,31449,[],31449.0
3999,Scilla Elworthy,[1542],1,1325256,"['global issues, activism, terrorism, war, violence, TEDx']",1325256.0
4000,Scott Dinsmore,[2332],1,7881128,"['business, entrepreneur, happiness, work, TEDx, work-life balance']",7881128.0
4001,Scott Fitsimones,[95709],1,1670547,"['technology, business, cities, urban planning, social change, future, democracy, money, blockchain, equality']",1670547.0
4002,Scott Fraser,[1560],1,1620642,"['global issues, science, memory, cognitive science, psychology, brain, law, crime, prison, neuroscience, TEDx, sight, government, forensics']",1620642.0
185,Almudena Toral,[76221],1,1847645,"['storytelling, film, humanity, mental health, TED Fellows, immigration']",1847645.0
4004,Scott Loarie,[148410],1,438467,"['climate change, environment, science, technology, social change, animals, nature, biodiversity, conservation, ecology, plants, wildlife']",438467.0
4005,Scott McCloud,[432],1,1356603,"['design, computers, entertainment, creativity, art, future, history, books, kids']",1356603.0
4006,Scott Nguyen,[42422],1,12656,['science'],12656.0
4007,Scott Rickard,[1331],1,4613592,"['science, entertainment, music, collaboration, math, TEDx, algorithm']",4613592.0
4008,Scott Shigeoka,[140572],1,484545,"['social change, love, communication, community, United States, society, curiosity']",484545.0
4009,Scott Summit,[1392],1,213295,"['design, industrial design, prosthetics, beauty, TEDx']",213295.0
4010,Scott Szwast,[13025],1,143997,"['global issues, economics, collaboration']",143997.0
186,Alok Sharma,[68165],1,9871,"['climate change, environment, sustainability, collaboration, leadership, Countdown']",9871.0
4012,Sean Carroll,[1139],1,1872093,"['science, philosophy, astronomy, time, universe, physics, String theory, TEDx']",1872093.0
4013,Sean Davis,[30297],1,2165719,"['climate change, environment, science, sustainability, biosphere, social change, nature, pollution, society, TEDx, government, policy']",2165719.0
4014,Sean Follmer,[2410],1,1621496,"['technology, design, engineering, industrial design, invention, computers, collaboration, innovation, creativity, future, product design, potential, TEDx']",1621496.0
4015,Sean Goode,[120454],1,68917,"['relationships, communication, community, personal growth, humanity']",68917.0
187,Alona Fyshe,[108392],1,1487399,"['technology, innovation, language, AI, humanity, machine learning, emotions']",1487399.0
4017,Sean Sherman,[79143],1,2229904,"['education, social change, food, history, United States, TEDx, indigenous peoples']",2229904.0
4018,Sebastian Deterding,[1463],1,695544,"['culture, design, philosophy, communication, TEDx, ethics']",695544.0
4019,Sebastian Guo,[2893],1,41285,"['business, economics, consumerism, Asia, china, youth']",41285.0
188,Alua Arthur,[111749],1,2116226,"['death, health, personal growth, humanity, fear, Life']",2116226.0
4021,Sebastian Kraves,[2570],1,1238916,"['science, technology, DNA, biotech, innovation, disease, nature, cancer, biology, future, Vaccines, agriculture, farming, forensics']",1238916.0
4022,Sebastian Seung,[967],1,1322443,"['science, technology, brain']",1322443.0
189,Alvin Irby,[11869],1,1476820,"['education, social change, personal growth, society, identity, teaching, TED Residency, kids']",1476820.0
190,Alwar Balasubramaniam,[950],1,500800,"['design, entertainment, art, visualizations, india']",500800.0
4025,Sebastien de Halleux,[26257],1,1805271,"['environment, science, biosphere, nature, fish, exploration, drones, TEDx, weather, renewable energy, ocean']",1805271.0
4026,Sebastián Bortnik,[2725],1,599294,"['technology, computers, social change, communication, activism, parenting, society, family, TEDx, Internet, sexual violence, TED en Español, kids']",599294.0
4027,Sebastián Kind,[159285],1,326074,"['climate change, economics, finance, South America, Countdown, renewable energy, fossil fuels']",326074.0
4028,Sebastião Salgado,[1729],1,2173031,"['environment, global issues, activism, Brazil, photography']",2173031.0
4029,Seema Bansal,[2526],1,1735588,"['global issues, education, communication, community, potential, policy, india, kids, international development']",1735588.0
4030,Selina Neirok Leem,[89265],1,1733088,"['climate change, global issues, science, social change, activism, humanity, indigenous peoples, Countdown, ocean']",1733088.0
4031,Sendhil Mullainathan,[757],1,659404,"['global issues, technology, economics, health, brain, women, public health, india']",659404.0
4032,Serena Williams,[2770],1,2805997,"['media, interview, gender, love, relationships, race, parenting, sports, personal growth, women, family, social media, journalism, kids']",2805997.0
4033,Sergei Lupashin,[2119],1,1293036,"['technology, robots, photography, drones, TED Fellows']",1293036.0
4034,Sergey Brin,[1745],1,2205787,"['culture, technology, design, UX design']",2205787.0
4035,Sergey Brin + Larry Page,[118],1,1998555,"['culture, technology, design, business, collaboration, Internet']",1998555.0
4036,Sergio Feferovich,[46456],1,425748,"['entertainment, music, performance, creativity, art']",425748.0
4037,Sergiu P. Pasca,[95711],1,4299000,"['science, technology, health, brain, mental health, medical research, medical imaging, human body']",4299000.0
191,Alysa McCall,[109036],1,1472491,"['climate change, environment, science, social change, animals, conservation']",1472491.0
4039,Seth Darling,[68729],1,33353,['global issues'],33353.0
192,Alyson McGregor,[2349],1,1883096,"['disease, health, health care, medicine, women, TEDx, medical research, heart']",1883096.0
4041,Seth Priebatsch,[936],1,977766,"['business, entrepreneur, entertainment, psychology, gaming, TEDx, money']",977766.0
4042,Seth Shostak,[1465],1,1010338,"['science, technology, future, philosophy, astronomy, universe, exploration, Planets, space, humanity, math, TEDx, data, aliens']",1010338.0
4043,Sethembile Msezane,[2880],1,1246670,"['performance, social change, Africa, art, history, community, activism, race, society, identity']",1246670.0
4044,Severine Autesserre,[2174],1,825095,"['war, government']",825095.0
4045,Severn Cullis-Suzuki,[66357],1,1622661,"['climate change, environment, social change, nature, activism, leadership, Countdown']",1622661.0
4046,Seyi Oyesola,[268],1,287020,"['technology, design, invention, health, health care, activism, public health']",287020.0
193,Alyssa Birnbaum,[161270],1,321491,"['business, psychology, relationships, communication, work, emotions']",321491.0
4048,Shad Begum,[31700],1,1676335,"['politics, education, social change, gender, activism, leadership, personal growth, women, humanity, society, Middle East']",1676335.0
4049,Shadé Zahrai,[10576],1,90254,"['performance, collaboration, dance']",90254.0
4050,Shaffi Mather,[717],1,637369,"['entrepreneur, social change, poverty, potential, Asia, society, crime, TED Fellows, india']",637369.0
4051,Shah Rukh Khan,[2780],1,13758486,"['technology, entertainment, music, art, love, future, communication, film, dance, aging, happiness, success, personal growth, humanity, family, india']",13758486.0
4052,Shahed Alam,[91524],1,1848013,"['health, health care, love, relationships, humanity, family, The Audacious Project']",1848013.0
4053,Shahram Izadi,[148309],1,967203,"['technology, computers, innovation, demo, AI, augmented reality']",967203.0
4054,Shai Agassi,[512],1,1359622,"['global issues, sustainability, technology, business, transportation, energy, infrastructure, renewable energy']",1359622.0
4055,Shai Reshef,[2050],1,6477443,"['technology, business, computers, software, education, code']",6477443.0
194,Alyssa Loorya,[50058],1,34009,"['cities, history, society, archaeology']",34009.0
4057,Shalewa Sharpe,[148282],1,332324,"['culture, entertainment, performance, storytelling, comedy']",332324.0
4058,Shalinee Sharma,[139997],1,755510,"['education, innovation, math, kids']",755510.0
4059,Shalini Unnikrishnan,[5154],1,22105,"['health, humanity, illness, virus, ebola, international development']",22105.0
4060,Shameem Akhtar,[10835],1,1520349,"['education, social change, gender, activism, motivation, personal growth, potential, women, society, kids, equality']",1520349.0
4061,Shameran Abed,[65056],1,2001768,"['global issues, social change, poverty, humanity, The Audacious Project, international development, equality']",2001768.0
4062,Shane Battier,[147778],1,454738,"['sports, success, personal growth, TEDx']",454738.0
4063,Shane Campbell-Staton,[114658],1,1079600,"['climate change, environment, science, animals, nature, evolution, biology, biodiversity, Anthropocene, Countdown']",1079600.0
4064,Shane Griffin,[14609],1,13960,"['film, visualizations']",13960.0
4065,Shane Koyczan,[1687],1,7907155,"['poetry, spoken word, depression, mental health, compassion, bullying, kids']",7907155.0
4066,Shane Legg,[121113],1,817229,"['science, technology, computers, innovation, future, AI, machine learning']",817229.0
4067,Shane Wickes,[21900],1,54214,"['culture, social change, sports, identity, LGBTQIA+']",54214.0
4068,Shankar Vedantam,[97536],1,4650447,"['psychology, storytelling, motivation, personal growth, self, personality']",4650447.0
4069,Shannon Lee,[44829],1,2523727,"['philosophy, personal growth, potential, self, humanity, society']",2523727.0
4070,Shantell Martin,[64173],1,2361257,"['art, personal growth, self, humanity, mental health, identity']",2361257.0
195,Alyssa Monks,[2600],1,1495048,"['death, cancer, art, aging, beauty, family, TEDx, painting']",1495048.0
4072,Shari Davis,[65045],1,1840500,"['social change, community, activism, leadership, democracy, government, policy']",1840500.0
4073,Shari Liu,[124106],1,521818,"['science, health, brain, humanity, TEDx']",521818.0
4074,Sharif El-Mekki,[104558],1,176650,"['education, social change, history, race, United States, teaching']",176650.0
196,Alyssa-Amor Gibbons,[99178],1,1223468,"['climate change, global issues, design, architecture, humanity, weather, indigenous peoples, Countdown']",1223468.0
4076,Sharon Brous,[2643],1,1526290,"['innovation, social change, communication, community, religion, women, violence, humanity, society, identity, teaching, ethics']",1526290.0
4077,Sharon Terry,[2800],1,1411351,"['science, DNA, genetics, collaboration, disease, health, biology, parenting, medicine, humanity, illness, medical research, bioethics, TEDMED, kids']",1411351.0
4078,Sharon Weinberger,[69418],1,1717809,"['technology, government, data, surveillance, online privacy']",1717809.0
4079,Sharon Zicherman,[145334],1,354700,"['health, decision-making, math']",354700.0
4080,Shashi Tharoor,[689],1,2590969,"['culture, global issues, politics, business, entertainment, writing, india']",2590969.0
4081,Shawn Achor,[1344],1,26995286,"['science, business, innovation, social change, health, cognitive science, psychology, happiness, work, motivation, brain, sociology, depression, mental health, productivity, TEDx']",26995286.0
4082,Shawn Martinbrough,[11974],1,15631,"['culture, media, creativity, art, race']",15631.0
4083,Shawnee,[61905],1,5872,"['music, performance']",5872.0
4084,Shea Hembrey,[1169],1,1698551,"['design, creativity, art, storytelling']",1698551.0
197,Amanda Bennett,[1847],1,1372996,"['culture, death, health care']",1372996.0
4086,Sheena Meade,[111234],1,1118843,"['politics, education, social change, poverty, humanity, law, compassion, empathy, society, prison, justice system, The Audacious Project, human rights, equality']",1118843.0
4087,Sheetal DeCaria,[96462],1,1623913,"['health, health care, TEDx, pain']",1623913.0
4088,Sheikha Al Mayassa,[1351],1,860542,"['culture, cities, art, film, Islam, Middle East']",860542.0
4089,Sheila Ngozi Oparaocha,[134417],1,509974,"['climate change, sustainability, technology, Africa, gender, energy, electricity, renewable energy, equality']",509974.0
4090,Sheila Nirenberg,[1309],1,510268,"['science, technology, engineering, biotech, innovation, medicine, brain, prosthetics, neuroscience, sight, medical research, Surgery, disability, code']",510268.0
4091,Sheila Patek,[77],1,1889845,"['science, technology, biology, Internet, ocean']",1889845.0
4092,Shekhar Kapur,[800],1,956348,"['entertainment, creativity, film, india']",956348.0
4093,Shekinah Elmore,[63853],1,295471,"['health care, cancer, illness, mental health, TEDMED']",295471.0
4094,Sheku Kanneh-Mason,[65446],1,3969,"['music, performance']",3969.0
4095,Shelley Shott,[19808],1,10799,"['technology, education, teaching']",10799.0
4096,Sheperd Doeleman,[39503],1,4004691,"['science, technology, collaboration, nature, astronomy, universe, physics, visualizations, space, telescopes']",4004691.0
198,Amanda Burden,[1966],1,1661310,"['architecture, cities']",1661310.0
4098,Sherry Turkle,[1409],1,8527979,"['culture, technology, communication, community, AI, sociology']",8527979.0
4099,Shervin Khodabandeh,[89992],1,1828345,"['technology, business, creativity, relationships, work, AI, humanity, machine learning']",1828345.0
199,Amanda Gorman,[72185],1,3290502,"['performance, social change, art, history, poetry, spoken word, identity, TED-Ed']",3290502.0
4101,Sheryl Lee Ralph,[113331],1,3422487,"['entertainment, success, motivation, personal growth, goals']",3422487.0
200,Amanda Little,[67741],1,1772223,"['climate change, global issues, technology, food, future, agriculture, farming']",1772223.0
4103,Sheryl WuDunn,[930],1,1308220,"['economics, education, poverty, women, Slavery, feminism, international development']",1308220.0
4104,Shigeru Ban,[1809],1,1938897,"['engineering, architecture, natural disaster, TEDx']",1938897.0
4105,Shih Chieh Huang,[2047],1,874322,"['art, TED Fellows, ocean']",874322.0
202,Amanda Renteria,[91602],1,1644771,"['technology, design, innovation, social change, poverty, United States, humanity, government, data, resources, The Audacious Project']",1644771.0
4107,Shimon Steinberg,[994],1,478664,"['sustainability, technology, nature, insects, TEDx, agriculture']",478664.0
4108,Shimpei Takahashi,[2208],1,2042156,"['design, creativity, gaming, TEDx, toys']",2042156.0
4109,Shirin Neshat,[1154],1,907800,"['global issues, art, film, photography, women']",907800.0
4110,Shiv Soin,[84189],1,363988,"['climate change, future, activism, leadership, Countdown']",363988.0
4111,Shivani Siroya,[2486],1,1844720,"['technology, invention, business, economics, transportation, innovation, community, potential, society, identity, TED Fellows, money, finance']",1844720.0
4112,Shlomo Benartzi,[1367],1,2089596,"['economics, psychology, money, behavioral economics']",2089596.0
4113,Shoel Perelman,[9501],1,14077,"['business, relationships']",14077.0
203,Amanda Schneider,[147829],1,485537,"['business, leadership, work, society, TEDx, youth, work-life balance']",485537.0
204,Amanda Schochet,[56434],1,2028868,"['science, cities, education, community, museums, bees, public space']",2028868.0
4116,Shou Chew,[110391],1,3698677,"['culture, technology, business, entrepreneur, entertainment, media, software, innovation, communication, product design, AI, social media, Internet, government, data, addiction, machine learning, UX design, online privacy']",3698677.0
4117,Shree Bose + Naomi Shah,[1320],1,1118398,"['science, food, health, cancer, pollution, medicine, chemistry, TEDx, youth, code']",1118398.0
4118,Shreya Joshi,[98325],1,2082147,"['politics, social change, relationships, communication, United States']",2082147.0
4119,Shruthi Baskaran-Makanju,[126390],1,503763,"['climate change, environment, sustainability, business, food, health, Africa, finance, kids']",503763.0
4120,Shu Takada,[139964],1,97881,"['entertainment, performance, dance, toys']",97881.0
205,Amanda Williams,[30108],1,378823,"['creativity, art, community, race, humanity, society, beauty, identity']",378823.0
4122,Shukla Bose,[809],1,1323405,"['education, poverty, india, teaching, kids, international development']",1323405.0
4123,Shweta Narayan,[81962],1,1831204,"['climate change, environment, health, health care, public health, Countdown']",1831204.0
4124,Shyam Sankar,[1556],1,1033646,"['technology, engineering, computers, AI, data, algorithm, machine learning']",1033646.0
4125,Siamak Hariri,[2734],1,1522728,"['technology, design, engineering, architecture, collaboration, innovation, art, community, religion, society, public space']",1522728.0
4126,Sian Leah Beilock,[20519],1,2558834,"['science, cognitive science, biology, communication, brain, TEDMED, human body']",2558834.0
4127,Siawn Ou,[18814],1,31293,"['business, work, investing']",31293.0
4128,Sid Thatham,[102451],1,26939,"['culture, entertainment, storytelling, film, language']",26939.0
4129,Siddhartha Mukherjee,[2343],1,1749086,"['science, innovation, disease, health, health care, cancer, psychology, biology, future, history, medicine, illness, TED Books, microbiology, medical research, synthetic biology, human body, drugs']",1749086.0
4130,Siddhartha Roy,[2738],1,1122089,"['environment, science, engineering, health, communication, community, activism, water, humanity, public health, society, TEDx, algorithm']",1122089.0
4131,Siddharthan Chandran,[1935],1,1680231,"['science, biotech, innovation, health, health care, cognitive science, biology, future, aging, medicine, brain, neuroscience, medical research, disability, synthetic biology']",1680231.0
4132,Siegfried Woldhek,[235],1,1402369,"['technology, design, entertainment, art, history, demo']",1402369.0
4133,Sierra Hull,[63729],1,10754,"['music, performance']",10754.0
4134,Silk Road Ensemble,[2710],1,777394,"['entertainment, music, performance, art']",777394.0
4135,Silk Road Ensemble + Rhiannon Giddens,[2611],1,1073302,"['entertainment, music, performance, art']",1073302.0
207,Amar Inamdar,[9464],1,1743596,"['sustainability, technology, innovation, Africa, energy, potential, society, electricity, international development']",1743596.0
4137,Simon Berrow,[1360],1,621338,"['climate change, environment, science, genetics, animals, biology, fish, activism, exploration, TEDx, conservation, ecology, ocean']",621338.0
208,Amara Berry,[4003],1,21027,"['science, education, innovation, math']",21027.0
4139,Simon Stiell,[115480],1,920561,"['climate change, environment, business, nature, future, activism, Countdown']",920561.0
4140,Simona Abdallah,[41907],1,7987,"['music, performance']",7987.0
209,Amaryllis Liampoti,[142494],1,381621,"['technology, business, innovation, love, relationships, marketing, communication, AI, artificial intelligence']",381621.0
4142,Simone Bianco,[11684],1,1192176,"['climate change, environment, science, invention, biosphere, nature, biology, demo, biodiversity, water, beauty, marine biology, ocean']",1192176.0
4143,Simone George,[20975],1,2278146,"['science, technology, collaboration, innovation, creativity, love, future, personal growth, neurology, disability, human body']",2278146.0
4144,Simone Giertz,[15518],1,4637739,"['technology, design, robots, creativity, demo, personal growth, comedy']",4637739.0
4145,Simone Stolzoff,[141410],1,550474,"['work, decision-making, self, identity, work-life balance, career']",550474.0
4146,Sims Witherspoon,[117255],1,877006,"['climate change, environment, science, sustainability, technology, energy, AI, wind energy, machine learning, Countdown']",877006.0
4147,Sinan Aral,[53582],1,2646369,"['global issues, technology, social change, society, social media, TEDx, Internet, data, journalism']",2646369.0
4148,Sinéad Burke,[2810],1,1683346,"['design, product design, fashion, disability']",1683346.0
4149,Siphumeze Khundayi,[10681],1,1548190,"['social change, Africa, gender, communication, personal growth, women, humanity, sex, society, identity, human body']",1548190.0
210,Amaury Guichon,[155034],1,243112,"['design, innovation, food, creativity, art']",243112.0
4151,Sirena Huang,[45],1,3450454,"['entertainment, music, performance, youth']",3450454.0
4152,Sirisha Bandla,[94159],1,51012,"['science, innovation, activism, women, space']",51012.0
4153,Sisonke Msimang,[2665],1,1540866,"['global issues, collaboration, social change, Africa, storytelling, communication, community, activism, motivation, personal growth, humanity, empathy, writing, society, Internet, journalism, equality']",1540866.0
4154,Sister True Dedication,[84765],1,3113230,"['personal growth, Buddhism, meditation, mindfulness, human body, Countdown']",3113230.0
4155,Sitawa Wafula,[2786],1,941239,"['social change, health, Africa, communication, community, personal growth, humanity, mental health, society, identity']",941239.0
4156,Sitoyo Lopokoiyit,[155908],1,308757,"['culture, technology, business, entrepreneur, Africa, society, finance']",308757.0
4157,Sivamani,[745],1,600392,"['music, performance, india']",600392.0
4158,Sixto Cancel,[111360],1,1300831,"['social change, family, government, youth, policy, The Audacious Project, kids']",1300831.0
4159,Siyanda Mohutsiwa,[2462],1,1164035,"['global issues, politics, Africa, future, community, potential, identity, democracy, Internet, government, international development']",1164035.0
211,Amber Cabral,[127050],1,715302,"['culture, business, social change, communication, community, work, personal growth, diversity, inclusion']",715302.0
4161,Slava Balbek,[125221],1,536839,"['architecture, war, personal growth, humanity, society']",536839.0
212,Amber Case,[1050],1,2176265,"['culture, technology, computers, future, anthropology']",2176265.0
4163,Smita Sharma,[89044],1,1753851,"['art, gender, storytelling, photography, women, humanity, TED Fellows, equality']",1753851.0
4164,Smruti Jukur Johari,[57144],1,553389,"['global issues, architecture, cities, urban planning, social change, poverty, humanity, infrastructure, international development']",553389.0
4165,Snow Raven,[141060],1,547151,"['music, performance, animals, nature']",547151.0
4166,Sofi Tukker,[2790],1,2056456,"['entertainment, music, performance']",2056456.0
4167,Sofia Crespo,[99842],1,383209,"['technology, biotech, nature, creativity, art, biology, biomimicry, biodiversity, AI, humanity, conservation']",383209.0
4168,Sofia Jawed-Wessel,[2658],1,2685724,"['health, gender, communication, parenting, women, humanity, sex, society, family, identity, TEDx, feminism, teaching, kids']",2685724.0
4169,Sofia Ongele,[122557],1,676625,"['computers, social change, community, activism, democracy, social media, Internet']",676625.0
4170,Soka Moses,[12302],1,958037,"['disease, health, health care, Africa, medicine, illness, virus, fear, ebola, TEDMED']",958037.0
4171,Solitaire Townsend,[88220],1,1842479,"['climate change, environment, global issues, business, society, capitalism, Countdown']",1842479.0
4172,Solomon Goldstein-Rose,[82733],1,1790594,"['climate change, global issues, sustainability, innovation, future, energy, electricity, Countdown, renewable energy, fossil fuels']",1790594.0
213,Amber Galloway-Gallego,[28953],1,275234,"['entertainment, music, performance']",275234.0
4174,Sonia Livingstone,[57378],1,54178,"['technology, computers, parenting, family, kids']",54178.0
4175,Sonia Park,[108113],1,13693,"['education, social change, history, race, TED-Ed, teaching, diversity, inclusion']",13693.0
4176,Sonia Shah,[1819],1,1379699,"['global issues, disease, history, insects']",1379699.0
4177,Sonia Vallabh,[130568],1,1301915,"['science, technology, death, disease, health, health care, biology, medicine, brain, public health, family, medical research, human body']",1301915.0
4178,Sophal Ear,[592],1,795608,"['history, storytelling, war, Asia']",795608.0
4179,Sophia Kianni,[85425],1,2601824,"['climate change, science, sustainability, language, Countdown']",2601824.0
4180,Sophia Wallace,[32555],1,1213634,"['science, art, gender, sex, society']",1213634.0
4181,Sophie Andrews,[11871],1,1833935,"['communication, aging, personal growth, depression, mental health, society, TEDMED, friendship']",1833935.0
4182,Sophie Howe,[66458],1,1843222,"['climate change, environment, politics, sustainability, education, social change, future, leadership, government, policy, Countdown']",1843222.0
4183,Sophie Hunger,[870],1,642423,"['music, performance, cities, storytelling, poetry']",642423.0
4184,Sophie Rose,[68725],1,1859064,"['science, disease, health, medicine, Vaccines, virus, pandemic, coronavirus']",1859064.0
214,Amber McReynolds,[74282],1,1380562,"['politics, United States, society, democracy, TEDx, government, policy']",1380562.0
4186,Sophie Williams,[76647],1,1551753,"['business, race, leadership, work, TEDx, diversity, inclusion']",1551753.0
4187,Soraya Chemaly,[31633],1,2563909,"['social change, gender, activism, personal growth, women, humanity, society, feminism, equality']",2563909.0
4188,Sorren Maclean,[88890],1,4380,"['music, performance, Countdown']",4380.0
4189,Sougwen Chung,[52396],1,330067,"['culture, technology, collaboration, robots, creativity, art, future, humanity, beauty']",330067.0
4190,Soyapi Mumba,[8417],1,1111125,"['technology, software, health, health care, Africa, medicine, AIDS, TED Fellows, Internet']",1111125.0
4191,Spencer J. Cox,[135212],1,642244,"['culture, politics, media, social change, communication, community, leadership, personal growth, democracy, government']",642244.0
4192,Srdja Popovic,[1294],1,421247,"['culture, global issues, politics, activism, TEDx, Egypt, protest']",421247.0
4193,Srishti Bakshi,[90405],1,1833644,"['education, gender, activism, women, women in business, india, equality']",1833644.0
4194,Stacey A. Gibson,[128188],1,4597,"['education, communication, community, mental health, TED-Ed']",4597.0
4195,Stacey Abrams,[29185],1,6959067,"['politics, social change, history, community, activism, leadership, poverty, United States, society, identity, government, equality']",6959067.0
4196,Stacey Baker,[2300],1,2514555,"['culture, love, relationships, photography']",2514555.0
4197,Stacey Kramer,[975],1,4555033,"['cancer, storytelling, medicine, personal growth']",4555033.0
4198,Stacy Kauk,[101580],1,1381403,"['climate change, environment, science, sustainability, technology, business, pollution, money, finance, Countdown']",1381403.0
4199,Stacy Smith,[2694],1,1284078,"['business, entertainment, social change, art, communication, activism, film, women, society, data, equality']",1284078.0
4200,Stacy Spikes,[121099],1,7713,"['technology, entrepreneur, art, storytelling, film, AI']",7713.0
4201,Stan Lee,[27951],1,450169,"['culture, design, media, creativity, art']",450169.0
215,Ameera Harouda,[2488],1,1163939,"['media, communication, film, war, poverty, decision-making, women, violence, fear, journalism']",1163939.0
4203,Stefaan Verhulst,[17038],1,7089,"['technology, business, Internet, government, data, online privacy']",7089.0
4204,Stefan Gross-Selbeck,[5143],1,125852,"['technology, business, economics, transportation']",125852.0
4205,Stefan Larsson,[1873],1,923118,"['health, health care, public health, medical research']",923118.0
216,Amel Karboul,[3592],1,1783726,"['education, innovation, social change, Africa, future, society, kids, goals, investing']",1783726.0
4207,Stefan Wolff,[1003],1,390867,"['Africa, war, violence, Middle East']",390867.0
4208,Stefana Broadbent,[680],1,1505903,"['technology, love, psychology, anthropology, sociology, humanity, society, social media']",1505903.0
4209,Stefano Mancuso,[976],1,1524584,"['science, collaboration, biology, botany, plants']",1524584.0
4210,Stefen Chow,[43411],1,9000,"['environment, art, community, photography, society']",9000.0
4211,Stefon Harris,[1298],1,841531,"['culture, entertainment, music, performance']",841531.0
4212,Stella Young,[2017],1,4853134,"['activism, motivation, comedy, humor, TEDx, disability']",4853134.0
4213,Stephanie Braccini Slade,[12988],1,51997,"['culture, animals, decision-making']",51997.0
4214,Stephanie Busari,[2737],1,1623082,"['global issues, social change, Africa, communication, community, terrorism, humanity, writing, society, journalism']",1623082.0
4215,Stephanie Kelton,[80940],1,2393184,"['economics, social change, society, money, government']",2393184.0
4216,Stephanie Lepp,[155246],1,33858,"['performance, social change, art, communication, personal growth, society, capitalism']",33858.0
4217,Stephanie Mehta,[99753],1,1536150,"['business, innovation, future, leadership, work, women in business, work-life balance']",1536150.0
4218,Stephanie Pacheco,[128189],1,2340,"['education, community, poetry, self, spoken word, identity, TED-Ed']",2340.0
4219,Stephanie R. Yates-Anyabwile,[140233],1,999734,"['culture, social change, love, psychology, relationships, society, emotions, Life']",999734.0
4220,Stephanie Winters,[136426],1,1979,"['entertainment, music, performance']",1979.0
4221,Stephen Burt,[2013],1,1566254,"['culture, poetry, language']",1566254.0
4222,Stephen Cave,[1891],1,2706977,"['culture, death, history, philosophy, humanity, TEDx']",2706977.0
4223,Stephen Coleman,[1350],1,557024,"['culture, global issues, technology, corruption, military, war, TEDx, ethics']",557024.0
4224,Stephen DeBerry,[21117],1,1726385,"['culture, economics, cities, urban planning, social change, history, community, pollution, anthropology, humanity, society, infrastructure, equality']",1726385.0
4225,Stephen Doyle,[41905],1,22296,"['design, art, visualizations, books, graphic design']",22296.0
4226,Stephen Friend,[2004],1,1066336,"[""genetics, disease, health, biology, data, Alzheimer's, online privacy""]",1066336.0
4227,Stephen Gianotti,[118815],1,59357,"['sustainability, Africa, animals, evolution, Humanities']",59357.0
4228,Stephen Hawking,[242],1,13768280,"['science, evolution, time, universe, physics, String theory, math']",13768280.0
4229,Stephen Lawler,[139],1,357067,"['technology, design, virtual reality, maps']",357067.0
4230,Stephen Lawrence,[18815],1,31938,"['data, finance, machine learning']",31938.0
4231,Stephen Palumbi,[899],1,478287,"['science, health, fish, Mission Blue, ocean']",478287.0
217,Amelia Laytham,[12936],1,24114,"['culture, dance, family']",24114.0
4233,Stephen Ritz,[1530],1,1510201,"['sustainability, business, education, TEDx, gardening']",1510201.0
218,America Ferrera,[41395],1,4111016,"['business, entertainment, social change, art, storytelling, film, society, identity, diversity, equality']",4111016.0
4235,Stephen Webb,[20101],1,6741193,"['science, astronomy, time, universe, physics, exploration, Planets, space, aliens']",6741193.0
219,Ami Klin,[1472],1,774445,"['science, genetics, health, primates, cognitive science, psychology, biology, medicine, brain, mental health, empathy, public health, neuroscience, TEDx, medical research, disability, Autism spectrum disorder, kids']",774445.0
220,Amie McNee,[152993],1,442825,"['creativity, art, humanity, TEDx']",442825.0
4238,Steve Boyes,[19330],1,1483407,"['environment, science, Africa, animals, nature, biodiversity, humanity, beauty, TED Fellows, conservation']",1483407.0
221,Amina J. Mohammed,[83031],1,1912208,"['climate change, global issues, activism, Countdown']",1912208.0
4240,Steve Howard,[1850],1,1347868,"['culture, global issues, sustainability, design, business']",1347868.0
4241,Steve Jurvetson,[225],1,483384,"['design, rocket science, entertainment, parenting, photography, space, kids, toys']",483384.0
4242,Steve Keil,[1170],1,788005,"['culture, business, economics, social change, TEDx, Europe']",788005.0
4243,Steve Long,[120294],1,623822,"['climate change, environment, science, sustainability, DNA, food, agriculture, farming']",623822.0
4244,Steve McCarroll,[20692],1,1605258,"['science, technology, DNA, genetics, disease, biology, brain, mental health, neuroscience, medical research, TEDMED, medical imaging']",1605258.0
4245,Steve Presley,[115830],1,994413,"['climate change, environment, sustainability, business, food, pollution, plastic, Countdown']",994413.0
4246,Steve Ramirez,[1813],1,1251948,"['memory, animals, neuroscience, TEDx']",1251948.0
4247,Steve Silberman,[2286],1,2033165,"['culture, cognitive science, history, Autism spectrum disorder']",2033165.0
4248,Steve Simpson,[44201],1,64949,"['science, fish, sound, marine biology, ocean']",64949.0
4249,Steve Truglia,[627],1,647973,"['technology, entertainment, film, sports, space']",647973.0
4250,Steven Addis,[1634],1,1620064,"['parenting, photography, kids']",1620064.0
4251,Steven Allison,[75488],1,1335986,"['climate change, environment, global issues, nature, TEDx, ecology, microbes']",1335986.0
4252,Steven Cowley,[718],1,887799,"['climate change, environment, physics, energy, renewable energy']",887799.0
223,Amishi Jha,[12066],1,5467260,"['science, brain, TEDx, mindfulness']",5467260.0
224,Amit Kalra,[10193],1,1346694,"['environment, sustainability, design, engineering, business, innovation, creativity, product design, pollution, fashion']",1346694.0
4255,Steven Petrow,[34214],1,1946854,"['culture, politics, social change, communication, personal growth, society']",1946854.0
226,Amjad Masad,[121067],1,113557,"['technology, engineering, entrepreneur, computers, software, innovation, AI, democracy']",113557.0
4257,Steven Schwaitzberg,[1652],1,534043,"['technology, health care, medicine, TEDx, Surgery']",534043.0
4258,Steven Sharp Nelson,[80733],1,2740848,"['music, death, art, love, psychology, relationships, personal growth, humanity, TEDx, emotions']",2740848.0
4259,Steven Strogatz,[422],1,868442,"['science, technology, biology, math, society']",868442.0
4260,Steven Wise,[2254],1,1196388,"['culture, animals, law']",1196388.0
4261,Stew,[119],1,744610,"['culture, entertainment, music, performance, poetry, race, sports']",744610.0
229,Amos Winter,[1616],1,1448198,"['culture, design, engineering, invention, innovation, product design, physics, poverty, TEDx, disability']",1448198.0
4263,Stewart Brand + Mark Z. Jacobson,[881],1,1855048,"['climate change, environment, sustainability, economics, energy, law, wind energy, nuclear energy, Anthropocene, electricity']",1855048.0
4264,Sting,[2010],1,2786946,"['entertainment, music, performance, creativity']",2786946.0
4265,Storybook Maze,[130850],1,470777,"['cities, education, social change, community, library, literature, society, books, TED-Ed, equality']",470777.0
4266,Stuart Duncan,[9214],1,1298553,"['parenting, gaming, TEDx, Autism spectrum disorder, kids']",1298553.0
4267,Stuart Firestein,[1827],1,3282692,"['science, education, humor, curiosity, neuroscience, teaching']",3282692.0
4268,Stuart Kauffman,[116404],1,910145,"['environment, science, technology, innovation, evolution, history, physics, anthropology, humanity, math']",910145.0
4269,Stuart Oda,[55993],1,2681911,"['global issues, sustainability, business, cities, urban planning, food, future, humanity, agriculture, botany, farming, resources']",2681911.0
4270,Stuart Russell,[2781],1,1615283,"['science, technology, computers, innovation, robots, future, communication, decision-making, AI, humanity, data, algorithm, code, machine learning, ethics']",1615283.0
4271,Su Kahumbu,[9403],1,1054477,"['education, food, Africa, animals, communication, TED Fellows, agriculture, farming, kids']",1054477.0
4272,Su Santidad el Papa Francisco,[71521],1,9308,"['climate change, environment, sustainability, education, social change, creativity, community, religion, leadership, Christianity, Countdown']",9308.0
4273,Suchitra Krishnan-Sarin,[38913],1,2917081,"['science, health, public health, medical research, addiction, human body, kids']",2917081.0
4274,Sue Austin,[1643],1,2665441,"['performance, art, TEDx, disability, ocean']",2665441.0
4275,Sue Desmond-Hellmann,[2514],1,1213978,"['global issues, innovation, disease, health, health care, Africa, future, communication, parenting, medicine, AIDS, illness, public health, medical research, equality']",1213978.0
4276,Sue Jaye Johnson,[6639],1,3787607,"['parenting, humanity, sex, teaching, TED Residency, human body, kids']",3787607.0
4277,Sue Klebold,[2681],1,14816963,"['death, social change, health, activism, parenting, United States, brain, violence, humanity, mental health, society, TEDMED, personality']",14816963.0
4278,Sue Natali,[91526],1,1698164,"['climate change, environment, global issues, science, activism, exploration, indigenous peoples, The Audacious Project, human rights, Countdown']",1698164.0
230,Amy Adele Hasinoff,[2685],1,1671318,"['technology, media, sex, TEDx, encryption, online privacy']",1671318.0
4280,Suheir Hammad,[1068],1,911220,"['culture, global issues, performance, poetry, war, women']",911220.0
4281,Suki Kim,[2256],1,5858899,['politics'],5858899.0
4282,Suleika Jaouad,[44040],1,5191966,"['death, health, cancer, relationships, personal growth, self, humanity, writing']",5191966.0
4283,Sunitha Krishnan,[704],1,5051756,"['global issues, poverty, Asia, women, sex, Slavery, sexual violence, kids']",5051756.0
4284,Sunni Brown,[1230],1,1711965,"['culture, business, creativity, public speaking']",1711965.0
4285,Sunni Patterson,[20173],1,424817,"['performance, dance, poetry']",424817.0
4286,Supasorn Suwajanakorn,[20085],1,2387905,"['politics, technology, invention, computers, media, software, future, history, AI, machine learning']",2387905.0
4287,Surya Ganguli,[145110],1,431293,"['science, technology, innovation, brain, AI, neuroscience, artificial intelligence']",431293.0
4288,Surya Mattu,[19927],1,2210663,"['technology, business, consumerism, society, Internet, surveillance']",2210663.0
4289,Susan Blackmore,[269],1,972309,"['culture, technology, design, evolution, brain']",972309.0
231,Amy Barnes,[160076],1,265647,"['climate change, sustainability, economics, finance, Countdown']",265647.0
4291,Susan Colantuono,[2099],1,4603203,"['business, gender, leadership, women, women in business, identity, TEDx']",4603203.0
4292,Susan David,[9463],1,11479354,"['culture, business, social change, psychology, communication, happiness, work, motivation, personal growth, humanity, depression, emotions']",11479354.0
4293,Susan Emmett,[15452],1,1304790,"['science, technology, health, health care, communication, medicine, illness, public health, society, TED Fellows, medical research, hearing']",1304790.0
4294,Susan Etlinger,[2112],1,1490058,['data'],1490058.0
4295,Susan Graham,[80453],1,651654,"['climate change, environment, science, technology, animals, nature, biodiversity, AI, trees, conservation, Countdown']",651654.0
4296,Susan Lozier,[125466],1,660967,"['climate change, environment, science, technology, nature, fish, marine biology, Countdown, maps, ocean']",660967.0
4297,Susan Pinker,[2842],1,3460855,"['health, psychology, community, aging, brain, society, family, friendship']",3460855.0
4298,Susan Robinson,[2820],1,1564547,"['personal growth, identity, disability, TED Residency, blindness']",1564547.0
4299,Susan Ruffo,[87265],1,1722184,"['climate change, environment, science, nature, water, Countdown, ocean']",1722184.0
4300,Susan Savage-Rumbaugh,[76],1,3062162,"['culture, genetics, animals, primates, evolution, biology, language']",3062162.0
4301,Susan Shaw,[925],1,246474,"['environment, science, business, fish, natural disaster, chemistry, TEDx, ocean, fossil fuels']",246474.0
4302,Susan Solomon,[1562],1,1004253,"['science, technology, economics, biotech, genetics, innovation, disease, health, health care, biology, future, medicine, illness, medical research, bioethics, medical imaging, drugs']",1004253.0
4303,Susannah Temko,[64353],1,1865296,"['social change, health, biology, sex, TEDx, human body']",1865296.0
4304,Sutu,[97368],1,300227,"['technology, creativity, art, augmented reality, metaverse, NFTs']",300227.0
4305,Suzana Herculano-Houzel,[1879],1,3779840,"['evolution, Brazil, brain, neuroscience']",3779840.0
4306,Suzanne Barakat,[2622],1,2212523,"['death, social change, love, community, religion, activism, humanity, society, family, Islam']",2212523.0
4307,Suzanne Case,[18816],1,7536,"['business, economics, finance']",7536.0
4308,Suzanne Duncan,[18817],1,37614,"['storytelling, work, society']",37614.0
232,Amy Baxter,[116453],1,1550767,"['science, health, health care, psychology, biology, brain, public health, neuroscience, medical research, pain, addiction, human body, drugs']",1550767.0
4310,Suzanne Simard,[2558],1,5885006,"['environment, science, sustainability, nature, biology, communication, community, language, biodiversity, beauty, trees, identity, botany, ecology, plants, fungi']",5885006.0
4311,Suzanne Talhouk,[1803],1,1651421,"['culture, poetry, language, TEDx']",1651421.0
4312,Suzie Sheehy,[27219],1,1985807,"['science, technology, invention, history, physics, society, curiosity, TEDx, discovery, electricity']",1985807.0
4313,Svante Pääbo,[1213],1,1688121,"['science, DNA, evolution, biology']",1688121.0
4314,Sviatlana Tsikhanouskaya,[68457],1,1760645,"['politics, social change, community, activism, democracy, equality, protest']",1760645.0
4315,Swizz Beatz,[64405],1,1891925,"['culture, business, music, creativity, art, community, investing']",1891925.0
4316,Sxip Shirey + Rachelle Garniez,[290],1,240912,"['entertainment, music, performance']",240912.0
4317,Sydney Chaffee,[10190],1,1435591,"['education, social change, community, activism, parenting, society, identity, TEDx, teaching, kids']",1435591.0
4318,Sydney Jensen,[52190],1,2887915,"['education, psychology, communication, community, teaching, emotions']",2887915.0
4319,Sylvain Duranton,[53024],1,2461440,"['technology, business, innovation, work, AI, algorithm, machine learning']",2461440.0
4320,Sylvester Chauke,[123147],1,733477,"['climate change, sustainability, design, business, media, social change, marketing, society, capitalism']",733477.0
4321,Sylvia Earle,[467],1,3510236,"['science, activism, TED Prize, biodiversity, exploration, marine biology, ocean']",3510236.0
4322,Sō Percussion,[2717],1,856206,"['entertainment, music, performance']",856206.0
4323,T. Boone Pickens,[1394],1,719283,"['culture, technology, economics, energy, renewable energy']",719283.0
233,Amy Cuddy,[1569],1,75540250,"['science, business, psychology, success, brain, self, body language']",75540250.0
4325,Tabetha Boyajian,[2468],1,8670408,"['science, technology, nature, astronomy, universe, exploration, Planets, space, telescopes, aliens']",8670408.0
4326,Tai Simpson,[75762],1,1213730,"['politics, sustainability, social change, future, storytelling, community, society, TEDx, indigenous peoples']",1213730.0
4327,Taika Waititi,[45409],1,2902015,"['creativity, art, motivation, comedy, humor']",2902015.0
4328,Taiye Selasi,[2333],1,3637525,"['culture, self, humanity, identity']",3637525.0
4329,Takaharu Tezuka,[2232],1,6055901,"['design, architecture, education, TEDx, youth, kids']",6055901.0
4330,Tal Danino,[2245],1,1401792,"['health, cancer, biology, bacteria, TED Fellows']",1401792.0
4331,Tal Golesworthy,[1419],1,1485193,"['science, technology, design, engineering, biotech, collaboration, innovation, disease, health, health care, biology, future, product design, medicine, TEDx, medical research, Surgery, human body, heart']",1485193.0
4332,Tal Zaks,[7050],1,147167,"['science, health, cancer, medicine, medical research']",147167.0
4333,Tali Sharot,[1447],1,2820288,"['culture, science, cognitive science, psychology, happiness, brain, decision-making, sociology, neuroscience, behavioral economics, personality']",2820288.0
4334,Talithia Williams,[2056],1,1996751,"['health, statistics, TEDx, data, human body, heart']",1996751.0
4335,Tamana Ayazi,[99705],1,1395495,"['social change, gender, activism, film, war, women, Middle East, human rights']",1395495.0
4336,Tamas Kocsis,[26913],1,1820018,"['technology, computers, media, collaboration, future, community, activism, society, social media, Internet, surveillance, encryption, online privacy']",1820018.0
4337,Tameka Montgomery,[98590],1,2035284,"['entrepreneur, parenting, personal growth, decision-making, TEDx, youth, kids, goals']",2035284.0
4338,Tamekia MizLadi Smith,[20554],1,2218087,"['social change, communication, race, work, compassion, identity, data, teaching']",2218087.0
4339,Tammy Lally,[21752],1,2314278,"['social change, work, self, TEDx, money, finance']",2314278.0
4340,Tammy Ma,[134418],1,570510,"['science, technology, engineering, innovation, future, physics, energy, Sun, Countdown, renewable energy']",570510.0
234,Amy Edmondson,[13517],1,3828795,"['business, collaboration, communication, leadership, motivation, personal growth, potential, goals']",3828795.0
4342,Tania Douglas,[13195],1,1233071,"['technology, engineering, invention, innovation, health, health care, Africa, medicine']",1233071.0
4343,Tania Luna,[1797],1,1897641,"['culture, money, homelessness']",1897641.0
4344,Tania Simoncelli,[2416],1,1187613,"['science, technology, biotech, genetics, innovation, health, health care, nature, cancer, communication, activism, medicine, law, public health, society, TEDx, government, medical research, policy, drugs']",1187613.0
4345,Tanishia Lavette Williams,[125964],1,655102,"['education, TED-Ed, teaching, Life']",655102.0
4346,Tanmay Bakshi,[10371],1,103374,"['suicide, data, youth, machine learning']",103374.0
4347,Tanya Berger-Wolf,[81896],1,1628955,"['climate change, animals, nature, photography, biodiversity, AI, TEDx, conservation, machine learning']",1628955.0
4348,Tanya Menon,[10358],1,2471181,"['collaboration, relationships, communication, community, personal growth, TEDx']",2471181.0
4349,Tao Zhang,[118892],1,629299,"['climate change, environment, sustainability, business, entrepreneur, food, china, Countdown']",629299.0
4350,Tapiwa Chiwewe,[10975],1,1681673,"['collaboration, innovation, Africa, pollution, motivation, data, goals']",1681673.0
4351,Tara Boroushaki,[124014],1,652491,"['science, technology, engineering, invention, innovation, robots, AI, TEDx']",652491.0
4352,Tara Djokic,[49433],1,3099856,"['environment, science, nature, evolution, biodiversity, geology, TEDx, discovery, astrobiology']",3099856.0
4353,Tara Houska,[12800],1,1406041,"['culture, social change, history, community, activism, humanity, society, identity, government, indigenous peoples, equality']",1406041.0
4354,Tara Winkler,[2848],1,1240332,"['social change, activism, poverty, family, TEDx, kids']",1240332.0
4355,Tarana Burke,[29064],1,2075209,"['culture, social change, gender, activism, leadership, personal growth, women, humanity, society, sexual violence']",2075209.0
4356,Tarje Nissen-Meyer,[41913],1,12929,"['animals, nature, language, conservation, ecology']",12929.0
4357,Tarveen Forrester,[147772],1,413618,"['business, work, mental health, work-life balance']",413618.0
235,Amy Green,[2733],1,1829010,"['technology, collaboration, death, cancer, art, communication, parenting, gaming, humanity, kids']",1829010.0
4359,Tasha Eurich,[8227],1,5185796,"['psychology, communication, self, identity']",5185796.0
4360,Tashka,[51634],1,265007,"['social change, community, activism, humanity, society, South America, conservation, indigenous peoples']",265007.0
4361,Tasos Frantzolas,[2610],1,1639484,"['technology, entertainment, media, music, storytelling, communication, illusion, film, library, brain, TEDx, sound, hearing']",1639484.0
4362,Tasoulla Hadjiyanni,[83493],1,39990,"['design, relationships, community, family']",39990.0
4363,Tasso Azevedo,[2166],1,1005342,"['climate change, environment, politics, science, sustainability, social change, trees, conservation, ecology, plants']",1005342.0
4364,Tavares Strachan,[117865],1,1213146,"['design, social change, creativity, art, history, storytelling, race, space']",1213146.0
4365,Tavi Gevinson,[1438],1,2048757,"['entertainment, identity, fashion, TEDx, feminism, youth']",2048757.0
4366,Tawanda Kanhema,[70777],1,1406189,"['technology, social change, Africa, community, photography, travel, humanity, maps']",1406189.0
4367,Taylor Cassidy,[111094],1,166841,"['media, social change, communication, personal growth, self, social media, TEDx, Internet']",166841.0
4368,Taylor Lynn Carpenter,[147981],1,463352,"['health, sports, personal growth, human body']",463352.0
236,Amy Herman,[27846],1,954406,"['memory, art, museums, teaching']",954406.0
4370,Tea Uglow,[2356],1,1763503,"['technology, design, invention, future, happiness, humanity, TEDx']",1763503.0
4371,Ted Dintersmith,[66034],1,577431,"['entrepreneur, education, innovation, creativity']",577431.0
4372,Ted Halstead,[2784],1,1689638,"['climate change, global issues, politics, business, economics, pollution, china, society, government, policy, goals']",1689638.0
4373,Teddy Cruz,[1920],1,753277,"['design, architecture, cities, infrastructure']",753277.0
4374,Teitur,[2345],1,1151891,"['entertainment, music, performance']",1151891.0
4375,Temie Giwa-Tubosun,[89710],1,1643944,"['global issues, technology, business, entrepreneur, health, health care, Africa, medicine, potential, women, women in business, finance, resources, investing']",1643944.0
4376,Temple Grandin,[773],1,7184705,"['science, technology, design, invention, education, animals, brain, mental health, Autism spectrum disorder']",7184705.0
4377,Teresa Bejan,[27608],1,1775427,"['culture, politics, social change, communication, personal growth, humanity, society, identity']",1775427.0
4378,Teresa Njoroge,[4366],1,1481845,"['corruption, social change, Africa, activism, leadership, personal growth, women, society, prison, justice system, equality']",1481845.0
4379,Teri Hofford,[139886],1,665201,"['creativity, art, community, photography, personal growth, identity, body language, TEDx, human body']",665201.0
4380,Terri Conley,[21933],1,381957,"['gender, psychology, relationships, sex, society']",381957.0
237,Amy Kurzweil,[136933],1,534169,"['technology, art, history, AI, family']",534169.0
4382,Tessa Clarke,[103435],1,1410438,"['climate change, environment, social change, food, consumerism, community, resources']",1410438.0
4383,Tessa Khan,[99865],1,1311451,"['climate change, environment, sustainability, business, energy, money, Countdown, fossil fuels']",1311451.0
4384,Tessa West,[131384],1,3229128,"['business, psychology, leadership, work, women in business, sociology, TEDx']",3229128.0
4385,Thandiswa Mazwai,[15112],1,428942,"['entertainment, music, performance']",428942.0
4386,Thandiwe Newton,[1193],1,3667667,"['culture, entertainment, psychology, film, self']",3667667.0
4387,The Bloom Twins,[50758],1,5517,"['music, performance']",5517.0
4388,The Ferocious Few,[10372],1,3669,"['music, performance']",3669.0
4389,The Holladay Brothers,[9470],1,5858,"['technology, music, art']",5858.0
4390,The LXD,[786],1,4235200,"['entertainment, performance, collaboration, dance, gaming']",4235200.0
4391,The Lady Lifers,[2250],1,1466825,"['entertainment, music, performance, social change, art, prison, TEDx']",1466825.0
4392,The Merian Ensemble,[125108],1,77809,"['entertainment, music, performance']",77809.0
4393,The Nature Conservancy,[42629],1,1994102,"['climate change, environment, science, economics, nature, future, conservation, The Audacious Project, investing, ocean']",1994102.0
4394,The QTribe,[13830],1,186846,"['performance, Africa, dance']",186846.0
4395,The Soul Rebels,[20633],1,213220,"['entertainment, music, performance']",213220.0
4396,Thea Holcomb,[32556],1,346733,"['education, gender, relationships, sex, youth']",346733.0
4397,Thea Knight,[18769],1,42902,"['business, communication, language']",42902.0
4398,Theaster Gates,[2220],1,1408289,"['environment, design, architecture, cities, urban planning, art']",1408289.0
4399,Thelma Golden,[831],1,866487,"['culture, design, entertainment, cities, art, race']",866487.0
4400,Thema Bryant,[104494],1,83401,"['health, psychology, race, mental health, identity']",83401.0
4401,Theo E.J. Wilson,[2887],1,4788332,"['politics, community, race, United States, compassion, TEDx, Internet']",4788332.0
4402,Theo Jansen,[162],1,5572853,"['technology, design, entertainment, animals, creativity, art, demo']",5572853.0
4403,Theresa Fyffe,[148380],1,306856,"['climate change, environment, science, technology, nature, fish, community, marine biology, indigenous peoples, The Audacious Project, ocean']",306856.0
4404,They Might Be Giants,[254],1,462913,"['entertainment, music, performance, humor']",462913.0
4405,Thom Mayne,[31],1,920141,"['culture, design, invention, architecture, cities']",920141.0
4406,Thomas Abt,[64836],1,237400,"['cities, social change, United States, violence, crime, policy, TEDMED, equality']",237400.0
4407,Thomas Barnett,[33],1,1450801,"['culture, global issues, technology, military, terrorism, war']",1450801.0
4408,Thomas Crowther,[66950],1,2070743,"['climate change, environment, science, technology, innovation, nature, biodiversity, trees, conservation, Countdown']",2070743.0
4409,Thomas Curran,[36411],1,3256931,"['culture, social change, psychology, depression, mental health, society, social media, TEDMED, emotions']",3256931.0
4410,Thomas Dambo,[123380],1,63148,"['sustainability, design, art, storytelling, work']",63148.0
238,Amy Lockwood,[1228],1,976062,"['global issues, business, Africa, marketing, philanthropy, AIDS']",976062.0
4412,Thomas Dolby,[849],1,639165,"['entertainment, music, performance, history']",639165.0
4413,Thomas Goetz,[1060],1,640856,"['science, technology, design, business, health, medicine']",640856.0
239,Amy Milton,[63241],1,2465158,"['science, technology, memory, brain, TEDx, neurology, PTSD, emotions']",2465158.0
4415,Thomas Hellum,[2148],1,2494492,"['entertainment, storytelling, film, TEDx, television']",2494492.0
4416,Thomas Insel,[1714],1,1702472,"[""health, brain, depression, mental health, neuroscience, TEDx, Alzheimer's""]",1702472.0
4417,Thomas Lloyd,[64516],1,3593270,"['community, identity, LGBTQIA+']",3593270.0
4418,Thomas Madrecki,[12824],1,22222,"['design, urban planning, future, happiness']",22222.0
4419,Thomas P. Campbell,[1579],1,728368,"['art, museums']",728368.0
4420,Thomas Piketty,[2101],1,1815571,"['global issues, economics, equality']",1815571.0
4421,Thomas Pogge,[1307],1,336486,"['global issues, economics, health, TEDx']",336486.0
4422,Thomas Suarez,[1272],1,14893660,"['technology, entertainment, education, TEDx, youth, code']",14893660.0
4423,Thomas Thwaites,[1051],1,1652792,"['technology, design, entertainment, Anthropocene']",1652792.0
4424,Thordis Elva,[2678],1,6723648,"['collaboration, social change, communication, activism, personal growth, women, humanity, society, identity, sexual violence']",6723648.0
4425,Thulasiraj Ravilla,[709],1,398361,"['technology, design, health, health care, medicine, humanity, public health, sight']",398361.0
240,Amy Padnani,[45971],1,2069657,"['culture, media, social change, gender, history, race, women, society, equality']",2069657.0
4427,Tierney Thys,[126],1,1545788,"['climate change, environment, global issues, science, technology, animals, fish, biodiversity, marine biology, ocean']",1545788.0
4428,Tiffani Ashley Bell,[107692],1,1345735,"['collaboration, social change, community, activism, leadership, water']",1345735.0
4429,Tiffany Kagure Mugo,[10681],1,1548190,"['social change, Africa, gender, communication, personal growth, women, humanity, sex, society, identity, human body']",1548190.0
4430,Tiffany Watt Smith,[7592],1,4732470,"['culture, history, communication, language, personal growth, humanity, society, emotions']",4732470.0
4431,Tilak Mandadi,[69785],1,1510448,"['culture, business, death, social change, health, psychology, communication, leadership, work, personal growth, empathy, emotions']",1510448.0
241,Amy Powney,[118162],1,739162,"['climate change, environment, sustainability, design, business, social change, humanity, fashion, Countdown']",739162.0
4433,Tim Brown,[646],1,2551388,"['sustainability, design, business, art, history, product design, graphic design']",2551388.0
242,Amy Price Azano,[21940],1,37486,"['disease, health, health care, medicine, Autism spectrum disorder']",37486.0
4435,Tim Ferriss,[2799],1,12794175,"['success, work, personal growth, decision-making, humanity, fear, work-life balance, goals']",12794175.0
4436,Tim Flannery,[48498],1,3229021,"['climate change, environment, science, sustainability, engineering, biosphere, innovation, biology, pollution, plants, ocean']",3229021.0
4437,Tim Guinee,[66654],1,1309761,"['climate change, environment, social change, activism, leadership, Countdown']",1309761.0
243,Amy Purdy,[1285],1,2343408,"['entertainment, happiness, personal growth, prosthetics, illness, TEDx']",2343408.0
4439,Tim Jackson,[972],1,1222617,"['sustainability, economics, poverty, international development']",1222617.0
4440,Tim Kruger,[3579],1,1707611,"['climate change, science, sustainability, technology, engineering, entrepreneur, future, pollution, weather, natural resources, Anthropocene, electricity, renewable energy, ocean']",1707611.0
244,Amy Shoenthal,[142742],1,496869,"['business, entrepreneur, leadership, success, work, personal growth, TEDx']",496869.0
4442,Tim Nevius,[74667],1,1464968,"['education, race, United States, sports, law, TEDx, policy']",1464968.0
4443,Tim Urban,[2458],1,76927351,"['entertainment, time, work, brain, comedy, visualizations, decision-making, humor, writing, productivity, Internet, goals']",76927351.0
4444,Tima Kurdi,[90637],1,42291,"['global issues, photography, compassion, journalism, refugees']",42291.0
4445,Timothy Bartik,[1735],1,480266,"['culture, business, economics, education, TEDx']",480266.0
4446,Timothy Graf,[18768],1,19700,"['success, immigration, policy']",19700.0
4447,Timothy Ihrig,[2565],1,1477998,"['economics, death, health, health care, cancer, communication, aging, medicine, decision-making, self, humanity, compassion, identity, TEDx, drugs']",1477998.0
4448,Timothy Prestero,[1549],1,1145232,"['design, health care, product design, TEDx']",1145232.0
4449,Tina Arrowood,[50791],1,1878564,"['environment, science, sustainability, technology, industrial design, water, chemistry, rivers']",1878564.0
4450,Tina Seelig,[21017],1,3461125,"['business, collaboration, communication, success, personal growth']",3461125.0
4451,Tina Yong,[108517],1,2611978,"['education, race, success, personal growth, self, mental health, writing, identity, TEDx, youth']",2611978.0
4452,Tiq Milan,[2635],1,1804149,"['collaboration, social change, art, gender, relationships, activism, poetry, happiness, women, humanity, compassion, writing, society, beauty, family, identity, feminism, Transgender, equality, LGBTQIA+']",1804149.0
4453,Tito Deler,[9985],1,237425,"['entertainment, music, performance']",237425.0
245,Amy Smith,[2],1,1910145,"['global issues, design, engineering, industrial design, invention, renewable energy']",1910145.0
4455,Toby Eccles,[1881],1,1016364,"['business, economics, social change, justice system']",1016364.0
4456,Toby Kiers,[51538],1,2018616,"['business, economics, evolution, biology, trees, botany, finance, plants, fungi, equality']",2018616.0
4457,Toby Shapshak,[1944],1,1571222,"['technology, innovation, Africa']",1571222.0
4458,Tod Machover + Dan Ellsey,[246],1,630215,"['technology, design, entertainment, music, performance, health care, creativity, demo, writing']",630215.0
4459,Todd Almond,[148435],1,275681,"['technology, music, performance, art, future, AI, humanity']",275681.0
4460,Todd Coleman,[2605],1,1551128,"['science, technology, invention, innovation, health, health care, communication, medicine, illness, data, medical research, algorithm, TEDMED']",1551128.0
4461,Todd Gershkowitz,[18762],1,8281,"['economics, education, teaching']",8281.0
4462,Todd Humphreys,[1507],1,825611,"['global issues, technology, TEDx, cyber security']",825611.0
4463,Todd Kuiken,[1251],1,1025768,"['science, technology, design, engineering, invention, medicine, prosthetics, bionics']",1025768.0
4464,Todd Scott,[2729],1,1191398,"['entertainment, health, society, teaching, heart']",1191398.0
4465,Todd Sickafoose,[86267],1,24963,"['music, performance']",24963.0
4466,Tolliver,[111801],1,77463,"['entertainment, music, performance']",77463.0
4467,Tolu Oyekan,[103721],1,1469489,"['business, innovation, social change, Africa, money, finance']",1469489.0
4468,Tom Chatfield,[996],1,1403030,"['culture, technology, entertainment, education, gaming']",1403030.0
4469,Tom Graham,[111236],1,1438734,"['technology, computers, entertainment, media, software, future, AI, Internet, data, machine learning']",1438734.0
4470,Tom Griffiths,[13523],1,4388172,"['technology, computers, cognitive science, psychology, brain, decision-making, TEDx, algorithm']",4388172.0
4471,Tom Gruber,[2841],1,2394119,"['technology, computers, collaboration, product design, AI, machine learning']",2394119.0
4472,Tom Honey,[112],1,722467,"['culture, global issues, philosophy, religion, natural disaster']",722467.0
4473,Tom Hulme,[2531],1,1730653,"['environment, design, architecture, cities, urban planning, community, product design, potential, society, public space']",1730653.0
4474,Tom Nash,[53601],1,2762613,"['creativity, storytelling, personal growth, humor, TEDx, disability']",2762613.0
4475,Tom Osborn,[84955],1,1940020,"['social change, health, Africa, community, depression, mental health, TED Fellows, youth']",1940020.0
4476,Tom Oxley,[93388],1,1955663,"['science, technology, biotech, computers, disease, communication, brain, illness, neuroscience, neurology, medical research, disability, human body, emotions']",1955663.0
4477,Tom Rielly,[114],1,708392,"['culture, performance, comedy, humor']",708392.0
4478,Tom Rivett-Carnac,[62628],1,3019436,"['climate change, environment, global issues, leadership, decision-making, humanity, society, fear, Countdown']",3019436.0
4479,Tom Schuler,[66954],1,1563973,"['climate change, sustainability, engineering, innovation, Countdown']",1563973.0
246,Amy Tan,[250],1,3761363,"['culture, entertainment, storytelling, writing']",3761363.0
4481,Tom Stranger,[2678],1,6723648,"['collaboration, social change, communication, activism, personal growth, women, humanity, society, identity, sexual violence']",6723648.0
4482,Tom Teves,[65044],1,1862689,"['media, social change, activism, violence, TEDx, journalism']",1862689.0
247,Amy Webb,[1833],1,8544598,"['culture, technology, love, data, algorithm']",8544598.0
248,Anab Jain,[2807],1,1934281,"['climate change, global issues, technology, cities, collaboration, innovation, social change, future, communication, pollution, motivation, potential, exploration, visualizations, AI, humanity, society, algorithm, india, farming, international development']",1934281.0
4485,Tom Zimmerman,[11684],1,1192176,"['climate change, environment, science, invention, biosphere, nature, biology, demo, biodiversity, water, beauty, marine biology, ocean']",1192176.0
4486,Tomas Elemans,[8158],1,80906,"['literature, empathy, books']",80906.0
4487,Tomás Saraceno,[2865],1,866782,"['environment, sustainability, technology, design, invention, innovation, creativity, art, future, pollution, solar energy, wind energy, TED en Español']",866782.0
4488,Tombo Banda,[126754],1,545079,"['climate change, environment, Africa, electricity, Countdown']",545079.0
4489,Tomer Garzberg,[10572],1,11205,"['technology, future, work, machine learning']",11205.0
4490,Tommy McCall,[23087],1,1035929,"['technology, design, media, innovation, creativity, statistics, visualizations, math, data, animation']",1035929.0
4491,Toni Griffin,[1892],1,923452,"['culture, business, cities, infrastructure']",923452.0
4492,Tony Fadell,[2274],1,4159875,"['technology, design, product design']",4159875.0
4493,Tony Long,[112357],1,1092570,"['climate change, science, technology, social change, fish, pollution, space, marine biology, The Audacious Project, maps, ocean']",1092570.0
4494,Tony Luciani,[31376],1,735470,"[""art, love, parenting, photography, aging, humanity, family, TEDx, Alzheimer's""]",735470.0
4495,Tony Porter,[1031],1,3623845,"['culture, global issues, gender, women, identity, feminism, bullying']",3623845.0
4496,Tony Salvador,[19891],1,143313,"['business, communication, success']",143313.0
4497,Tony Testa,[148408],1,30507,"['music, performance, dance']",30507.0
4498,Tony Wyss-Coray,[2315],1,1919822,"['science, memory, innovation, disease, biology, aging, medicine, brain, neuroscience, medical research, youth, bioethics']",1919822.0
4499,Topher White,[2203],1,1519445,"['climate change, environment, science, technology, innovation, trees, TEDx']",1519445.0
4500,Torsten Reil,[300],1,375201,"['technology, design, entertainment, animals, demo, gaming, virtual reality, animation']",375201.0
4501,Touria El Glaoui,[6668],1,972478,"['Africa, art, photography, painting']",972478.0
4502,Tracee Ellis Ross,[14614],1,1714132,"['social change, gender, activism, leadership, personal growth, women, humanity, society, feminism, equality']",1714132.0
4503,Tracey McNamara,[19408],1,129610,"['global issues, disease, health, animals, public health']",129610.0
4504,Tracie Keesee,[23174],1,1459107,"['social change, community, law, society, crime, justice system']",1459107.0
4505,Tracie Revis,[121120],1,514896,"['social change, nature, history, community, activism, United States, conservation, indigenous peoples']",514896.0
4506,Tracy Chevalier,[1521],1,1594081,"['entertainment, art, history, storytelling']",1594081.0
4507,Tracy Edwards,[64185],1,2585894,"['sports, personal growth, self, identity, youth']",2585894.0
4508,Tracy Young,[71900],1,1748226,"['entrepreneur, gender, leadership, work, women in business, vulnerability']",1748226.0
4509,Travis Kalanick,[2443],1,2038506,"['environment, sustainability, technology, invention, business, economics, entrepreneur, transportation, software, cities, innovation, future, pollution, potential, society, Internet, driverless cars, investing']",2038506.0
4510,Travis Rieder,[19175],1,2875568,"['social change, health, community, medicine, public health, society, TEDx, drugs']",2875568.0
4511,Trebor Scholz,[82558],1,1854712,"['technology, business, economics, social change, leadership, work']",1854712.0
4512,Trevor Aaronson,[2263],1,1396500,"['terrorism, United States, violence, TED Fellows, government, surveillance, encryption']",1396500.0
4513,Trevor Copp,[2602],1,798967,"['culture, entertainment, performance, social change, creativity, art, gender, dance, society, beauty, identity, TEDx']",798967.0
4514,Trevor Timm,[2507],1,1559958,"['corruption, crime, TED Fellows, Internet, government, surveillance, encryption']",1559958.0
4515,Tricia Wang,[2818],1,2105901,"['business, decision-making, TEDx, data, behavioral economics, algorithm']",2105901.0
4516,Trillion Small,[29450],1,1818291,"['love, psychology, relationships, brain, fear, Life']",1818291.0
4517,Triona McGrath,[2782],1,1683627,"['climate change, environment, science, biosphere, animals, nature, biology, future, pollution, biodiversity, water, chemistry, TEDx, marine biology, ocean']",1683627.0
4518,Trish Millines Dziko,[95710],1,2126297,"['education, innovation, creativity, community, leadership, TEDx, youth, teaching, kids']",2126297.0
249,Anand Agarawala,[131],1,1730650,"['technology, software, demo, UX design']",1730650.0
4520,Tristram Stuart,[1565],1,2038586,"['environment, food']",2038586.0
4521,Tristram Wyatt,[2002],1,1576917,"['animals, biology, smell, TEDx']",1576917.0
4522,Trita Parsi,[1839],1,839572,"['global issues, politics, government, Middle East, international relations']",839572.0
4523,Truls Nord,[43414],1,10388,"['technology, art, photography, blindness']",10388.0
251,Anand Varma,[2249],1,2854648,"['nature, photography, insects, bees']",2854648.0
4525,Tunde Olaniran,[127479],1,77426,"['entertainment, music, performance, Countdown']",77426.0
4526,Tyler Cowen,[1318],1,584958,"['culture, business, economics, storytelling, TEDx']",584958.0
4527,Tyler DeWitt,[1655],1,2068457,"['science, DNA, genetics, education, psychology, biology, marketing, storytelling, bacteria, microbiology, TEDx, human body, kids']",2068457.0
4528,Tyler Dewitt,[74191],1,1779754,"['education, TEDx, teaching, virtual reality']",1779754.0
4529,Tyrone Hayes + Penelope Jagessar Chaffer,[1356],1,661780,"['environment, science, sustainability, health, animals, cancer, biology, activism, film, pollution, public health, sex, plastic, chemistry, agriculture, ecology, pregnancy, kids']",661780.0
4530,Tzeporah Berman,[82549],1,3167218,"['climate change, sustainability, business, activism, Countdown, fossil fuels']",3167218.0
4531,UMI,[148241],1,8061,"['music, performance, creativity, art, love']",8061.0
4532,Ueli Gegenschatz,[502],1,1949089,"['technology, design, invention, flight, entertainment, sports, exploration']",1949089.0
252,Ananda Shankar Jayant,[888],1,910682,"['music, performance, cancer, storytelling, dance, personal growth, india']",910682.0
4534,Uma Adwani,[12829],1,165300,"['happiness, math']",165300.0
4535,Uma Valeti,[132784],1,663948,"['climate change, environment, science, sustainability, food, health, animals, agriculture, farming, Countdown']",663948.0
253,Anant Agarwal,[1913],1,1721087,"['technology, education, Internet, teaching']",1721087.0
4537,Uri Hasson,[2495],1,3653988,"['science, collaboration, cognitive science, communication, language, brain, neuroscience']",3653988.0
4538,Ursula von der Leyen,[66943],1,1670705,"['climate change, politics, sustainability, economics, leadership, government, policy, Countdown']",1670705.0
4539,Ursus Wehrli,[400],1,1625286,"['design, entertainment, performance, art, comedy, humor']",1625286.0
4540,Usman Riaz,[2481],1,785085,"['entertainment, music, performance, TED Fellows']",785085.0
4541,Usman Riaz + Preston Reed,[1500],1,5493714,"['entertainment, music, performance, TED Fellows']",5493714.0
4542,Uğur Şahin,[80282],1,2400116,"['science, health, health care, humanity, Vaccines, medical research, pandemic, human body, coronavirus']",2400116.0
4543,VS Ramachandran,[184],1,5750219,"['culture, science, technology, illusion, brain, consciousness, illness']",5750219.0
4544,Vaitea Cowan,[96622],1,2140962,"['climate change, science, sustainability, technology, energy, chemistry, electricity, Countdown']",2140962.0
4545,Valarie Kaur,[9807],1,3370149,"['social change, love, relationships, storytelling, community, personal growth, humanity, society, feminism']",3370149.0
4546,Valerie June,[84121],1,5125,"['music, performance, Countdown']",5125.0
4547,Valerie Montgomery Rice,[135214],1,657760,"['culture, business, entrepreneur, community, leadership, work, women, family, fear']",657760.0
4548,Valorie Kondos Field,[54838],1,4326278,"['social change, philosophy, leadership, sports, success, humanity, compassion, empathy, society, trust, emotions']",4326278.0
4549,Valérie Courtois,[101215],1,1380771,"['climate change, environment, social change, humanity, conservation, indigenous peoples']",1380771.0
4550,Van Jones,[1056],1,748959,"['global issues, science, sustainability, business, communication, poverty, plastic, TEDx, Anthropocene, equality']",748959.0
4551,Vandana Singh,[90672],1,1636567,"['climate change, environment, global issues, science, sustainability, technology, future, storytelling, natural disaster, conservation, Countdown']",1636567.0
4552,Vanessa Garrison,[14491],1,2071471,"['social change, health, gender, history, community, activism, race, women, society, The Audacious Project, equality']",2071471.0
4553,Vanessa Nakate,[99867],1,1432280,"['climate change, environment, sustainability, social change, Africa, activism, energy, youth, Countdown, fossil fuels']",1432280.0
4554,Vanessa Renae,[2788],1,1485613,"['social change, health, community, activism, race, personal growth, women, humanity, society, heart']",1485613.0
4555,Vanessa Ruiz,[2571],1,1669915,"['science, health, creativity, art, history, medicine, visualizations, humanity, beauty, painting, TEDMED, human body']",1669915.0
4556,Varun Sivaram,[66564],1,1593440,"['climate change, environment, sustainability, business, innovation, leadership, energy, india, Countdown']",1593440.0
4557,Veerle Provoost,[2642],1,1253392,"['genetics, creativity, biology, communication, parenting, humanity, family, identity, TEDx, bioethics, kids']",1253392.0
4558,Vera Songwe,[89562],1,1662103,"['climate change, global issues, science, Africa, nature, natural resources, Countdown']",1662103.0
4559,Vernā Myers,[2151],1,5015278,"['social change, race, society, TEDx, diversity, equality']",5015278.0
4560,Veronica Barassi,[63106],1,2079180,"['technology, business, social change, future, family, TEDx, data, kids, online privacy']",2079180.0
4561,Veronica Chau,[109037],1,1198339,"['climate change, environment, sustainability, business, social change, personal growth, money, finance, policy']",1198339.0
4562,Vicki Arroyo,[1583],1,1273621,"['climate change, global issues, cities, weather']",1273621.0
4563,Victor Ochen,[135801],1,469465,"['climate change, global issues, social change, Africa, war, leadership, poverty, humanity, society, youth']",469465.0
4564,Victor Rios,[2615],1,1809357,"['education, innovation, communication, motivation, potential, compassion, empathy, society, identity, teaching, kids']",1809357.0
4565,Victor Riparbelli,[146165],1,515404,"['technology, media, future, storytelling, communication, AI, writing, artificial intelligence']",515404.0
4566,Victor Vescovo,[46384],1,1035302,"['science, technology, animals, nature, exploration, discovery, marine biology, ocean']",1035302.0
4567,Victoria Gill,[54754],1,1732619,"['climate change, environment, science, collaboration, animals, nature, biodiversity, conservation, ecology']",1732619.0
4568,Victoria Pratt,[3612],1,1282539,"['culture, innovation, social change, communication, humanity, law, compassion, society, justice system']",1282539.0
4569,Vidhya Ramalingam,[141559],1,409705,"['climate change, environment, science, social change, violence, society, Countdown']",409705.0
254,Ananya Grover,[60390],1,1845909,"['social change, health care, biology, women, public health, society, feminism, human body']",1845909.0
4571,Vik Muniz,[32],1,1520158,"['design, creativity, art, illusion, Brazil, animation']",1520158.0
4572,Vikas Jaitely,[31237],1,10712,"['health care, bacteria, Vaccines']",10712.0
4573,Vikram Bhalla,[5155],1,82122,"['business, economics, family']",82122.0
4574,Vikram Patel,[1557],1,1515228,"['global issues, health, depression, mental health, public health']",1515228.0
4575,Vikram Sharma,[12501],1,1284593,"['science, technology, invention, computers, innovation, future, physics, data, encryption, quantum']",1284593.0
4576,Vilayanur Ramachandran,[724],1,2514422,"['science, cities, cognitive science, evolution, biology, brain, neuroscience, india']",2514422.0
4577,Villy Wang,[9468],1,31189,"['media, education, social change, film, race']",31189.0
4578,Vinay Shandal,[26333],1,1788982,"['business, economics, collaboration, social change, activism, money, finance, investing']",1788982.0
4579,Vinay Venkatraman,[1516],1,658312,"['global issues, technology, TEDx']",658312.0
4580,Vincent Cochetel,[2211],1,1225077,"['global issues, war, TEDx']",1225077.0
4581,Vincent Moon,[2131],1,1151802,"['entertainment, music, performance, creativity, film, travel']",1151802.0
4582,Vincent Yeow Lim,[103914],1,1439165,"['social change, food, love, relationships, history, family, TEDx']",1439165.0
4583,Vinith Misra,[9500],1,12399,"['AI, humor, social media']",12399.0
4584,Vinod Khosla,[131493],1,882201,"['technology, computers, innovation, future, AI, machine learning']",882201.0
4585,Vint Cerf,[1786],1,800979,"['technology, animals, Internet']",800979.0
4586,Vinu Daniel,[115478],1,955948,"['climate change, sustainability, design, engineering, architecture, social change, art, resources']",955948.0
4587,Viola Llewellyn,[27381],1,64433,"['innovation, Africa, finance']",64433.0
4588,Virginia Postrel,[375],1,447062,"['culture, business, entertainment, performance, marketing, illusion, beauty']",447062.0
4589,Virginia Santy,[117322],1,53846,"['design, business, economics, cities, women']",53846.0
4590,Virginia Smith,[84107],1,1752354,"['climate change, environment, innovation, nature, water, TEDx, data, infrastructure']",1752354.0
4591,Virginia Wotring,[21924],1,27828,"['science, health, health care, medicine, space, drugs']",27828.0
255,Anas Aremeyaw Anas,[1757],1,1546374,"['global issues, corruption, Africa, crime, journalism']",1546374.0
4593,Vishal Sikka,[6069],1,13647,"['science, technology, software, medicine, data, algorithm']",13647.0
4594,Vishal Vaid,[631],1,501436,"['culture, music, performance, history']",501436.0
4595,Vittorio Loreto,[11327],1,1653369,"['science, innovation, creativity, potential, exploration, math, curiosity, discovery']",1653369.0
4596,Vivek Kumbhari,[132747],1,551681,"['science, technology, robots, health, health care, medicine, medical research, medical imaging']",551681.0
4597,Vivek Maru,[8421],1,1345438,"['global issues, innovation, social change, communication, community, activism, law, society, justice system, equality']",1345438.0
4598,Viviana Alvarez,[20470],1,32632,"['environment, natural disaster, society']",32632.0
256,Anastasia Penright,[60085],1,2783160,"['business, communication, work, work-life balance']",2783160.0
4600,Víctor Demaría Pesce,[37856],1,15265,"['health, exploration, space, medical research, human body']",15265.0
4601,WOLF,[6021],1,10910,"['music, performance, dance']",10910.0
4602,Wadah Khanfar,[1084],1,1015219,"['global issues, politics, technology, media, Egypt, Middle East, protest']",1015219.0
257,Anastasia Taylor-Lind,[2146],1,778925,"['war, photography, TED Fellows']",778925.0
258,Anathea Chino,[145748],1,295220,"['culture, politics, interview, social change, leadership, society, indigenous peoples']",295220.0
4605,Wajahat Ali,[40635],1,2330153,"['culture, social change, parenting, women, humanity, society, family, kids']",2330153.0
4606,Wale Elegbede,[67740],1,1515763,"['social change, community, religion, activism, Islam']",1515763.0
4607,Walter De Brouwer,[121101],1,29587,"['technology, computers, innovation, future, language, AI']",29587.0
4608,Walter Hood,[20269],1,1517831,"['design, architecture, social change, history, community, society, beauty, identity, public space']",1517831.0
4609,Walé Oyéjidé,[9989],1,954301,"['design, social change, Africa, creativity, art, history, humanity, society, beauty, identity, fashion, TED Fellows']",954301.0
4610,Wan Faridah Akmal Jusoh,[128250],1,571786,"['environment, science, sustainability, animals, nature, biodiversity, insects, ecology, wildlife']",571786.0
4611,Wanda Diaz Merced,[2534],1,1096562,"['science, technology, collaboration, innovation, nature, astronomy, physics, energy, exploration, data, disability, hearing, blindness']",1096562.0
4612,Wanda Irving,[65877],1,331304,"['social change, health care, race, medicine, women, TEDMED, pregnancy, equality']",331304.0
4613,Wangechi Mutu,[110687],1,1245193,"['Africa, creativity, art, future, storytelling, religion, poetry, women, identity']",1245193.0
259,Anders Fjellberg,[2353],1,1375493,"['global issues, death, war, identity, Europe, Middle East, journalism']",1375493.0
260,Anders Ynnerman,[1057],1,615814,"['science, technology, health, medicine, visualizations, TEDx, data, virtual reality']",615814.0
4616,Wanuri Kahiu,[2857],1,2127250,"['Africa, creativity, art, storytelling, TED Fellows']",2127250.0
4617,Warren Valdmanis,[84670],1,2051729,"['business, work, humanity, society, capitalism, investing']",2051729.0
4618,Washington Wachira,[3590],1,1136837,"['sustainability, Africa, animals, nature, biodiversity, beauty, birds, ecology']",1136837.0
4619,Wawira Njiru,[155788],1,296759,"['education, innovation, social change, Africa, The Audacious Project']",296759.0
4620,Wayne McGregor,[1527],1,1303834,"['art, dance']",1303834.0
4621,Wendell Pierce,[41330],1,15460,"['design, creativity, art, community, theater']",15460.0
4622,Wendy Chung,[1985],1,4725673,"['science, DNA, genetics, disease, health, cognitive science, psychology, biology, medicine, mental health, Vaccines, family, neuroscience, medical research, disability, Autism spectrum disorder, pregnancy, kids']",4725673.0
4623,Wendy Freedman,[2320],1,1530235,"['science, technology, engineering, future, astronomy, universe, physics, exploration, Planets, space, Big Bang, dark matter, solar system, telescopes, aliens']",1530235.0
4624,Wendy Hawkins,[19892],1,12744,"['science, education, teaching']",12744.0
4625,Wendy MacNaughton,[81681],1,4090279,"['creativity, art, communication, humanity, emotions']",4090279.0
4626,Wendy Suzuki,[10362],1,18780922,"['science, memory, health, biology, brain, mental health, neuroscience, human body, exercise']",18780922.0
4627,Wendy Troxel,[2783],1,2731280,"['science, education, social change, health, community, parenting, personal growth, society, TEDx, policy, sleep, kids']",2731280.0
4628,Wendy Whelan,[147531],1,331151,"['politics, performance, social change, art, dance, public health, society']",331151.0
261,Andika Putraditama,[148265],1,269315,"['climate change, environment, sustainability, business, collaboration, consumerism, trees, conservation, Countdown']",269315.0
4630,Werner Reich,[56368],1,2647760,"['social change, history, war, personal growth, humanity, compassion, TEDx']",2647760.0
4631,Wes Moore,[2008],1,2064803,"['military, communication, war, PTSD']",2064803.0
4632,Wesley Saint Clair,[65273],1,43881,"['community, law, justice system, equality']",43881.0
4633,Whitney Pennington Rodgers,[87807],1,1759702,"['social change, race, United States, crime, prison, justice system, equality']",1759702.0
4634,Will Cathcart,[64769],1,243593,"['technology, business, software, communication, social media, data, trust, online privacy']",243593.0
4635,Will Guidara,[99287],1,2726348,"['business, collaboration, innovation, food, happiness, success, potential']",2726348.0
4636,Will Hurd,[49424],1,1916606,"['politics, social change, community, United States, society, government, immigration, refugees']",1916606.0
4637,Will Jenkins,[10574],1,20553,"['time, work, money']",20553.0
4638,Will MacAskill,[20310],1,2593754,"['global issues, social change, future, philosophy, philanthropy, society, ethics']",2593754.0
262,Andras Forgacs,[1824],1,1529137,"['environment, global issues, science, sustainability, engineering, innovation, social change, food, animals, biology, future, activism, fashion, agriculture, medical research, bioethics, conservation, synthetic biology']",1529137.0
263,Andrea Driessen,[95583],1,1971754,"['death, social change, love, relationships, communication, personal growth, family, TEDx, friendship']",1971754.0
4641,Will Wright,[146],1,1488426,"['technology, design, entertainment, demo, gaming']",1488426.0
4642,Willard Wigan,[610],1,829458,"['creativity, art']",829458.0
4643,"William ""Sandy"" Darity",[65057],1,1844130,"['economics, social change, activism, race, United States, Slavery, equality']",1844130.0
4644,William Black,[1996],1,1649901,"['business, law, crime, TEDx, finance']",1649901.0
4645,William Collis,[72552],1,1593787,"['technology, entertainment, leadership, gaming, Internet']",1593787.0
264,Andrea Ghez,[701],1,993958,"['science, technology, astronomy, physics, exploration, space, dark matter, telescopes']",993958.0
4647,William Li,[859],1,5719281,"['science, technology, food, cancer, medicine']",5719281.0
4648,William McDonough,[104],1,2102413,"['culture, environment, global issues, sustainability, technology, design, business, architecture, cities, china']",2102413.0
4649,William Noel,[1461],1,1125873,"['software, art, history, library, museums, ancient world, TEDx, Internet, books, archaeology']",1125873.0
4650,William Sieghart,[63989],1,59471,"['art, poetry, friendship, Humanities']",59471.0
4651,William Ury,[1017],1,3038513,"['culture, global issues, politics, war, TEDx']",3038513.0
4652,Willie Smits,[475],1,905962,"['global issues, science, sustainability, animals, biodiversity, trees, ecology, plants, fungi']",905962.0
4653,Willie Williams,[135800],1,519679,"['technology, design, entertainment, music, art, storytelling']",519679.0
4654,Wingham Rowan,[1656],1,1172948,"['global issues, technology, business, work']",1172948.0
4655,Winnie Harlow,[41333],1,1481834,"['personal growth, society, beauty, identity']",1481834.0
4656,Winona Guo,[13828],1,1761552,"['education, social change, communication, community, race, leadership, United States, humanity, society, equality']",1761552.0
4657,Wobbly World,[9466],1,7479,"['culture, music']",7479.0
4658,Wolfgang Kessling,[1483],1,770701,"['environment, global issues, science, sustainability, design, engineering, industrial design, invention, entertainment, architecture, innovation, energy, sports, solar energy, TEDx, weather, infrastructure, ecology, renewable energy, public space']",770701.0
4659,Woody Norris,[442],1,1435450,"['technology, design, invention, business, creativity']",1435450.0
4660,Xavier Cortada,[100412],1,1398590,"['climate change, collaboration, social change, creativity, art, future, community, activism, conservation, Countdown']",1398590.0
4661,Xavier De Kestelier,[6286],1,1293689,"['technology, design, engineering, architecture, innovation, robots, creativity, future, universe, exploration, space, TEDx, infrastructure, Mars']",1293689.0
4662,Xavier Vilalta,[1854],1,1088466,"['design, architecture, Africa, TED Fellows']",1088466.0
4663,"Xiaojun ""Tom"" Wang",[127268],1,516606,"['climate change, culture, death, innovation, history, energy, china, family, Countdown']",516606.0
4664,Xiaowei R. Wang,[88516],1,1776759,"['environment, sustainability, technology, entrepreneur, innovation, community, farming, ecology, natural resources, blockchain']",1776759.0
4665,Ximena Loría,[66654],1,1309761,"['climate change, environment, social change, activism, leadership, Countdown']",1309761.0
4666,Xiuhtezcatl,[140320],1,29083,"['music, performance, indigenous peoples']",29083.0
265,Andrea Vilallonga,[82506],1,1916946,"['self, TEDx, personality, TED en Español']",1916946.0
4668,Xu Hao,[160684],1,241881,"['climate change, science, sustainability, technology, engineering, innovation, Countdown, fossil fuels']",241881.0
4669,Xu Liu,[1813],1,1251948,"['memory, animals, neuroscience, TEDx']",1251948.0
4670,Y-Vonne Hutchinson,[146333],1,323520,"['culture, business, work, society, diversity, inclusion']",323520.0
4671,Yale Fox,[23419],1,673461,"['technology, architecture, cities, urban planning']",673461.0
4672,Yami Joshi,[13026],1,57461,"['culture, performance, dance']",57461.0
4673,Yana Buhrer Tavanier,[36110],1,1948805,"['social change, creativity, art, communication, activism, society, TED Fellows, TED Residency']",1948805.0
4674,Yancey Strickler,[148431],1,541931,"['business, creativity, art, work']",541931.0
4675,Yang Lan,[1236],1,2194217,"['global issues, politics, economics, media, Asia, china']",2194217.0
4676,Yanis Varoufakis,[2413],1,3509656,"['global issues, politics, business, economics, activism, United States, society, democracy, money, Europe, government, finance, capitalism, investing']",3509656.0
4677,Yaniv Erlich,[49205],1,1995118,"['science, DNA, genetics, history, humanity, family, data, TEDMED']",1995118.0
4678,Yann Arthus-Bertrand,[561],1,932079,"['climate change, environment, media, art, future, film, photography, humanity']",932079.0
4679,Yann Dall'Aglio,[1925],1,4634809,"['culture, love, relationships, philosophy, TEDx']",4634809.0
4680,Yann LeCun,[65297],1,275033,"['technology, computers, future, AI, algorithm, machine learning']",275033.0
4681,Yannick Roudaut,[35621],1,402838,"['science, economics, future, philosophy, finance']",402838.0
4682,Yara Shahidi,[113488],1,1306781,"['culture, entertainment, media, social change, creativity, art, storytelling, personal growth, curiosity, personality, diversity']",1306781.0
4683,Yasheng Huang,[1220],1,1178896,"['culture, global issues, politics, economics, Asia, democracy, india']",1178896.0
4684,Yasin Kakande,[14392],1,1139640,"['politics, history, work, humanity, TED Fellows, government, journalism, immigration, refugees']",1139640.0
4685,Yasmin Green,[17237],1,2913600,"['politics, technology, terrorism, violence, Internet']",2913600.0
4686,Yasmin Hurd,[67427],1,201653,"['health care, medicine, medical research, TEDMED, addiction, drugs']",201653.0
4687,Yassmin Abdel-Magied,[2262],1,2907002,"['culture, religion, activism, women, TEDx']",2907002.0
4688,Yat Siu,[116408],1,1659303,"['technology, social change, society, democracy, Internet, capitalism, blockchain, cryptocurrency, metaverse, NFTs']",1659303.0
4689,Yaël Eisenstat,[66235],1,2006791,"['social change, community, social media, Internet, algorithm']",2006791.0
4690,YeYoon Kim,[66921],1,1920154,"['education, communication, personal growth, mental health, teaching, emotions']",1920154.0
4691,Yejin Choi,[110502],1,2206078,"['science, technology, innovation, future, AI, humanity, humor, teaching, machine learning, ethics']",2206078.0
4692,Yelle,[21753],1,269367,"['music, performance, dance']",269367.0
4693,Yeonmi Park,[46598],1,5383185,"['social change, activism, Asia, humanity, human rights']",5383185.0
4694,Yifat Susskind,[58979],1,2289501,"['social change, community, activism, humanity, compassion, empathy, society, human rights, equality']",2289501.0
4695,Yijia Tu,[157700],1,363621,"['music, performance, art']",363621.0
4696,Yoav Medan,[1297],1,893768,"['science, technology, engineering, biotech, innovation, health care, future, physics, medicine, neuroscience, sound, medical research, medical imaging']",893768.0
4697,Yochai Benkler,[247],1,958762,"['technology, business, economics, collaboration, social change, law']",958762.0
4698,Yohei Nakajima,[121102],1,14173,"['technology, computers, social change, relationships, communication, community, personal growth, AI, identity']",14173.0
4699,Yongey Mingyur Rinpoche,[100914],1,3025756,"['love, personal growth, self, humanity, compassion, empathy, meditation, emotions']",3025756.0
4700,Yoram Yovell,[132054],1,725201,"['science, health, love, psychology, brain, TEDx, pain, human body, emotions']",725201.0
266,Andreas Ekström,[2369],1,1723458,"['technology, computers, software, communication, decision-making, society, TEDx, Internet, algorithm']",1723458.0
4758,테사 우드바르헬리(Tessza Udvarhelyi),[123187],1,587214,"['politics, education, social change, future, activism, leadership, democracy, government, policy']",587214.0
4703,Yoshua Bengio,[148377],1,938329,"['science, technology, computers, innovation, future, AI, policy, machine learning']",938329.0
4704,Yossi Vardi,[203],1,1126877,"['comedy, humor']",1126877.0
4705,Young-ha Kim,[1653],1,2180859,"['creativity, art, spoken word, writing, TEDx']",2180859.0
4706,Youssef Nader,[144180],1,381133,"['technology, computers, history, AI, ancient world, machine learning']",381133.0
4707,Yue Xiu Lim,[23313],1,10509,"['music, performance']",10509.0
4708,Yuko Morita,[38286],1,58547,"['health, animals, humanity, emotions']",58547.0
267,Andreas Raptopoulos,[1876],1,1103390,"['technology, transportation, drones, infrastructure']",1103390.0
4710,Yusuf Nurbhai,[18755],1,38572,"['business, sports, work']",38572.0
268,Andreas Schleicher,[1667],1,948761,"['global issues, education, data, teaching, equality']",948761.0
4712,Yve Blake,[57364],1,1488321,"['culture, art, gender, love, society, identity, TEDx, emotions']",1488321.0
269,Andrei Adam,[116461],1,72449,"['business, economics, motivation, money, work-life balance']",72449.0
270,Andrej Levin,[141973],1,7908,"['technology, business, consumerism, marketing, AI']",7908.0
4715,Yves Rossy,[1271],1,8840349,"['technology, design, flight']",8840349.0
4716,Yvette Alberdingk Thijm,[7395],1,1195036,"['corruption, collaboration, social change, communication, activism, film, society, TEDx, Internet, equality']",1195036.0
4717,Yvette Cabrera,[133188],1,475288,"['environment, cities, social change, community, pollution, public health, journalism, kids']",475288.0
271,Andres Lozano,[1717],1,1596497,"['health care, brain, depression, mental health, neuroscience, TEDx']",1596497.0
4719,Yvonne Newbold,[116405],1,1225796,"['communication, community, parenting, personal growth, mental health, family, TEDx, Autism spectrum disorder, emotions, kids']",1225796.0
4720,Yvonne van Amerongen,[35401],1,2012974,"['innovation, disease, health, health care, future, personal growth, humanity, illness, mental health, society']",2012974.0
4721,Zac Goldsmith,[86536],1,108027,"['climate change, environment, nature, government, policy, Countdown']",108027.0
4722,Zach Kaplan + Keith Schacht,[385],1,470209,"['science, technology, design, engineering, industrial design, invention, business, creativity, smell, toys']",470209.0
4723,Zach King,[97661],1,487866,"['entertainment, creativity, storytelling, illusion, film, personal growth, magic']",487866.0
4724,Zachariah Mampilly,[9781],1,974910,"['politics, corruption, social change, Africa, activism, leadership, society, democracy, protest']",974910.0
4725,Zachary R. Wood,[14613],1,4348529,"['politics, collaboration, social change, communication, community, activism, race, humanity, empathy, society']",4348529.0
2,A. Dara Dotz,[27380],1,12508,"['technology, innovation, humanity']",12508.0
4727,Zahra Biabani,[95351],1,1653824,"['climate change, technology, social change, activism, social media, youth, Countdown']",1653824.0
4728,Zahra' Langhi,[1659],1,567742,"['global issues, politics, social change, gender, women, compassion, democracy, TEDx']",567742.0
4729,Zainab Salbi,[1013],1,636475,"['global issues, war, women, drones, Middle East']",636475.0
4730,Zainab Usman,[124696],1,599719,"['climate change, global issues, politics, sustainability, economics, collaboration, future, society, Countdown']",599719.0
4731,Zak Ebrahim,[2024],1,6718231,"['terrorism, violence, TED Books, Middle East']",6718231.0
4732,Zaria Forman,[2511],1,1776132,"['climate change, sustainability, nature, art, exploration, visualizations, water, beauty, meditation, Antarctica, glaciers, ocean']",1776132.0
4733,Zarlasht Halaimzai,[89264],1,1688801,"['community, war, violence, humanity, mental health, refugees']",1688801.0
1,A Tribe Called Red,[26265],1,322973,"['music, performance, art, indigenous peoples']",322973.0
4735,Zelalem Adefris,[66881],1,1366605,"['climate change, environment, social change, community, activism, leadership, Countdown']",1366605.0
4736,Zeresenay Alemseged,[168],1,1270694,"['global issues, science, Africa, evolution, anthropology, exploration, humanity, paleontology']",1270694.0
4737,Zeynep Ton,[135442],1,477412,"['business, economics, social change, leadership, work, money, work-life balance']",477412.0
272,Andrew Arruda,[9465],1,98382,"['technology, innovation, AI, law']",98382.0
4739,Ziauddin Yousafzai,[1954],1,2957213,"['global issues, education, women, family, feminism']",2957213.0
4740,Zineb Sqalli,[98591],1,1664194,"['climate change, cities, urban planning, social change, gender, future, women, feminism']",1664194.0
4741,Ziyah Gafić,[2063],1,1081214,"['war, photography, TED Fellows']",1081214.0
4742,Zoya Lytvyn,[91039],1,2084180,"['education, community, war, violence, refugees, kids']",2084180.0
4743,Zoë Karl-Waithaka,[87879],1,1852044,"['sustainability, business, food, Africa, marketing, agriculture, farming']",1852044.0
4744,Zubaida Bai,[2731],1,1025928,"['design, entrepreneur, innovation, health, health care, parenting, women, humanity, family, pregnancy, TED Residency, international development']",1025928.0
4745,Zulfat Suara,[82290],1,50901,"['politics, community, identity, diversity']",50901.0
4746,adrienne maree brown,[131492],1,514722,"['social change, humanity, democracy, inclusion']",514722.0
274,Andrew Bird,[1001],1,1530607,"['entertainment, music, performance']",1530607.0
4748,iO Tillett Wright,[1658],1,3240670,"['gender, relationships, photography, United States, identity, TEDx, Transgender, equality, LGBTQIA+']",3240670.0
4749,members of the Alvin Ailey American Dance Theater,[49989],1,348427,"['entertainment, performance, art, dance']",348427.0
4750,phillip agnew,[32422],1,3344070,"['collaboration, art, love, relationships, community, activism, poetry, personal growth, humanity']",3344070.0
4751,the Teresa Carreño Youth Orchestra,[466],1,3093694,"['culture, entertainment, music, performance, education, TED Prize, conducting, kids']",3093694.0
4752,tobacco brown,[15398],1,1369175,"['culture, nature, art, beauty, teaching, plants, TED Residency, gardening, public space']",1369175.0
4753,Özlem Cekic,[26727],1,2096592,"['culture, politics, social change, communication, race, personal growth, humanity, society, identity']",2096592.0
4754,Özlem Türeci,[80282],1,2400116,"['science, health, health care, humanity, Vaccines, medical research, pandemic, human body, coronavirus']",2400116.0
4755,מוניקה לווינסקי,[2217],1,22422164,"['technology, media, communication, suicide, social media']",22422164.0
4756,روبن بكلي,[118159],1,936476,"['culture, education, health, parenting, women, sex, TEDx, youth']",936476.0
4757,伊尔亚·苏茨克维,[120938],1,1463016,"['technology, computers, innovation, future, AI']",1463016.0
4,AC Coppens,[142484],1,337081,"['science, technology, computers, psychology, relationships, future, AI, emotions']",337081.0
