speaker,videos,average_popularity_score,viral_rate,viral_consistency,viral_presence,wikipedia_numeric,comprehensive_popularity_score
Juan Enriquez,11,576.07,0.0,0,0,1,6.866120546394923
Al Gore,11,1301.12,27.27272727272727,3,1,1,20.211947689508595
Hans Rosling,9,709.55,11.11111111111111,1,1,1,11.827747739087576
Chris Anderson,9,959.35,0.0,0,0,0,1.7201515223834678
Jacqueline Novogratz,8,923.83,12.5,1,1,1,12.698157100927823
Marco Tempest,7,533.69,0.0,0,0,1,6.790114935620051
Bill Gates,7,2876.97,42.857142857142854,3,1,1,28.49269211407072
Michael Green,7,549.63,0.0,0,0,0,0.9853469247741985
Steven Pinker,6,1286.91,16.666666666666664,1,1,1,14.80765489691627
Rives,6,357.56,0.0,0,0,1,6.4742379128315095
Julian Treasure,5,3907.08,40.0,2,1,0,22.673427901980993
Barry Schwartz,5,1027.37,20.0,1,1,0,9.675503542295472
Lawrence Lessig,5,476.53,0.0,0,0,1,6.687602412923218
Paul Rucker,5,192.78,0.0,0,0,0,0.3453610303661451
Stewart Brand,5,254.23,0.0,0,0,1,6.28892267542312
Dan Ariely,5,959.94,0.0,0,0,1,7.554564949607532
Eve Ensler,5,437.48,0.0,0,0,1,6.617568927770817
Clay Shirky,5,402.54,0.0,0,0,1,6.554906444512818
Jane McGonigal,4,1218.16,0.0,0,0,1,8.017664732861133
Adam Grant,4,3341.73,75.0,3,1,1,40.57624953021711
Jonathan Haidt,4,677.45,0.0,0,0,1,7.047938593123488
Jonathan Drori,4,155.13,0.0,0,0,0,0.2778383487787464
Bjarke Ingels,4,314.61,0.0,0,0,1,6.397210046319459
Jane Fonda,4,1030.62,0.0,0,0,1,7.681324661017818
Enric Sala,4,399.24,0.0,0,0,1,6.548988121823881
David Brooks,4,891.54,25.0,1,1,0,11.181908384416015
John Doerr,4,1423.19,25.0,1,1,1,17.968741341090382
Johan Rockström,4,1670.49,25.0,1,1,1,18.41225685653696
Louie Schwartzberg,4,971.08,25.0,1,1,1,17.15791319839506
Malcolm Gladwell,4,1874.28,25.0,1,1,1,18.777740184045488
Dan Dennett,4,568.72,0.0,0,0,1,6.852938827678658
Margaret Heffernan,4,1118.91,0.0,0,0,1,7.839666694413608
Halla Tómasdóttir,4,695.04,0.0,0,0,1,7.0794850464866315
Ngozi Okonjo-Iweala,4,383.45,0.0,0,0,1,6.520669844472886
Nicholas Negroponte,4,208.05,0.0,0,0,1,6.206102026400383
Kevin Kelly,4,697.95,0.0,0,0,0,1.2513486281750743
Pico Iyer,4,857.44,0.0,0,0,1,7.370738260026964
Ray Kurzweil,4,830.3,0.0,0,0,1,7.322064539488266
Daniel Kraft,4,481.61,0.0,0,0,1,6.696713043001943
Robert Full,4,193.44,0.0,0,0,0,0.34654469490393214
Sarah Jones,4,574.64,0.0,0,0,0,1.030200637031857
Sarah Kay,4,1316.37,25.0,1,1,1,17.777167029080665
Stefan Sagmeister,4,385.79,0.0,0,0,1,6.524866473288676
Steven Johnson,4,661.96,0.0,0,0,0,1.1868030422433218
Danny Hillis,4,254.58,0.0,0,0,1,6.289550376314371
Latif Nasser,4,523.41,0.0,0,0,1,6.771678463728457
Tom Wujec,4,744.12,0.0,0,0,1,7.1675066457511605
Yuval Noah Harari,4,2566.15,25.0,1,1,1,20.018561371558725
Derek Sivers,3,1407.8,0.0,0,0,0,2.5244157071874236
Jonathan Foley,3,751.08,0.0,0,0,0,1.3466336234669334
Bruce Feiler,3,725.84,0.0,0,0,1,7.134722724916695
Carole Cadwalladr,3,4365.43,33.33333333333333,1,1,1,26.16212376473268
Esther Perel,3,4087.16,66.66666666666666,2,1,1,38.16311276513284
Beck Brachman,3,803.53,0.0,0,0,0,1.4406990855986481
David Deutsch,3,562.94,0.0,0,0,1,6.842572795817432
Andrew Solomon,3,2070.68,33.33333333333333,1,1,1,22.04664770702529
Emily Nagoski,3,1167.72,0.0,0,0,1,7.927204067276317
Guy Winch,3,3095.16,66.66666666666666,2,1,0,30.550673793351997
Andrew Youn,3,181.91,0.0,0,0,0,0.32586643411501565
Helen Fisher,3,1248.51,0.0,0,0,0,2.2387400644236326
David Pogue,3,514.33,0.0,0,0,1,6.7553941091782965
Jarrett J. Krosoczka,3,608.87,0.0,0,0,1,6.9249450870607046
Jane Goodall,3,551.1,0.0,0,0,1,6.82133857138198
Mikko Hypponen,3,336.35,0.0,0,0,1,6.436199238821717
Elif Shafak,3,937.3,0.0,0,0,1,7.513961669099201
Ben Saunders,3,290.29,0.0,0,0,0,0.5202384986685953
His Holiness Pope Francis,3,810.02,0.0,0,0,1,7.285693756418082
Arthur Benjamin,3,1403.54,33.33333333333333,1,1,1,20.850178071056707
Dan Gilbert,3,1948.66,33.33333333333333,1,1,1,21.827813242024117
JR,3,349.52,0.0,0,0,0,0.6264634237793952
Julia Shaw,3,566.96,0.0,0,0,0,1.0164270860466986
George Monbiot,3,1222.97,0.0,0,0,1,8.026291136538036
Elon Musk,3,8730.49,66.66666666666666,2,1,1,46.490605277621974
Ian Bremmer,3,3172.45,66.66666666666666,2,1,1,36.52264338731585
Laurel Braitman,3,833.89,0.0,0,0,1,7.328502957201382
Bryn Freedman,3,869.3,0.0,0,0,0,1.5586530502202471
Angus Hervey,3,1260.16,0.0,0,0,0,2.259633536946692
Majora Carter,3,710.37,0.0,0,0,1,7.106978345523414
Aimee Mullins,3,518.68,0.0,0,0,1,6.763195534540984
Marc Bamuthi Joseph,3,1128.99,0.0,0,0,1,7.85774448008163
Christiana Figueres,3,747.83,0.0,0,0,1,7.174160275198418
Edith Widder,3,526.9,0.0,0,0,1,6.777937538329787
Mariana Mazzucato,3,540.03,0.0,0,0,1,6.801485288907277
Martin Reeves,3,767.92,0.0,0,0,1,7.21019030635621
Melinda Gates,3,593.73,0.0,0,0,1,6.897792539936316
Catherine Mohr,3,338.31,0.0,0,0,1,6.439714363812721
Michael Sandel,3,728.58,0.0,0,0,1,7.139636726179628
Monica Araya,3,897.97,0.0,0,0,0,1.6100707203692703
Nancy Lublin,3,340.62,0.0,0,0,1,6.443857189694975
Nathan Myhrvold,3,199.69,0.0,0,0,1,6.191108942255079
Nellie McKay,3,170.18,0.0,0,0,1,6.138184789967055
Christopher Soghoian,3,464.15,0.0,0,0,1,6.6653997356841215
Dr. Phillip Atiba Solomon,3,806.7,0.0,0,0,0,1.4463842622422616
Nick Bostrom,3,929.79,0.0,0,0,1,7.5004930014040765
Nicola Sturgeon,3,774.87,0.0,0,0,1,7.222654652625331
Nina Tandon,3,876.33,0.0,0,0,1,7.404616173843326
Paul Bloom,3,848.71,0.0,0,0,0,1.5217263035035267
Chip Conley,3,675.17,0.0,0,0,1,7.043849570174769
Paula Stone Williams,3,1777.52,33.33333333333333,1,1,1,21.52088544051369
Peter Diamandis,3,184.67,0.0,0,0,1,6.1641716068648345
Philip Zimbardo,3,726.1,0.0,0,0,1,7.135189017007337
Blaise Agüera,3,623.68,0.0,0,0,1,6.951505801916199
Prosanta Chakrabarty,3,693.95,0.0,0,0,1,7.077530206568166
Rachel Botsman,3,431.89,0.0,0,0,0,0.7741883449574571
Raghava KK,3,183.53,0.0,0,0,0,0.3287717925259475
Raj Panjabi,3,123.2,0.0,0,0,1,6.05392939605003
Ze Frank,3,940.12,0.0,0,0,1,7.519019144851562
Richard Dawkins,3,1933.59,33.33333333333333,1,1,1,21.80078623507798
Dean Kamen,3,175.42,0.0,0,0,1,6.1475823690246365
Dean Ornish,3,339.75,0.0,0,0,1,6.442296904622438
Robert Neuwirth,3,273.75,0.0,0,0,1,6.323930450843732
Rory Stewart,3,533.02,0.0,0,0,1,6.788913336771085
Rory Sutherland,3,553.74,0.0,0,0,0,0.9927179266685999
Sal Khan,3,2259.15,33.33333333333333,1,1,1,22.384655669808218
Sally Kohn,3,470.5,0.0,0,0,1,6.676788023282529
Arcas,3,623.68,0.0,0,0,1,6.951505801916199
Anthony D. Romero,3,592.23,0.0,0,0,1,6.895102393259528
Sarah Parcak,3,246.79,0.0,0,0,1,6.275579547906247
Sebastian Wernicke,3,366.99,0.0,0,0,0,0.6577946654083954
Shereen El Feki,3,275.76,0.0,0,0,1,6.327535247390628
Sir Ken Robinson,3,4030.74,66.66666666666666,2,1,1,38.06192738146322
Skylar Tibbits,3,337.3,0.0,0,0,1,6.4379029983836835
Brian Cox,3,442.46,0.0,0,0,0,0.7931449118732288
Dennis Hong,3,314.56,0.0,0,0,1,6.397120374763565
Eric Liu,3,803.25,0.0,0,0,1,7.273552227750176
A.J. Jacobs,3,653.94,0.0,0,0,1,7.005775027542619
Tan Le,3,283.39,0.0,0,0,1,6.341219126819894
Terry Moore,3,2389.0,33.33333333333333,1,1,0,16.784177397597702
Tim Berners-Lee,3,254.63,0.0,0,0,1,6.289640047870264
Tim Harford,3,1306.59,33.33333333333333,1,1,1,20.67630492418026
Craig Venter,3,178.84,0.0,0,0,1,6.153715903447715
Tristan Harris,3,2041.74,33.33333333333333,1,1,1,21.99474581047445
Vishaan Chakrabarti,3,938.01,0.0,0,0,1,7.515235005192879
Xiye Bastida,3,829.23,0.0,0,0,1,7.320145568192156
Alison Killing,3,721.6,0.0,0,0,1,7.127118576976972
Zeynep Tufekci,3,719.21,0.0,0,0,1,7.122832276605289
Erin McKean,2,401.01,0.0,0,0,1,6.552162494902493
Anindya Kundu,2,1158.31,0.0,0,0,0,2.0769725775927332
Elizabeth Gilbert,2,2184.2,50.0,1,1,1,28.083593310389194
Jessica Green,2,403.56,0.0,0,0,0,0.7233804413885061
Elizabeth Lesser,2,495.99,0.0,0,0,1,6.72250258247676
Cesar Harada,2,350.6,0.0,0,0,0,0.6284003293866832
Alanna Shaikh,2,1066.69,0.0,0,0,0,1.9126584185744737
Gayle Tzemach Lemmon,2,233.92,0.0,0,0,1,6.252498089419399
Isabel Allende,2,910.4,0.0,0,0,1,7.465718372028789
Anjan Sundaram,2,661.38,0.0,0,0,1,7.019118155059491
Dolores Huerta,2,822.89,0.0,0,0,1,7.308775214904929
Joe Davis,2,845.74,0.0,0,0,1,7.349755115948012
David Epstein,2,1631.76,50.0,1,1,0,21.259474920774537
Jamil Zaki,2,1173.23,50.0,1,1,0,20.437132950302562
Gretchen Carlson,2,474.92,0.0,0,0,1,6.684714988823466
Don Tapscott,2,1230.94,50.0,1,1,1,26.373987162978747
John McWhorter,2,1057.31,0.0,0,0,1,7.729191337553481
David Gallo,2,997.42,50.0,1,1,1,25.95518512833626
Bill Gross,2,1604.04,50.0,1,1,0,21.20976101018748
Jeff Speck,2,582.46,0.0,0,0,1,6.8775805712380444
César Cuauhtémoc García Hernández,2,677.01,0.0,0,0,1,7.047149483431631
César Hidalgo,2,476.15,0.0,0,0,1,6.686920909098433
David Gruber,2,627.58,0.0,0,0,1,6.95850018327585
Frank Gehry,2,144.85,0.0,0,0,1,6.092757179751681
Billy Collins,2,378.14,0.0,0,0,1,6.511146725237054
Geoff Mulgan,2,117.21,0.0,0,0,1,6.0431867436540525
Charles Leadbeater,2,233.07,0.0,0,0,1,6.250973672969219
Charles Limb,2,210.39,0.0,0,0,1,6.210298655216173
Dalia Mogahed,2,1315.34,50.0,1,1,1,26.52535274932606
Julia Bacha,2,230.91,0.0,0,0,1,6.247099861754644
Dambisa Moyo,2,549.68,0.0,0,0,1,6.818791899194619
David Hoffman,2,139.93,0.0,0,0,0,0.2505781957872867
Alex Steffen,2,246.51,0.0,0,0,1,6.275077387193247
Esther Duflo,2,2879.01,50.0,1,1,1,29.32968718538894
Ella Al-Shamahi,2,539.12,0.0,0,0,1,6.799853266590025
Anthony Atala,2,476.6,0.0,0,0,1,6.687727953101469
Alexander Betts,2,712.19,0.0,0,0,0,1.2768870872933893
Julia Dhar,2,2171.89,50.0,1,1,0,22.228160870463824
Frans Lanting,2,364.68,0.0,0,0,1,6.4870071423906674
Damon Davis,2,244.56,0.0,0,0,1,6.271580196513421
Charmian Gooch,2,411.33,0.0,0,0,1,6.5706707040388
Bob Mankoff,2,630.08,0.0,0,0,1,6.9629837610704985
Damon Horowitz,2,247.3,0.0,0,0,1,6.276494197776356
Frans de Waal,2,1329.86,0.0,0,0,1,8.217990988726005
David Kelley,2,745.26,0.0,0,0,0,1.3361958543609929
Hugh Herr,2,2607.17,50.0,1,1,1,28.842160870310103
David Kwong,2,719.4,0.0,0,0,1,7.12317302851768
David Lammy,2,1049.39,0.0,0,0,1,7.714987363100037
António Guterres,2,569.39,0.0,0,0,1,6.854140426527623
David Lang,2,447.59,0.0,0,0,0,0.8023452135078465
Ellen Jorgensen,2,499.85,0.0,0,0,1,6.729425226591696
Bono,2,283.53,0.0,0,0,1,6.341470207176394
George Blair-West,2,1769.33,0.0,0,0,0,3.172794859227058
George Dyson,2,150.22,0.0,0,0,0,0.2690326019900578
Chimamanda Ngozi Adichie,2,4350.69,50.0,1,1,1,31.969043892919963
Dr. Bernice King,2,967.63,0.0,0,0,0,1.735001132039342
Aparna Pallavi,2,563.9,0.0,0,0,0,1.010939186826049
Aparna Rao,2,236.96,0.0,0,0,1,6.257950120017691
Brené Brown,2,8390.38,100.0,2,1,1,57.54735202585594
Chip Kidd,2,511.56,0.0,0,0,1,6.750426304981827
Julia Sweeney,2,692.69,0.0,0,0,1,7.075270483359662
Joy Buolamwini,2,329.19,0.0,0,0,1,6.423358272017846
Jon Ronson,2,3692.16,50.0,1,1,1,30.788015698876148
Brian Greene,2,1265.95,0.0,0,0,1,8.103372805983625
Chris Abani,2,142.13,0.0,0,0,1,6.087879047111104
Allan Adams,2,629.61,0.0,0,0,1,6.962140848445104
Dan Pallotta,2,920.17,0.0,0,0,1,7.483240194050272
George Whitesides,2,112.71,0.0,0,0,0,0.20176100075915937
Julián Delgado Lopera,2,692.75,0.0,0,0,1,7.075378089226733
Chris Fisher,2,478.25,0.0,0,0,0,0.8573318115814093
Joshua Prager,2,754.15,0.0,0,0,0,1.352139456998761
Joshua Prince-Ramus,2,172.68,0.0,0,0,1,6.142668367761702
Gever Tulley,2,547.48,0.0,0,0,1,6.814846350735329
Chris Milk,2,361.05,0.0,0,0,1,6.480496987432839
Ash Beckham,2,572.11,0.0,0,0,0,1.0256632563036734
Bruce Aylward,2,229.21,0.0,0,0,1,6.244051028854282
Emily Levine,2,728.58,0.0,0,0,1,7.139636726179628
Amanda Palmer,2,1528.91,50.0,1,1,1,26.90837583316725
Jay Walker,2,486.9,0.0,0,0,0,0.8728449907508915
John Hockenberry,2,130.85,0.0,0,0,1,6.067649144101653
Amane Dannouni,2,1081.67,0.0,0,0,0,1.9395240167200047
Ashraf Ghani,2,152.99,0.0,0,0,1,6.107355709051056
Janet Iwasa,2,515.56,0.0,0,0,1,6.757600029453263
John Hodgman,2,322.19,0.0,0,0,1,6.410804254192831
Emma Belcher,2,486.34,0.0,0,0,0,0.8718406693248902
Jinha Lee,2,215.17,0.0,0,0,0,0.38551595309501246
Janine Benyus,2,341.14,0.0,0,0,1,6.444789773876263
Johnny Staats,2,6.29,0.0,0,0,1,5.844259364061111
Asmeret Asefaw Berhe,2,937.09,0.0,0,0,1,7.51358504856445
E.O. Wilson,2,277.57,0.0,0,0,1,6.330781357713954
Atul Gawande,2,945.7,0.0,0,0,1,7.529026490489217
Ilona Szabó de Carvalho,2,1641.44,50.0,1,1,1,27.110190636859944
Amir Nizar Zuabi,2,1010.14,0.0,0,0,0,1.8112398888595362
Amit Sood,2,249.27,0.0,0,0,1,6.2800272570785385
Ed Boyden,2,350.74,0.0,0,0,1,6.462006712607711
Amma Y. Ghartey-Tagoe Kootin,2,503.72,0.0,0,0,0,0.9030105021532832
Amory Lovins,2,218.08,0.0,0,0,1,6.22409014051251
Giorgia Lupi,2,855.23,0.0,0,0,1,7.366774777256496
Christine Blume,2,855.1,0.0,0,0,0,1.533186328346647
Johann Hari,2,7079.62,100.0,2,1,1,55.19659425381083
James Logan,2,90.6,0.0,0,0,0,0.1621082387432926
Jared Diamond,2,398.65,0.0,0,0,1,6.547929997464344
Eddi Reader,2,91.63,0.0,0,0,1,5.997310775659216
Debbie Millman,2,485.27,0.0,0,0,1,6.7032770008933085
Cameron Sinclair,2,137.93,0.0,0,0,1,6.080346636416096
Deborah Gordon,2,474.65,0.0,0,0,1,6.6842307624216435
Ayana Elizabeth Johnson,2,770.95,0.0,0,0,1,7.215624402643322
Karen Armstrong,2,177.82,0.0,0,0,1,6.151886603707499
Karen Lloyd,2,932.62,0.0,0,0,1,7.505568411467618
Kary Mullis,2,132.94,0.0,0,0,1,6.071397415137978
Kasley Killam,2,2237.42,50.0,1,1,0,22.345684411617135
Kate Stone,2,367.87,0.0,0,0,1,6.492728187656639
Graham Hill,2,886.69,0.0,0,0,1,7.423196120224346
Keller Rinaudo Cliffton,2,363.88,0.0,0,0,1,6.485572397496381
Ken Goldberg,2,656.68,0.0,0,0,1,7.010689028805553
Keolu Fox,2,703.66,0.0,0,0,1,7.094944422722578
Kesha,2,921.04,0.0,0,0,1,7.484800479122809
Glenn Cantave,2,103.9,0.0,0,0,0,0.1859608726108199
Kevin Stone,2,99.01,0.0,0,0,1,6.010546297309015
Kim Gorgens,2,796.42,0.0,0,0,0,1.4279477903506692
Kitra Cahana,2,340.79,0.0,0,0,1,6.444162072985011
Krista Tippett,2,650.74,0.0,0,0,1,7.000036047965469
Kristen Marhaver,2,369.32,0.0,0,0,1,6.495328662777535
Kristine McDivitt Tompkins,2,1247.16,0.0,0,0,0,2.2363189324145227
LaToya Ruby Frazier,2,697.41,0.0,0,0,1,7.083735478235957
Larry Brilliant,2,676.55,0.0,0,0,1,7.046324505117414
Camille Seaman,2,1028.01,0.0,0,0,1,7.676643805800206
Laura Boushnak,2,250.37,0.0,0,0,1,6.282000031308183
Jennifer Doudna,2,1655.14,0.0,0,0,1,8.801358262743245
Lauren Sallan,2,608.55,0.0,0,0,1,6.92437118910299
Aziz Abu Sarah,2,2195.11,50.0,1,1,1,28.103159643885046
Lee Cronin,2,196.05,0.0,0,0,0,0.3512255501215447
Lesley Hazleton,2,426.45,0.0,0,0,1,6.59778738254083
Leticia Gasca,2,470.29,0.0,0,0,0,0.8430560998832501
Levon Biss,2,225.35,0.0,0,0,0,0.4037730818748191
Lewis Pugh,2,194.94,0.0,0,0,1,6.182590144445248
Lily Yeh,2,910.64,0.0,0,0,1,7.466148795497074
Lindiwe Mazibuko,2,475.12,0.0,0,0,1,6.685073675047038
Liv Boeree,2,1363.15,0.0,0,0,1,8.27769431063954
Liz Ogbu,2,563.13,0.0,0,0,1,6.842913547729824
Jack Dangermond,2,962.43,0.0,0,0,1,7.559030593091003
Lucy Hone,2,2073.62,50.0,1,1,0,22.0519203945118
Luis von Ahn,2,7525.51,50.0,1,1,1,37.66286487452169
Luisa Neubauer,2,1386.9,0.0,0,0,1,8.320288299688695
Madame Gandhi,2,553.74,0.0,0,0,1,6.826073229533128
Maira Kalman,2,794.87,0.0,0,0,1,7.258523274982514
Christopher Bell,2,1548.16,50.0,1,1,0,21.10954407932151
James Nachtwey,2,172.25,0.0,0,0,1,6.141897192381023
Mandy Len Catron,2,1066.18,0.0,0,0,0,1.9117437687043655
Manoush Zomorodi,2,1632.07,50.0,1,1,1,27.0933861872856
Manu Prakash,2,528.54,0.0,0,0,1,6.7808787653630755
Anand Giridharadas,2,421.99,0.0,0,0,1,6.589788679755178
Marcelo Mena,2,471.57,0.0,0,0,1,6.678706994578637
Eric Berlow,2,308.49,0.0,0,0,1,6.38623424787816
Margaret Gould Stewart,2,278.17,0.0,0,0,0,0.4985021135201417
Jennifer Golbeck,2,1192.56,0.0,0,0,1,7.971752896243937
Maria Popova,2,716.0,0.0,0,0,1,7.117075362716959
Eric Dishman,2,182.45,0.0,0,0,0,0.32683488691865964
Martin Rees,2,387.53,0.0,0,0,1,6.52798704343375
Baratunde Thurston,2,1648.8,50.0,1,1,1,27.123390289887382
Mary Lou Jepsen,2,299.81,0.0,0,0,1,6.3706672657751415
Mary Robinson,2,863.52,0.0,0,0,1,7.3816423212235485
Maryn McKenna,2,283.21,0.0,0,0,1,6.34089630921868
Matt Cutts,2,1864.79,50.0,1,1,1,27.510753477033788
Matthieu Ricard,2,1131.27,0.0,0,0,1,7.861833503030348
Max Tegmark,2,866.78,0.0,0,0,1,7.3874889066677705
Maz Jobrani,2,2917.08,50.0,1,1,1,29.39796310804585
Jack Horner,2,646.93,0.0,0,0,0,1.1598477725418979
Melissa Fleming,2,433.26,0.0,0,0,1,6.610000648453451
Del Harvey,2,130.55,0.0,0,0,1,6.067111114766295
Michael Metcalfe,2,281.44,0.0,0,0,0,0.5043666332755413
Carl Honoré,2,288.37,0.0,0,0,1,6.3501504137868325
Michael Shermer,2,882.97,0.0,0,0,1,7.416524556465911
Miguel Nicolelis,2,341.74,0.0,0,0,1,6.4458658325469775
Kathryn Schulz,2,792.33,0.0,0,0,1,7.253967959943153
Min Kym,2,857.12,0.0,0,0,0,1.5368090592047225
Miracle Jones,2,568.26,0.0,0,0,0,1.0187585464999154
Misha Glenny,2,252.54,0.0,0,0,1,6.285891776833938
Joachim Horn,2,7.09,0.0,0,0,0,0.012338806090871257
Moriba Jah,2,352.01,0.0,0,0,1,6.464284370127392
Morley,2,39.7,0.0,0,0,0,0.07082259484425958
Moshe Safdie,2,286.46,0.0,0,0,1,6.346724960351721
Murray Gell-Mann,2,203.35,0.0,0,0,1,6.197672900146444
Myriam Sidibe,2,5675.74,50.0,1,1,0,28.512074492774765
Nalini Nadkarni,2,102.53,0.0,0,0,1,6.01685917484388
Golan Levin,2,122.24,0.0,0,0,1,6.052207702176885
Naomi Klein,2,579.26,0.0,0,0,1,6.8718415916608935
Natalie MacMaster,2,201.71,0.0,0,0,1,6.194731673113155
Nathalia Holt,2,37.51,0.0,0,0,1,5.900250283560675
Carl Safina,2,436.67,0.0,0,0,1,6.616116248565351
Nathan Wolfe,2,259.54,0.0,0,0,1,6.298445794658952
Natsai Audrey Chieza,2,664.44,0.0,0,0,1,7.024606054280142
Negin Farsad,2,579.33,0.0,0,0,1,6.871967131839145
Neil Gershenfeld,2,156.07,0.0,0,0,1,6.1128794768940615
Achim Steiner,2,438.27,0.0,0,0,1,6.618985738353926
Edward Burtynsky,2,156.66,0.0,0,0,1,6.113937601253598
Nicholas Christakis,2,249.27,0.0,0,0,1,6.2800272570785385
Hannah Fry,2,878.9,0.0,0,0,1,7.409225291816222
Eric Lewis,2,107.59,0.0,0,0,0,0.19257863343572032
Nick Hanauer,2,1710.46,50.0,1,1,1,27.233973252614586
Edward Tenner,2,592.34,0.0,0,0,0,1.061944367817965
Nigel Topping,2,693.9,0.0,0,0,0,1.2440852321477447
Nili Gilbert,2,1063.01,0.0,0,0,0,1.9060585920607518
Jedidah Isler,2,511.84,0.0,0,0,1,6.750928465694828
Nir Eyal,2,560.12,0.0,0,0,1,6.8375153200650685
Nita Farahany,2,1076.56,0.0,0,0,1,7.763714886572272
Noah Feldman,2,392.97,0.0,0,0,1,6.537743308714905
Noah Wilson-Rich,2,500.26,0.0,0,0,0,0.8968052304854902
Nora Flanagan,2,529.88,0.0,0,0,0,0.9499266601964793
OK Go,2,427.59,0.0,0,0,1,6.59983189401519
Olafur Eliasson,2,115.66,0.0,0,0,1,6.040406925421371
Olivia Remes,2,1713.96,50.0,1,1,0,21.406894958662562
Paola Antonelli,2,235.74,0.0,0,0,1,6.255762134053904
Parag Khanna,2,700.48,0.0,0,0,1,7.089241311767785
Pardis Parker,2,207.37,0.0,0,0,1,6.2048824932402376
Pardis Sabeti,2,716.76,0.0,0,0,1,7.118438370366532
Pat Mitchell,2,792.24,0.0,0,0,1,7.253806551142546
Patrick Chappatte,2,221.19,0.0,0,0,1,6.229667711289052
Patty McCord,2,957.74,0.0,0,0,1,7.550619401148243
Garry Kasparov,2,1160.32,0.0,0,0,1,7.913932677004157
Paul Collier,2,176.4,0.0,0,0,1,6.149339931520139
Paul MacCready,2,88.06,0.0,0,0,1,5.9909082265684575
Paul Romer,2,113.1,0.0,0,0,1,6.035815741759652
Paul Rothemund,2,107.28,0.0,0,0,1,6.025377972653711
Andrew Bastawrous,2,438.82,0.0,0,0,0,0.7866168226042213
Fei-Fei Li,2,1610.47,50.0,1,1,1,27.05464807513984
Beau Lotto,2,798.37,0.0,0,0,1,7.264800283895021
Peter Gabriel,2,164.29,0.0,0,0,1,6.127621480682864
Phil Plait,2,654.33,0.0,0,0,1,7.006474465678584
Johanna Blakley,2,275.26,0.0,0,0,0,0.4932832289671714
Andrew McAfee,2,695.34,0.0,0,0,1,7.080023075821989
Gordon Brown,2,184.76,0.0,0,0,1,6.164333015665442
Eric Topol,2,276.7,0.0,0,0,1,6.329221072641417
Raffaello D'Andrea,2,3030.99,100.0,2,1,1,47.935655227112555
Andrew Ng,2,1305.28,50.0,1,1,1,26.50731083228039
Eric Whitacre,2,611.71,0.0,0,0,1,6.930038431435424
Rashad Robinson,2,692.17,0.0,0,0,1,7.074337899178376
Raul Midon,2,76.42,0.0,0,0,1,5.970032688356577
Andrew Pelling,2,353.95,0.0,0,0,1,6.467763626496039
Rebeca Hwang,2,408.24,0.0,0,0,0,0.7317736990200872
Rebecca MacKinnon,2,257.92,0.0,0,0,1,6.295540436248021
Rebecca Onie,2,514.91,0.0,0,0,1,6.756434299226655
Refik Anadol,2,871.14,0.0,0,0,1,7.395308266341635
Reggie Watts,2,2034.69,50.0,1,1,1,27.81545742395807
Renny Gleeson,2,317.91,0.0,0,0,1,6.403128369008392
Renzo Vitale,2,389.48,0.0,0,0,0,0.6981289312490487
Resistance Revival Chorus,2,2.77,0.0,0,0,0,0.004591183661719538
Hany Farid,2,4170.06,50.0,1,1,1,31.64509643010106
Richard St. John,2,1655.49,50.0,1,1,0,21.302033041201334
Richard Wilkinson,2,1015.94,0.0,0,0,0,1.8216417893431196
James Veitch,2,24109.39,100.0,2,1,0,79.90495839893127
Rob Reid,2,839.64,0.0,0,0,1,7.338815186129071
Clint Smith,2,988.58,0.0,0,0,1,7.6059288168230195
Robert Gupta,2,472.51,0.0,0,0,0,0.8470375169648976
Robert Muggah,2,373.58,0.0,0,0,1,6.502968679339614
Harald Haas,2,667.3,0.0,0,0,1,7.029735267277218
Robert Thurman,2,213.85,0.0,0,0,1,6.2165039268839655
Robert Wright,2,182.93,0.0,0,0,0,0.32769573385523204
Robin Chase,2,161.96,0.0,0,0,1,6.123442786178252
Robin Hauser,2,826.08,0.0,0,0,0,1.481140957306373
Robin Steinberg,2,987.9,0.0,0,0,1,7.604709283662875
Rodney Brooks,2,219.72,0.0,0,0,1,6.227031367545799
Rokia Traore,2,33.24,0.0,0,0,1,5.892592332687417
Roman Krznaric,2,1155.41,0.0,0,0,1,7.905126930215468
Eli Pariser,2,1103.28,0.0,0,0,1,7.81163536604147
Carolyn Porco,2,332.49,0.0,0,0,1,6.4292765947067805
Rose George,2,393.63,0.0,0,0,1,6.538926973252692
Rose M. Mutiso,2,890.84,0.0,0,0,0,1.5972835564989345
Ryan Martin,2,814.22,0.0,0,0,0,1.459870864248563
Sakinah Hofler,2,483.45,0.0,0,0,0,0.8666576533942772
Ben Goldacre,2,617.77,0.0,0,0,1,6.940906624009652
Diana Nyad,2,889.1,0.0,0,0,1,7.427518289218386
Sam Harris,2,1601.13,0.0,0,0,1,8.704495048067669
Sam Kass,2,991.73,0.0,0,0,1,7.611578124844276
Sangu Delle,2,675.96,0.0,0,0,0,1.2119110778933506
Angel Hsu,2,475.15,0.0,0,0,1,6.685127477980574
Benedetta Berti,2,658.53,0.0,0,0,1,7.0140068763735925
Joan C. Williams,2,419.4,0.0,0,0,1,6.585143693159923
Saul Griffith,2,109.41,0.0,0,0,1,6.029197980934751
Scott Galloway,2,5845.53,50.0,1,1,0,28.816581162276073
Scott Williams,2,216.69,0.0,0,0,0,0.3882419683941585
Sean Gourley,2,219.25,0.0,0,0,0,0.39283315205587793
Sebastian Junger,2,740.46,0.0,0,0,1,7.160942687859796
Sebastian Thrun,2,620.05,0.0,0,0,1,6.94499564695837
Jonathan Harris,2,163.83,0.0,0,0,1,6.126796502368649
Seth Berkley,2,250.76,0.0,0,0,1,6.2826994694441485
Seth Godin,2,779.19,0.0,0,0,1,7.230402275054483
Shabana Basij-Rasikh,2,930.59,0.0,0,0,1,7.501927746298365
Shaka Senghor,2,769.49,0.0,0,0,1,7.213005993211249
ShaoLan,2,1168.65,0.0,0,0,0,2.0955166553513975
Sharmeen Obaid-Chinoy,2,660.95,0.0,0,0,1,7.018346979678812
Sheena Iyengar,2,719.03,0.0,0,0,1,7.122509459004073
John Bidden,2,2.64,0.0,0,0,0,0.004358037616397843
Sherwin Nuland,2,240.22,0.0,0,0,1,6.263796705461913
Sheryl Sandberg,2,1488.39,50.0,1,1,1,26.835706004271593
Shimon Schocken,2,179.99,0.0,0,0,0,0.32242304636872604
Shohini Ghose,2,1293.49,0.0,0,0,1,8.152763898969466
Shonda Rhimes,2,1032.66,0.0,0,0,1,7.684983260498253
Shubhendu Sharma,2,734.93,0.0,0,0,0,1.3176697109135074
Simon Anholt,2,1116.92,0.0,0,0,1,7.83609776648907
Simon Sinek,2,6255.55,100.0,2,1,1,53.71868147251659
Simona Francese,2,2044.54,50.0,1,1,0,21.999767417604453
Benjamin Zander,2,1980.12,50.0,1,1,1,27.71758988785649
Casey Gerald,2,787.21,0.0,0,0,0,1.411430289755186
Sleepy Man Banjo Boys,2,1396.88,50.0,1,1,1,26.6715891226763
Sonaar Luthra,2,773.9,0.0,0,0,0,1.38755972157648
Sophie Scott,2,624.2,0.0,0,0,1,6.952438386097485
Stanley McChrystal,2,479.82,0.0,0,0,1,6.693502801300976
Harry Baker,2,271.0,0.0,0,0,0,0.4856432124050913
Stephen Petranek,2,1169.13,0.0,0,0,1,7.929732805152498
Stephen Trzeciak,2,42.74,0.0,0,0,0,0.07627462544255155
Stephen Wilkes,2,393.5,0.0,0,0,1,6.5386938272073705
Stephen Wolfram,2,798.91,0.0,0,0,1,7.265768736698666
Steve Brown,2,5.77,0.0,0,0,0,0.009971477015297119
Greg Gage,2,776.87,50.0,1,1,0,19.726288592427892
Steven Levitt,2,415.51,0.0,0,0,1,6.578167246111451
Kakenya Ntaiya,2,732.45,0.0,0,0,1,7.146577304605743
Diego Prilusky,2,89.21,0.0,0,0,0,0.1596153694894683
Sugata Mitra,2,739.83,0.0,0,0,1,7.1598128262555445
Susan Cain,2,3410.01,50.0,1,1,1,30.281999108972173
Suzanne Lee,2,730.61,0.0,0,0,1,7.143277391348883
T. Morgan Dixon,2,609.6,0.0,0,0,0,1.0928989889122145
Kaki King,2,317.73,0.0,0,0,1,6.402805551407178
Taryn Simon,2,241.62,0.0,0,0,1,6.266307509026917
Taylor Wilson,2,673.32,0.0,0,0,1,7.04053172260673
John Maeda,2,253.24,0.0,0,0,1,6.28714717861644
Thomas Dohmke,2,1387.86,0.0,0,0,1,8.322009993561839
Thomas Heatherwick,2,1018.43,0.0,0,0,1,7.6594627356911165
Tiana Epps-Johnson,2,972.13,0.0,0,0,0,1.743071572069708
David Brenner,2,745.33,0.0,0,0,1,7.169676697403771
Tim Exile,2,6.12,0.0,0,0,1,5.8439544807710755
Al Roker,2,765.88,0.0,0,0,1,7.206531706875777
Tim Leberecht,2,386.11,0.0,0,0,1,6.525440371246391
Titus Kaphar,2,418.61,0.0,0,0,1,6.583726882576814
Tom Shannon,2,159.05,0.0,0,0,0,0.2848685987607545
Tom Thum,2,4481.52,50.0,1,1,1,32.20367848606948
David Burkus,2,931.57,0.0,0,0,0,1.6703300059293393
Countdown Summit,2,46.09,0.0,0,0,0,0.08228261968737985
Tshering Tobgay,2,1278.63,0.0,0,0,1,8.12611351255808
Uldus Bakhtiozina,2,369.49,0.0,0,0,1,6.495633546067571
Uri Alon,2,693.75,0.0,0,0,1,7.077171520344592
Vijay Kumar,2,823.62,0.0,0,0,0,1.4767291167564394
Courtney E. Martin,2,565.58,0.0,0,0,1,6.847307453968581
Vusi Mahlasela,2,104.57,0.0,0,0,1,6.020517774324312
Wade Davis,2,550.72,0.0,0,0,0,0.9873017646926651
Wael Ghonim,2,375.95,0.0,0,0,1,6.507219111088941
Wanis Kabbaj,2,985.8,0.0,0,0,0,1.7675877754508433
Wanjira Mathai,2,1133.89,0.0,0,0,1,7.866532292559139
Wendy Woods,2,293.03,0.0,0,0,1,6.358507802796057
Will Marshall,2,595.24,0.0,0,0,1,6.900500620924284
Will Potter,2,813.95,0.0,0,0,1,7.292741940711268
William Kamkwamba,2,605.29,0.0,0,0,1,6.918524603658768
Alain de Botton,2,1111.91,0.0,0,0,1,7.827112676588594
Yordanos Eyoel,2,895.53,0.0,0,0,0,1.605694748441694
Yuko Munakata,2,1483.54,50.0,1,1,1,26.827007863349976
David Byrne,2,236.31,0.0,0,0,1,6.256784389791083
Yves Béhar,2,165.72,0.0,0,0,1,6.130186087181403
Yves Morieux,2,807.48,0.0,0,0,0,1.447783138514192
Yvonne Aki-Sawyerr,2,988.9,0.0,0,0,1,7.606502714780734
Honor Harger,2,149.78,0.0,0,0,1,6.101598795162727
eL Seed,2,381.19,0.0,0,0,1,6.516616690146523
Andrew Blum,1,367.56,0.0,0,0,1,6.492172224010102
Andrew Connolly,1,315.15,0.0,0,0,1,6.3981784991231025
Andrew Dent,1,540.66,0.0,0,0,1,6.802615150511529
Andrew Fitzgerald,1,239.98,0.0,0,0,1,6.263366281993626
Andrew Forrest,1,1342.79,0.0,0,0,1,8.241180053079926
Andrew Marantz,1,1066.62,0.0,0,0,1,7.745888181260751
Andrew Miki,1,1361.97,0.0,0,0,0,2.4422227590559364
Andrew Millar,1,8.78,0.0,0,0,1,5.848725007544582
Andrew Mwenda,1,212.67,0.0,0,0,1,6.214387678164892
Andrew Nemr,1,4.68,0.0,0,0,0,0.0080166370968306
Andrew Peek,1,57.96,0.0,0,0,0,0.1035706470563685
Andrew Stanton,1,1203.42,0.0,0,0,1,7.991229558183889
Andrew Winston,1,9.19,0.0,0,0,1,5.8494603143029025
Andrew Yang,1,2660.53,100.0,1,1,1,46.43792426335264
Andri Snær Magnason,1,212.32,0.0,0,0,1,6.213759977273641
Andrés Ruzo,1,647.6,0.0,0,0,1,6.994404674255391
Andy Dunn,1,1604.66,0.0,0,0,1,8.710825859913712
Andy Hobsbawm,1,84.36,0.0,0,0,1,5.984272531432379
Andy Jarvis,1,1159.28,0.0,0,0,0,2.0787122057770566
Andy Laats,1,1588.08,0.0,0,0,0,2.847735469115079
Andy Puddicombe,1,3199.46,100.0,1,1,1,47.4044580957005
Andy Yen,1,495.99,0.0,0,0,0,0.8891472796122315
Ane Brun,1,4.46,0.0,0,0,1,5.840977385115429
Angela Belcher,1,192.23,0.0,0,0,1,6.17772994611585
Angela Francis,1,1009.71,0.0,0,0,0,1.8104687134788566
Angela Lee Duckworth,1,8053.66,100.0,1,1,1,56.1101314280126
Angela Mahecha Adrar,1,751.54,0.0,0,0,0,1.3474586017811485
Angela Oguntala,1,129.63,0.0,0,0,0,0.23210585527333694
Angela Patton,1,210.54,0.0,0,0,1,6.210567669883852
Angela Wang,1,691.2,0.0,0,0,1,7.072598270994053
Angelica Dass,1,33.85,0.0,0,0,1,5.893686325669311
Angelicque White,1,922.57,0.0,0,0,1,7.487544428733134
Angeline Murimirwa,1,1440.26,0.0,0,0,1,8.41598578413766
Angelo Vermeulen,1,304.8,0.0,0,0,1,6.3796164870532595
Angie Murimirwa,1,903.64,0.0,0,0,0,1.620239474807532
Angélica Dass,1,861.83,0.0,0,0,1,7.378611422634367
Angélique Kidjo,1,1409.42,0.0,0,0,1,8.360676368462883
Angélique Parisot-Potter,1,839.11,0.0,0,0,0,1.504509364772078
Ani Liu,1,319.05,0.0,0,0,0,0.5718175776182256
Anicka Yi,1,1447.8,0.0,0,0,1,8.429508254766318
Anika Goss,1,1169.42,0.0,0,0,0,2.096897597312149
Anika Paulson,1,435.62,0.0,0,0,0,0.7808778430270719
Anil Ananthaswamy,1,2258.69,100.0,1,1,1,45.71725190295211
Anil Gupta,1,143.21,0.0,0,0,0,0.25646064985386485
Anil Raj,1,5.22,0.0,0,0,1,5.842340392765002
Anil Seth,1,2679.19,100.0,1,1,1,46.4713896880119
Anima Anandkumar,1,1029.72,0.0,0,0,1,7.679710573011747
Anirudh Krishna,1,1637.88,0.0,0,0,0,2.937048338784467
Anirudh Sharma,1,251.26,0.0,0,0,0,0.45024088213855074
Anita Collins,1,2845.07,0.0,0,0,0,5.1020604499529085
Anjali Kumar,1,1336.22,0.0,0,0,0,2.396041907771062
Anjali Sud,1,1410.61,0.0,0,0,1,8.362810551493135
Anjali Tripathi,1,414.02,0.0,0,0,0,0.7421397308813132
Anjan Chatterjee,1,1035.88,0.0,0,0,1,7.690758108697761
Ann Curry,1,19.61,0.0,0,0,1,5.868147866550996
Ann Morgan,1,529.89,0.0,0,0,0,0.949944594507658
AnnMarie Thomas,1,195.43,0.0,0,0,1,6.183468925693
Anna Babel,1,942.59,0.0,0,0,0,1.6900936168481477
Anna Deavere Smith,1,199.91,0.0,0,0,1,6.1915034971010074
Anna Greka,1,836.2,0.0,0,0,0,1.4992904802191078
Anna Heringer,1,404.04,0.0,0,0,1,6.557596591189606
Anna Malaika Tubbs,1,1367.3,0.0,0,0,0,2.4517817469141256
Anna Maria Coclite,1,899.65,0.0,0,0,0,1.6130836846472738
Anna Mracek Dietrich,1,202.35,0.0,0,0,0,0.3625241661640576
Anna Piperal,1,1165.72,0.0,0,0,0,2.0902619021760698
Anna Rosling Rönnlund,1,836.88,0.0,0,0,1,7.333865316243779
Anna Rothschild,1,4532.58,0.0,0,0,1,13.961848698516006
Annalee Newitz,1,914.39,0.0,0,0,1,7.472874162189045
Anne Basting,1,164.87,0.0,0,0,1,6.128661670731223
Anne Curzan,1,523.5,0.0,0,0,1,6.771839872529066
Anne Lamott,1,2365.68,100.0,1,1,1,45.909131098251855
Anne Madden,1,558.4,0.0,0,0,0,1.0010753156778236
Anne Marie Albano,1,305.26,0.0,0,0,1,6.380441465367475
Anne Milgram,1,293.63,0.0,0,0,1,6.359583861466772
Anne Morriss,1,2435.53,100.0,1,1,1,46.03440226183432
Anne Pasternak,1,112.11,0.0,0,0,1,6.034040244952972
Anne Scherer,1,1169.49,0.0,0,0,0,2.097023137490399
Anne-Marie Slaughter,1,601.48,0.0,0,0,1,6.911691631099726
Annette Heuser,1,291.84,0.0,0,0,0,0.5230183169012769
Annie Lennox,1,102.99,0.0,0,0,1,6.017684153158095
Annie Murphy Paul,1,610.87,0.0,0,0,1,6.928531949296422
Annie Rauwerda,1,1246.99,0.0,0,0,1,8.069369351989012
Anote Tong,1,323.67,0.0,0,0,1,6.413458532247263
Anshul Tewari,1,3088.2,100.0,1,1,0,41.37156564666296
Anthony Goldbloom,1,926.38,0.0,0,0,1,7.494377401292178
Anthony Myint,1,1025.29,0.0,0,0,1,7.671765673159631
Anthony Tan,1,1029.52,0.0,0,0,1,7.679351886788174
Anthony Veneziale,1,231.23,0.0,0,0,0,0.4143184568478311
Antionette Carroll,1,16.87,0.0,0,0,1,5.863233865288062
Antoine Gourévitch,1,856.24,0.0,0,0,0,1.5352308398210062
Antonella Mei-Pochtler,1,7.86,0.0,0,0,0,0.013719748051622838
Antonio Damasio,1,504.54,0.0,0,0,1,6.737836418534454
Antonio Donato Nobre,1,305.52,0.0,0,0,0,0.5475524545935907
Antonio Garcia Vicente,1,1131.99,0.0,0,0,0,2.0297694705706792
Antonio Muñoz Fernández,1,3.31,0.0,0,0,0,0.005559636465363503
Antony Gormley,1,124.68,0.0,0,0,1,6.056583674104462
Antón García-Abril,1,9.4,0.0,0,0,0,0.016481631973125997
Anu Puusa,1,775.93,0.0,0,0,0,1.391200386745734
Anu Sridharan,1,4.53,0.0,0,0,0,0.00774762242915172
Anuj Tanna,1,3269.2,100.0,1,1,0,41.696176678995464
Anupam Mishra,1,223.27,0.0,0,0,1,6.233398048014199
Anushka Naiknaware,1,586.21,0.0,0,0,1,6.884305937930016
Anushka Ratnayake,1,1247.69,0.0,0,0,0,2.237269450906988
Aomawa Shields,1,517.56,0.0,0,0,1,6.761186891688981
Aparna Bharadwaj,1,1365.0,0.0,0,0,0,2.4476568553430504
Aparna Hegde,1,961.34,0.0,0,0,0,1.7237204503080077
Aparna Mehta,1,756.8,0.0,0,0,0,1.3568920494610879
Aparna Nancherla,1,766.06,0.0,0,0,1,7.2068545244769915
Apiorkor Seyiram Ashong-Abbey,1,5.31,0.0,0,0,1,5.842501801565609
Apolinário Passos,1,952.21,0.0,0,0,0,1.7073464242019534
Apollo Robbins,1,7805.06,100.0,1,1,1,55.6642844521128
Aqeela Sherrills,1,3515.72,100.0,1,1,1,47.971648621034646
Aravind Srinivas,1,2564.06,100.0,1,1,1,46.264911963412764
Archie Crowley,1,930.1,0.0,0,0,0,1.6676936621860865
Ari Wallach,1,880.2,0.0,0,0,1,7.41155675226944
Ariana Curtis,1,1306.57,0.0,0,0,0,2.342866675126537
Arianna Huffington,1,1092.89,0.0,0,0,1,7.793001616726912
Aric Yegudkin,1,31.71,0.0,0,0,1,5.889848383077092
Ariel Ekblaw,1,1927.76,0.0,0,0,1,9.290283454094016
Ariel Garten,1,97.75,0.0,0,0,1,6.008286574100514
Ariel Waldman,1,859.14,0.0,0,0,1,7.3737870929273255
Arik Hartmann,1,427.22,0.0,0,0,0,0.7658130216370548
Arindam Bhattacharya,1,34.41,0.0,0,0,0,0.06133534423078444
Aris Venetikidis,1,161.44,0.0,0,0,0,0.2891548991324379
Arjan Dwarshuis,1,6.36,0.0,0,0,0,0.011029601374834047
Armando Azua-Bustos,1,416.68,0.0,0,0,0,0.7469102576548188
Arnav Kapur,1,371.24,0.0,0,0,1,6.498772050523825
Arthur Brooks,1,410.59,0.0,0,0,0,0.7359882621470561
Arthur Ganson,1,167.05,0.0,0,0,1,6.1325713505681545
Arthur Potts Dawson,1,182.86,0.0,0,0,1,6.160925496541509
Artūrs Miksons,1,205.54,0.0,0,0,0,0.3682452114300284
Aruna Rangachar Pohl,1,947.67,0.0,0,0,0,1.6992042469268724
Arunabha Ghosh,1,128.78,0.0,0,0,0,0.23058143882315665
Arunachalam Muruganantham,1,407.8,0.0,0,0,1,6.5643398921927565
Asali DeVan Ecclesiastes,1,95.65,0.0,0,0,0,0.17116506588848154
Asha Curran,1,1137.67,0.0,0,0,0,2.0399561593201194
Asha de Vos,1,582.65,0.0,0,0,1,6.877921323150436
Asher Hasan,1,86.09,0.0,0,0,0,0.15401986440174764
Ashif Shaikh,1,846.64,0.0,0,0,1,7.351369203954085
Ashley Clift-Jennings,1,5142.83,100.0,1,1,0,45.05640302435
Ashley Graham,1,1643.75,0.0,0,0,1,8.780931082310827
Ashley Judd,1,642.63,0.0,0,0,1,6.985491321599631
Ashley M. Grice,1,1612.65,0.0,0,0,0,2.8918000716808794
Ashton Applewhite,1,683.78,0.0,0,0,1,7.059291012099537
Ashton Cofer,1,498.61,0.0,0,0,0,0.8938460691410226
Ashweetha,1,921.69,0.0,0,0,0,1.6526109064848904
Ashwin Naidu,1,832.19,0.0,0,0,0,1.4920988214364928
Ashwini Anburajan,1,760.26,0.0,0,0,0,1.3630973211288806
Ashwini Bhandiwad,1,19.5,0.0,0,0,0,0.03459528626350386
Ashwini Mrinal Bhagat,1,96.34,0.0,0,0,0,0.17240253335980438
Aspen Baker,1,528.66,0.0,0,0,0,0.9477386742326912
Astro Teller,1,865.06,0.0,0,0,1,7.384404205145052
Athena Kugblenu,1,1561.31,0.0,0,0,1,8.633080620954516
Aubrey de Grey,1,686.41,0.0,0,0,1,7.064007735939507
Audrey Choi,1,562.22,0.0,0,0,0,1.0079262225480459
Audrey Tang,1,227.29,0.0,0,0,1,6.240607641107993
Augie Picado,1,635.64,0.0,0,0,0,1.139599935221268
Auke Ijspeert,1,584.38,0.0,0,0,1,6.881023958984334
Auret van Heerden,1,138.6,0.0,0,0,0,0.24819293240053394
Austin Eubanks,1,366.61,0.0,0,0,1,6.490468464448136
Ava DuVernay,1,1016.85,0.0,0,0,1,7.6566291145249
Avani Prabhakar,1,1189.54,0.0,0,0,0,2.132981431403476
Avi Loeb,1,3842.7,100.0,1,1,1,48.55806472795225
Avi Reichental,1,667.98,0.0,0,0,1,7.030954800437361
Avi Rubin,1,275.94,0.0,0,0,1,6.327858064991842
Avinash Persaud,1,1157.32,0.0,0,0,1,7.90855238365058
Aviv Regev,1,67.48,0.0,0,0,1,5.953999414162916
Avni Patel Thompson,1,1546.09,0.0,0,0,0,2.7724292964761714
Axel Reinaud,1,1417.59,0.0,0,0,0,2.541973397831265
Ayah Bdeir,1,267.76,0.0,0,0,1,6.313187798447754
Ayanna Howard,1,17.68,0.0,0,0,1,5.864686544493527
Ayelet Fishbach,1,2112.66,100.0,1,1,1,45.455357156811125
Azim Khamisa,1,415.44,0.0,0,0,1,6.578041705933201
Azim Shariff,1,2050.06,0.0,0,0,0,3.6762647769436696
Aziza Chaouni,1,192.25,0.0,0,0,1,6.1777658147382075
B.E.A.T. NYC,1,1.52,0.0,0,0,0,0.0023493947643955446
BJ Miller,1,5112.19,100.0,1,1,1,50.83480759776332
BLACK,1,3475.93,100.0,1,1,1,47.90028799685503
Baba Shiv,1,190.6,0.0,0,0,1,6.17480665339374
Bahia Shehab,1,250.85,0.0,0,0,1,6.282860878244756
Bandi Mbubi,1,139.51,0.0,0,0,0,0.2498249547177858
Barat Ali Batoor,1,276.94,0.0,0,0,1,6.329651496109702
Barbara Block,1,69.5,0.0,0,0,1,5.957622145020991
Barbara F. Walter,1,2473.44,100.0,1,1,1,46.102391235512364
Barbara J. King,1,1525.32,0.0,0,0,1,8.568535035022764
Barbara Natterson-Horowitz,1,465.23,0.0,0,0,1,6.667336641291409
Barbara Sherman,1,346.79,0.0,0,0,0,0.6215673568276396
Bari Weiss,1,1157.85,0.0,0,0,1,7.909502902143045
Baron Ryan,1,2383.75,0.0,0,0,0,4.2747148066621055
Baroness Beeban Kidron,1,5.57,0.0,0,0,0,0.009612790791725282
Barry Sonnenfeld,1,3696.53,100.0,1,1,1,48.29591890145477
Bart Knols,1,74.81,0.0,0,0,0,0.1337899613922959
Bart Weetjens,1,128.31,0.0,0,0,0,0.22973852619776283
Barton Seaver,1,118.03,0.0,0,0,1,6.044657357170697
Bas Sudmeijer,1,769.2,0.0,0,0,0,1.379130595322542
Bassam Tariq,1,380.2,0.0,0,0,1,6.514841193339843
Bastian Schaefer,1,260.34,0.0,0,0,0,0.4665252366887123
Bea Rodriguez-Fransen,1,14.29,0.0,0,0,0,0.025251510139457457
Beardyman,1,644.6,0.0,0,0,1,6.989024380901814
Beatriz Villarroel,1,121.38,0.0,0,0,1,6.050665351415526
Beau Lotto + Amy O'Toole,1,378.77,0.0,0,0,1,6.5122765868413035
Becca Heller,1,1266.58,0.0,0,0,1,8.104502667587875
Becca McCharen-Tran,1,912.7,0.0,0,0,1,7.469843263599864
Becci Manson,1,186.72,0.0,0,0,0,0.33449283779191835
Becky Barker,1,1290.86,0.0,0,0,0,2.3146918722649694
Becky Blanton,1,237.78,0.0,0,0,0,0.4260654306698088
Becky Kennedy,1,5985.95,100.0,1,1,1,52.40183597130397
Bedouine,1,7.46,0.0,0,0,1,5.846357678469007
Beeban Kidron,1,220.06,0.0,0,0,1,6.2276411341258715
Bektour Iskender,1,1220.84,0.0,0,0,0,2.1891158253924683
Bel Pesce,1,1528.51,0.0,0,0,1,8.574256080288734
Bel Trew,1,964.7,0.0,0,0,0,1.7297463788640146
Ben Ambridge,1,850.56,0.0,0,0,0,1.5250441510715658
Ben Cameron,1,110.91,0.0,0,0,1,6.03188812761154
Ben Cort,1,988.07,0.0,0,0,0,1.7716588640883837
Ben Gran,1,1519.41,0.0,0,0,0,2.7245805542516885
Ben Kacyra,1,131.49,0.0,0,0,0,0.2354416371525551
Ben Katchor,1,56.99,0.0,0,0,1,5.935186321736572
Ben Wellington,1,278.89,0.0,0,0,1,6.333148686789528
Benjamin Barber,1,224.85,0.0,0,0,1,6.236231669180417
Benjamin Grant,1,485.91,0.0,0,0,1,6.704424796808739
Benjamin Lewis,1,951.6,0.0,0,0,0,1.706252431220059
Benoit Mandelbrot,1,307.52,0.0,0,0,1,6.384494619693837
Bernhard Kowatsch,1,1355.13,0.0,0,0,0,2.42995569020978
Bernie Dunlap,1,353.22,0.0,0,0,1,6.466454421780002
Bernie Krause,1,285.31,0.0,0,0,1,6.344662514566184
Bernt Børnich,1,5079.15,100.0,1,1,0,44.94219733076472
Berry Marttin,1,1208.06,0.0,0,0,0,2.166195775706228
Bertrand Piccard,1,158.11,0.0,0,0,1,6.1165380763744945
Beth Ann Fennelly,1,77.48,0.0,0,0,1,5.971933725341508
Beth Ford,1,841.87,0.0,0,0,1,7.342814537521897
Beth Malone,1,453.28,0.0,0,0,1,6.645905139432993
Beth Mortimer,1,5.43,0.0,0,0,0,0.009361710435224995
Beth Noveck,1,129.87,0.0,0,0,1,6.0658915816061505
Beth Viner,1,999.94,0.0,0,0,0,1.7929468914573725
Betsy Kauffman,1,911.0,0.0,0,0,0,1.6334391278349756
Bettina Warburg,1,1414.31,0.0,0,0,1,8.369446246629215
Betty Hart,1,979.56,0.0,0,0,1,7.589752068139929
Bettye Kearse,1,48.67,0.0,0,0,0,0.08690967197145656
Betül Kaçar,1,1343.33,0.0,0,0,1,8.242148505883568
Beverly + Dereck Joubert,1,187.54,0.0,0,0,0,0.33596345130856287
Bevy Smith,1,4732.8,100.0,1,1,1,50.15439776595871
Bhakti Sharma,1,285.4,0.0,0,0,1,6.344823923366791
Bhu Srinivasan,1,406.78,0.0,0,0,0,0.7291552895880127
Bianca Tylek,1,875.57,0.0,0,0,0,1.5698978633292244
Bijan Zakeri,1,3.55,0.0,0,0,0,0.005990059933649709
Bilal Bomani,1,59.29,0.0,0,0,0,0.1059559104431212
Bilawal Sidhu,1,1239.22,0.0,0,0,0,2.2220790893387203
Bill,1,1203.03,0.0,0,0,0,2.157174817183396
Bill Ackman,1,1281.29,0.0,0,0,1,8.130884039331585
Bill Bernat,1,711.31,0.0,0,0,0,1.275308867909673
Bill Burnett,1,1929.32,0.0,0,0,1,9.293081206637877
Bill Clinton,1,143.26,0.0,0,0,1,6.0899056242742855
Bill Davenhall,1,191.05,0.0,0,0,0,0.3422583945322487
Bill Doyle,1,153.91,0.0,0,0,0,0.2756503628149582
Bill Ford,1,178.54,0.0,0,0,1,6.153177874112357
Bill Heck,1,277.52,0.0,0,0,1,6.33069168615806
Bill Joy,1,99.91,0.0,0,0,1,6.012160385315089
Bill Stone,1,340.27,0.0,0,0,0,0.6098741859391976
Bill Strickland,1,119.98,0.0,0,0,1,6.0481545478505225
Bill T. Jones,1,382.15,0.0,0,0,1,6.5183383840196685
Billie Jean King,1,301.3,0.0,0,0,1,6.373339478140752
Billy Graham,1,735.77,0.0,0,0,1,7.152531495917036
Billy Samuel Mwape,1,840.17,0.0,0,0,0,1.506410401757009
Bina Venkataraman,1,1153.4,0.0,0,0,1,7.901522133668572
Birke Baehr,1,465.05,0.0,0,0,0,0.8336585208256679
Bjorn Lomborg,1,269.57,0.0,0,0,1,6.31643390877108
Björn Ulvaeus,1,1168.13,0.0,0,0,1,7.927939374034638
Bjørn Otto Sverdrup,1,1273.56,0.0,0,0,0,2.2836655139260054
Blinky Bill,1,23.17,0.0,0,0,1,5.874532481330574
Blitz Bazawule,1,3.11,0.0,0,0,1,5.838556253106319
Bo Cerup-Simonsen,1,986.99,0.0,0,0,0,1.7697219584810957
Boaz Almog,1,578.77,0.0,0,0,0,1.0376075075486155
Bob Inglis,1,837.33,0.0,0,0,1,7.334672360246816
Bob Langert,1,723.8,0.0,0,0,0,1.2977088225717344
Bob Nease,1,15.77,0.0,0,0,0,0.027905788193889065
Bob Schneider,1,1.91,0.0,0,0,1,5.836404135764888
Bob Stein,1,448.28,0.0,0,0,0,0.8035826809791692
Bob Wiltfong,1,1273.09,0.0,0,0,1,8.11617790416514
Bob Woodward,1,79.6,0.0,0,0,1,5.9757357993113684
Bobby Ghosh,1,159.04,0.0,0,0,1,6.118205967314103
Boghuma Kabisen Titanji,1,136.37,0.0,0,0,1,6.077548883872235
Bogolo Joy Kenewendo,1,23.14,0.0,0,0,0,0.04112337553251133
Boniface Mwangi,1,393.78,0.0,0,0,1,6.539195987920371
Bonnie Bassler,1,525.1,0.0,0,0,1,6.7747093623176395
Bonnie Hancock,1,892.27,0.0,0,0,0,1.599848162997473
Boris Hesser,1,2.73,0.0,0,0,0,0.00451944641700517
Boy Girl Banjo,1,118.8,0.0,0,0,0,0.2126829962669219
Boyd Varty,1,428.69,0.0,0,0,0,0.7684493653803076
Bozoma Saint John,1,1643.89,0.0,0,0,1,8.781182162667328
Bradley Tusk,1,1319.12,0.0,0,0,1,8.198729538520197
Bran Ferren,1,274.65,0.0,0,0,1,6.325544538849805
Brandon Clifford,1,342.52,0.0,0,0,0,0.6139094059543808
Bree Jones,1,1380.23,0.0,0,0,0,2.4749708112680455
Brenda Laurel,1,81.53,0.0,0,0,1,5.979197121368837
Brenda Romero,1,126.27,0.0,0,0,1,6.059435229581857
Bret Stephens,1,936.04,0.0,0,0,1,7.511701945890698
Brett Hennig,1,668.41,0.0,0,0,0,1.1983706729535135
Brian Dettmer,1,341.22,0.0,0,0,1,6.444933248365691
Brian Goldman,1,376.65,0.0,0,0,1,6.508474512871443
Brian Janosch,1,15.63,0.0,0,0,0,0.02765470783738878
Brian Johnson,1,26.65,0.0,0,0,1,5.880773621620724
Brian Kateman,1,492.43,0.0,0,0,0,0.8827626648326528
Brian Little,1,5845.7,100.0,1,1,1,52.15030725702421
Brian Olson,1,11.02,0.0,0,0,1,5.852742293248585
Brian S. Lowery,1,1738.13,0.0,0,0,0,3.116839808349851
Brian Skerry,1,302.15,0.0,0,0,1,6.374863894590932
Brian Sokol,1,12.22,0.0,0,0,0,0.021539107725488924
Bridget Seegers,1,28.63,0.0,0,0,0,0.0509693123695583
Bright Simons,1,802.34,0.0,0,0,1,7.271920205432923
Britt Wray,1,1133.49,0.0,0,0,1,7.865814920111995
Britta Riley,1,513.16,0.0,0,0,0,0.9199404919058737
Brittany K. Barnett,1,1217.12,0.0,0,0,1,8.015799564498561
Brittany Packnett Cunningham,1,3509.74,100.0,1,1,1,47.96092390294985
Brittany Young,1,886.87,0.0,0,0,1,7.423518937825562
Brittney Cooper,1,343.41,0.0,0,0,1,6.448860862513802
Bronwyn King,1,1249.35,0.0,0,0,1,8.073601849427162
Brooke Bennett,1,1374.8,0.0,0,0,1,8.298587783162597
Bruce Bueno de Mesquita,1,195.6,0.0,0,0,1,6.183773808983035
Bruce Friedrich,1,1043.36,0.0,0,0,1,7.704172973459348
Bruce Schneier,1,197.34,0.0,0,0,1,6.186894379128111
Bruno Bowden + Rufus Cappadocia,1,70.73,0.0,0,0,0,0.12647276243143044
Bruno Maisonnier,1,319.72,0.0,0,0,0,0.5730191764671914
Bruno Michel,1,3.87,0.0,0,0,1,5.8399192607558925
Bruno Torturra,1,340.75,0.0,0,0,0,0.6107350328757701
Bryan Kett,1,21.71,0.0,0,0,0,0.038558769033972685
Bryan Kramer,1,36.97,0.0,0,0,1,5.899281830757031
Bryan Stevenson,1,1611.27,0.0,0,0,1,8.72268043960276
Bryan William Jones,1,161.92,0.0,0,0,0,0.2900157460690103
Bryce Dallas Howard,1,1868.68,0.0,0,0,1,9.184327543650896
Bunker Roy,1,886.89,0.0,0,0,1,7.423554806447918
Burt Rutan,1,374.06,0.0,0,0,1,6.503829526276187
Burçin Mutlu-Pakdil,1,1024.41,0.0,0,0,1,7.670187453775915
Butterscotch,1,18.54,0.0,0,0,1,5.866228895254887
Buzz,1,142.4,0.0,0,0,0,0.25500797064839886
Béatrice Coron,1,200.72,0.0,0,0,1,6.192956176306474
C.K. Williams,1,52.22,0.0,0,0,1,5.9266316553043845
Cady Coleman,1,255.83,0.0,0,0,1,6.291792165211694
Cai Guo-Qiang,1,1600.41,0.0,0,0,1,8.70320377766281
Caitlin Doughty,1,446.02,0.0,0,0,1,6.6328848295173355
Caitlin Holman,1,29.72,0.0,0,0,0,0.05292415228802483
Caitlin Quattromani,1,412.66,0.0,0,0,0,0.7397006645610249
Caitria + Morgan O'Neill,1,208.08,0.0,0,0,0,0.37280052646939077
Cal Newport,1,4167.47,100.0,1,1,1,49.14051735209938
Caleb Barlow,1,559.87,0.0,0,0,0,1.0037116594210767
Cameron Herold,1,351.09,0.0,0,0,0,0.6292791106344341
Cameron Russell,1,8819.4,100.0,1,1,1,57.4834333722021
Cameron Webb,1,1314.54,0.0,0,0,1,8.190515624000403
Camilla Arndal Andersen,1,1713.8,0.0,0,0,0,3.073205629252337
Camille A. Brown,1,295.3,0.0,0,0,1,6.362578891433597
Candace Parker,1,2061.15,0.0,0,0,1,9.529509230905257
Candice Neveu,1,279.46,0.0,0,0,0,0.5008156396621801
Candis Watts Smith,1,1411.86,0.0,0,0,0,2.5316970375259316
Candy Chang,1,1289.6,0.0,0,0,1,8.145787451920995
Canwen Xu,1,2318.04,100.0,1,1,0,39.99033673693253
Cara E. Yar Khan,1,1261.42,0.0,0,0,0,2.261893260155195
Cara Greene Epstein,1,773.64,0.0,0,0,0,1.3870934294858366
Cara Hunter,1,1247.84,0.0,0,0,1,8.070893768439195
Carey Kolaja,1,5.32,0.0,0,0,0,0.009164433012260484
Carin Bondar,1,626.88,0.0,0,0,1,6.957244781493349
Carina Morillo,1,257.72,0.0,0,0,0,0.4618264471599212
Carl Joshua Ncube,1,8.5,0.0,0,0,0,0.014867543967052723
Carl June,1,889.09,0.0,0,0,1,7.427500354907209
Carl Miller,1,4448.72,100.0,1,1,0,43.81156455113275
Carl Schoonover,1,206.79,0.0,0,0,0,0.37048700032735243
Carl Vause,1,1.99,0.0,0,0,0,0.0031923073897893663
Carla Harris,1,2032.11,0.0,0,0,0,3.644072688378097
Carlo Ratti,1,146.82,0.0,0,0,1,6.0962902390538645
Carlos Bautista,1,351.05,0.0,0,0,0,0.6292073733897199
Carlos M. Duarte,1,1275.11,0.0,0,0,1,8.119800635023214
Carlos Moreno,1,840.76,0.0,0,0,0,1.507468526116546
Carlos Rodríguez-Pastor,1,951.3,0.0,0,0,1,7.539069704749228
Carmen Jiménez Borja,1,19.73,0.0,0,0,1,5.868363078285138
Caro Verbeek,1,12.38,0.0,0,0,0,0.021826056704346397
Carol Bruess,1,45.18,0.0,0,0,0,0.08065059737012797
Carol Dweck,1,4382.37,100.0,1,1,1,49.52592569932732
Carol Fishman Cohen,1,1063.69,0.0,0,0,1,7.740633428085424
Carole K. Hooven,1,1194.95,0.0,0,0,1,7.976039196615621
Caroline Casey,1,464.12,0.0,0,0,0,0.8319906298860589
Caroline Catlin,1,839.92,0.0,0,0,0,1.505962043977544
Caroline Harper,1,522.55,0.0,0,0,1,6.7701361129671
Caroline Lavelle,1,75.31,0.0,0,0,1,5.9680419798157525
Caroline Paul,1,681.76,0.0,0,0,1,7.055668281241462
Caroline Phillips,1,164.23,0.0,0,0,0,0.2941585719512651
Caroline Winterer,1,17.41,0.0,0,0,1,5.864202318091706
Carolyn Bertozzi,1,555.19,0.0,0,0,1,6.828673704654023
Carolyn Freiwald,1,1001.85,0.0,0,0,0,1.7963723448924835
Carolyn Jones,1,499.65,0.0,0,0,1,6.729066540368124
Carolyn Steel,1,236.64,0.0,0,0,1,6.2573762220599765
Carrie Nugent,1,481.49,0.0,0,0,1,6.6964978312678
Carrie Poppy,1,715.3,0.0,0,0,1,7.115819960934458
Carson Bruns,1,318.73,0.0,0,0,0,0.5712436796605107
Carter Emmart,1,374.71,0.0,0,0,0,0.6716399536382682
Cary Fowler,1,155.98,0.0,0,0,1,6.1127180680934545
Casey Brown,1,1233.41,0.0,0,0,0,2.211659254543959
Cassie Flynn,1,3.27,0.0,0,0,0,0.005487899220649135
Catalina Lotero,1,883.22,0.0,0,0,0,1.5836176113808473
Catarina Mota,1,258.14,0.0,0,0,0,0.4625796882294221
Cate Hall,1,6579.08,100.0,1,1,0,47.63221846737527
Catherine Bracy,1,217.0,0.0,0,0,1,6.222153234905222
Catherine Crump,1,511.1,0.0,0,0,1,6.749601326667612
Catherine Price,1,3090.83,100.0,1,1,0,41.37628237050293
Cathie Wood,1,1654.89,0.0,0,0,1,8.80090990496378
Cathy Mulzer,1,1080.18,0.0,0,0,0,1.936851804354394
Cathy O'Neil,1,580.69,0.0,0,0,1,6.874406198159432
Catie Cuan,1,939.75,0.0,0,0,1,7.518355575337956
Cecile Richards,1,753.2,0.0,0,0,1,7.183791000301322
Cecilia Aragon,1,1408.2,0.0,0,0,1,8.358488382499095
Cecilia Guan,1,15.37,0.0,0,0,0,0.027188415746745385
Cecilia M. Orphan,1,1429.74,0.0,0,0,0,2.5637635859132546
Cedric Habiyaremye,1,813.17,0.0,0,0,0,1.4579877615748107
Cedrik Neike,1,895.7,0.0,0,0,0,1.60599963173173
Celeste Headlee,1,8973.12,100.0,1,1,1,57.75911960363942
Celina de Sola,1,1902.53,0.0,0,0,1,9.24503518699043
Cesar Kuriyama,1,453.5,0.0,0,0,1,6.646299694278921
Chad Frischmann,1,957.7,0.0,0,0,0,1.717192361039
Chad Jenkins,1,294.12,0.0,0,0,1,6.360462642714523
Chade-Meng Tan,1,208.34,0.0,0,0,1,6.206622121424562
Chance Coughenour,1,345.92,0.0,0,0,0,0.6200070717551022
Chanda Prescod-Weinstein,1,1605.65,0.0,0,0,1,8.712601356720393
Changhua Wu,1,1004.99,0.0,0,0,0,1.8020037186025615
Channing Gerard Joseph,1,1493.06,0.0,0,0,0,2.677323644296098
Chantale Zuzi Leader,1,828.74,0.0,0,0,0,1.4859114840798782
Charity Tillemann-Dick,1,116.97,0.0,0,0,1,6.042756320185767
Charity Wayua,1,370.34,0.0,0,0,1,6.4971579625177505
Charlene Li,1,65.57,0.0,0,0,0,0.11721865786327695
Charles Anderson,1,111.72,0.0,0,0,0,0.1999855039524788
Charles C. Daniels,1,1725.34,0.0,0,0,0,3.093901824352432
Charles C. Mann,1,1207.81,0.0,0,0,1,7.999102720791291
Charles Duhigg,1,4517.76,100.0,1,1,1,49.76873833837428
Charles Fleischer,1,200.67,0.0,0,0,1,6.192866504750581
Charles Hazlewood,1,116.46,0.0,0,0,1,6.041841670315659
Charles Hazlewood + British Paraorchestra,1,24.79,0.0,0,0,1,5.877437839741506
Charles M. Blow,1,875.16,0.0,0,0,1,7.402517859435428
Charles Moore,1,248.86,0.0,0,0,0,0.44593664745568873
Charles P. Smith,1,1087.87,0.0,0,0,0,1.950643289650731
Charles Robertson,1,302.78,0.0,0,0,0,0.5426384533306565
Charlie Jane Anders,1,2076.41,0.0,0,0,1,9.556876989763788
Charlie Puth,1,33.87,0.0,0,0,1,5.893722194291668
Charlie Todd,1,648.0,0.0,0,0,1,6.9951220467025355
Charlotte Degot,1,1129.77,0.0,0,0,0,2.025788053489032
Charly Haversat,1,123.87,0.0,0,0,0,0.221775692034468
Chelsea Shields,1,428.41,0.0,0,0,0,0.7679472046673071
Chen Qiufan,1,1499.49,0.0,0,0,1,8.52221070924846
Chera Kowalski,1,488.15,0.0,0,0,0,0.8750867796482154
Cheryl Hayashi,1,189.93,0.0,0,0,1,6.173605054544773
Cheryl Holder,1,177.46,0.0,0,0,0,0.31788566564054227
Chetan Bhatt,1,491.85,0.0,0,0,0,0.8817224747842944
Chetna Gala Sinha,1,650.93,0.0,0,0,1,7.000376799877863
Cheyenne Cochrane,1,493.51,0.0,0,0,0,0.8846995704399406
Chezare A. Warren,1,963.51,0.0,0,0,0,1.727612195833762
Chibeze Ezekiel,1,679.38,0.0,0,0,1,7.051399915180958
Chieh Huang,1,773.71,0.0,0,0,0,1.3872189696640869
Chieko Asakawa,1,416.51,0.0,0,0,1,6.57996067722931
Chika Esiobu,1,451.11,0.0,0,0,0,0.8086580910427108
Chika Okoro,1,520.06,0.0,0,0,0,0.9323151666191021
Chiki Sarkar,1,669.97,0.0,0,0,1,7.034523728361902
Children of Palau,1,176.4,0.0,0,0,0,0.3159846286556115
Chin-Teng Lin,1,1083.83,0.0,0,0,0,1.94339782793458
Chinaka Hodge,1,399.44,0.0,0,0,1,6.549346808047455
Chip Colwell,1,606.71,0.0,0,0,0,1.0877159729816015
Chitra Aiyar,1,36.0,0.0,0,0,0,0.06418689970818056
Chloé Hayden,1,2286.99,100.0,1,1,1,45.768006003587516
Chloé Valdary,1,966.92,0.0,0,0,1,7.567083098810189
Chris Bangle,1,153.94,0.0,0,0,1,6.1090594686130215
Chris Bennett,1,1278.52,0.0,0,0,0,2.2925609322705864
Chris Bliss,1,161.39,0.0,0,0,1,6.122420530441072
Chris Burkard,1,605.17,0.0,0,0,1,6.918309391924625
Chris Byrne,1,1847.32,0.0,0,0,0,3.3126645521088967
Chris Domas,1,278.95,0.0,0,0,0,0.4999009897920718
Chris Downey,1,264.87,0.0,0,0,1,6.308004782517142
Chris Duffy,1,1654.44,0.0,0,0,0,2.9667475580962153
Chris Gerdes,1,173.57,0.0,0,0,0,0.31090921859206994
Chris Hadfield,1,2916.94,100.0,1,1,1,46.89777793628292
Chris Jordan,1,337.49,0.0,0,0,0,0.6048884474315491
Chris Kluwe,1,326.07,0.0,0,0,1,6.4177627669301245
Chris McKnett,1,301.52,0.0,0,0,0,0.5403787301221539
Chris Nowinski,1,446.7,0.0,0,0,1,6.634104362677479
Chris Sheldrick,1,557.84,0.0,0,0,0,1.0000709942518227
Chris Urmson,1,740.47,0.0,0,0,1,7.160960622170975
Chris Vogtherr,1,4.17,0.0,0,0,0,0.00710198722672241
Christen Reighter,1,1412.7,0.0,0,0,0,2.5332035196649336
Christer Mjåset,1,1129.91,0.0,0,0,0,2.0260391338455324
Christi Gendron,1,1047.02,0.0,0,0,0,1.8773816284861835
Christian Bailey,1,4.16,0.0,0,0,0,0.007084052915543818
Christian Benimana,1,379.94,0.0,0,0,0,0.681019598384672
Christian Happi,1,953.11,0.0,0,0,1,7.542315815072554
Christian Picciolini,1,1659.55,0.0,0,0,1,8.809267293973003
Christian Schröter,1,1.29,0.0,0,0,0,0.0019369056072879298
Christian Wickert,1,10.3,0.0,0,0,0,0.018095719979199273
Christiane Amanpour,1,958.2,0.0,0,0,1,7.551444379462458
Christiane-Marie Abu Sarah,1,959.58,0.0,0,0,0,1.7205640115405751
Christien Meindertsma,1,251.6,0.0,0,0,1,6.284205951583151
Christina Agapakis,1,1004.81,0.0,0,0,1,7.635036203865875
Christina Balch,1,9.96,0.0,0,0,0,0.017485953399127147
Christina Costa,1,2107.61,0.0,0,0,0,3.7794767377764673
Christina Tosi,1,1410.92,0.0,0,0,1,8.363366515139672
Christina Wallace,1,1018.03,0.0,0,0,0,1.8253900603794453
Christina Warinner,1,159.0,0.0,0,0,1,6.118134230069389
Christine Carter,1,1704.51,0.0,0,0,0,3.0565446541674253
Christine Porath,1,1559.69,0.0,0,0,0,2.7968199596790564
Christine Schuler Deschryver,1,958.09,0.0,0,0,0,1.7178917991749654
Christine Sun Kim,1,633.72,0.0,0,0,1,6.969511850339506
Christine Thach,1,3.1,0.0,0,0,0,0.005183015930613072
Christoph Adami,1,130.8,0.0,0,0,1,6.06755947254576
Christoph Keplinger,1,251.92,0.0,0,0,0,0.4514245466763378
Christoph Niemann,1,1204.61,0.0,0,0,1,7.99336374121414
"Christopher ""moot"" Poole",1,324.76,0.0,0,0,1,6.415413372165729
Christopher Ategeka,1,379.2,0.0,0,0,0,0.6796924593574561
Christopher Bahl,1,898.86,0.0,0,0,0,1.6116668740641649
Christopher C. Deam,1,57.76,0.0,0,0,0,0.10321196083279666
Christopher Emdin,1,668.67,0.0,0,0,1,7.032192267908685
Christopher McDougall,1,776.52,0.0,0,0,1,7.225613813969798
Christopher Robichaud,1,22.54,0.0,0,0,1,5.873402619726323
Christopher Ryan,1,555.39,0.0,0,0,1,6.829032390877596
Christopher deCharms,1,339.91,0.0,0,0,1,6.442583853601295
Christy L. Haynes,1,809.78,0.0,0,0,1,7.285263332949795
Chrystia Freeland,1,537.64,0.0,0,0,1,6.797198988535594
Chrystina Russell,1,285.88,0.0,0,0,0,0.5123294674388361
Chuck Murry,1,845.83,0.0,0,0,0,1.516561221884092
Chuck Nice,1,385.27,0.0,0,0,1,6.523933889107389
Chuck Plunkett,1,1537.7,0.0,0,0,0,2.757382409397333
Cindy Gallop,1,1240.19,0.0,0,0,1,8.05717402038757
Cindy Kam,1,1480.39,0.0,0,0,0,2.6546008720328227
Cirque du Soleil,1,212.77,0.0,0,0,1,6.214567021276678
Claire Malone,1,1273.19,0.0,0,0,0,2.2830019444123972
Claire Wardle,1,707.42,0.0,0,0,0,1.2683324208612008
Clara Sousa-Silva,1,1256.36,0.0,0,0,1,8.086173801563353
Clarice Phelps,1,21.38,0.0,0,0,1,5.871322239629607
Claron McFadden,1,90.12,0.0,0,0,1,5.994602694671247
Claudia Miner,1,1026.81,0.0,0,0,0,1.8411363855942486
Clemantine Wamariya,1,415.21,0.0,0,0,1,6.577629216776093
Clementine Jacoby,1,1422.66,0.0,0,0,1,8.384421396463338
Cleo Wade,1,1299.84,0.0,0,0,1,8.164152186567874
Cliff Kapono,1,1101.75,0.0,0,0,1,7.808891416431145
Clifford Stoll,1,526.52,0.0,0,0,1,6.777256034505
Climate Action Tracker,1,233.1,0.0,0,0,1,6.251027475902755
Climbing PoeTree,1,6.89,0.0,0,0,0,0.011980119867299417
Clint Brewer,1,896.71,0.0,0,0,0,1.607810997160768
Clive Loseby,1,954.85,0.0,0,0,0,1.7120810823531014
Clover Hogan,1,1230.84,0.0,0,0,0,2.20705013657106
Coby Everton,1,8.75,0.0,0,0,0,0.015315901746517521
Cohen Bradley,1,1198.46,0.0,0,0,0,2.1489788369747798
Coleman Hughes,1,635.82,0.0,0,0,1,6.97327805568701
Colette Pichon Battle,1,1723.99,0.0,0,0,1,8.92483599520785
Colin Averill,1,1643.51,0.0,0,0,0,2.9471453559780145
Colin Camerer,1,350.41,0.0,0,0,1,6.461414880338817
Colin Grant,1,236.28,0.0,0,0,0,0.42337528399302005
Colin Powell,1,385.45,0.0,0,0,1,6.524256706708603
Colin Stokes,1,1342.94,0.0,0,0,1,8.241449067747602
Colombe Cahen-Salvador,1,859.25,0.0,0,0,0,1.5406290674857623
Conor Russomanno,1,1682.2,0.0,0,0,1,8.849888508792514
Conrad Wolfram,1,338.63,0.0,0,0,1,6.440288261770437
Constance Hockaday,1,1469.53,0.0,0,0,0,2.6351242100928713
Cordae,1,4053.82,100.0,1,1,1,48.936693905554684
Corneille Ewango,1,84.46,0.0,0,0,1,5.984451874544164
Cornelia Geppert,1,1111.15,0.0,0,0,0,1.9923943660744938
Cosmin Mihaiu,1,422.89,0.0,0,0,0,0.7580474648967243
Countdown,1,189.99,0.0,0,0,1,6.173712660411845
Coya Paz Brownrigg,1,1198.77,0.0,0,0,0,2.1495348006213164
Craig Costello,1,1049.97,0.0,0,0,0,1.8826722502838682
Craig Richard,1,1691.28,0.0,0,0,0,3.0328175604781475
Crispin Thurlow,1,1050.02,0.0,0,0,0,1.8827619218397609
Cristina Domenech,1,212.61,0.0,0,0,0,0.3809247694332929
Cristina Junqueira,1,40.03,0.0,0,0,1,5.90476972997768
Crush Club,1,76.91,0.0,0,0,0,0.13755616673980023
Crystal Martin,1,17.29,0.0,0,0,0,0.030631803493035042
Crystal Rasmussen,1,1024.63,0.0,0,0,0,1.8372267057573162
"Curtis ""Wall Street"" Carroll",1,2147.35,0.0,0,0,0,3.8507476904001914
Curtis Austin,1,605.18,0.0,0,0,0,1.0849720233712767
Cyndi Stivers,1,472.36,0.0,0,0,0,0.8467685022972188
Cynthia Breazeal,1,243.64,0.0,0,0,1,6.2699302398849905
Cynthia Kenyon,1,225.52,0.0,0,0,1,6.237433268029383
Cynthia Ma Shwe Sin Win,1,25.4,0.0,0,0,0,0.045176529858873105
Cynthia Ong,1,56.94,0.0,0,0,0,0.1017413473161521
Cynthia Schneider,1,108.05,0.0,0,0,1,6.0267589146144624
Cynthia Williams,1,969.72,0.0,0,0,0,1.7387494030756674
Cédric Villani,1,649.48,0.0,0,0,1,6.997776324756966
D-L Stewart,1,967.36,0.0,0,0,0,1.73451690563752
DK Osseo-Asare,1,513.49,0.0,0,0,0,0.9205323241747674
Daan Roosegaarde,1,406.66,0.0,0,0,1,6.562295380718397
Dale Dougherty,1,164.56,0.0,0,0,1,6.128105707084686
Dallas Taylor,1,1884.97,0.0,0,0,0,3.3801872336962955
Dame Ellen MacArthur,1,604.35,0.0,0,0,1,6.916838778407981
Dame Stephanie Shirley,1,594.55,0.0,0,0,1,6.899263153452962
Dame Vivian Hunt,1,875.51,0.0,0,0,0,1.5697902574621527
Damian Palin,1,210.3,0.0,0,0,0,0.3767819435510382
Damien Riehl,1,1373.38,0.0,0,0,0,2.4626858081107104
Damon Gameau,1,1377.21,0.0,0,0,1,8.302909952156638
Dan Barasch,1,244.05,0.0,0,0,0,0.437310243778786
Dan Barber,1,456.66,0.0,0,0,1,6.651966936611356
Dan Bell,1,725.3,0.0,0,0,1,7.133754272113051
Dan Berkenstock,1,212.62,0.0,0,0,0,0.38094270374447153
Dan Bricklin,1,497.26,0.0,0,0,1,6.7247802399964405
Dan Buettner,1,832.7,0.0,0,0,1,7.3263687741711285
Dan Cobley,1,314.6,0.0,0,0,0,0.5638368091437523
Dan Finkel,1,1563.01,0.0,0,0,0,2.802774150990349
Dan Gartenberg,1,1841.37,0.0,0,0,0,3.301993636957634
Dan Gibson,1,584.84,0.0,0,0,1,6.881848937298549
Dan Goods,1,807.31,0.0,0,0,0,1.4474782552241559
Dan Gross,1,396.91,0.0,0,0,1,6.5448094273192705
Dan Harris,1,2542.84,100.0,1,1,0,40.39350005222727
Dan Jørgensen,1,1387.84,0.0,0,0,1,8.321974124939482
Dan Knights,1,580.28,0.0,0,0,0,1.040315588536583
Dan Meyer,1,542.49,0.0,0,0,1,6.805897129457211
Dan Pacholke,1,243.28,0.0,0,0,0,0.43592930181803435
Dan Phillips,1,257.45,0.0,0,0,0,0.4613422207580991
Dan Pink,1,5371.68,100.0,1,1,1,51.3001850385366
Dan Reisel,1,254.86,0.0,0,0,0,0.45669723416284397
Dan Schulman,1,221.78,0.0,0,0,1,6.230725835648589
Dan Taberski,1,1997.38,0.0,0,0,1,9.415142128519374
Dan Walker,1,1.78,0.0,0,0,0,0.002815686855038936
Dan Widmaier,1,1628.82,0.0,0,0,0,2.9207998528566628
Dana Cowin,1,14.88,0.0,0,0,1,5.8596649373635215
Dana Gunders,1,1105.1,0.0,0,0,0,1.9815441078114453
Dana Kanze,1,847.88,0.0,0,0,0,1.5202377556757034
Dana R. Fisher,1,1310.59,0.0,0,0,1,8.183431571084858
Danae Wolfe,1,23.14,0.0,0,0,0,0.04112337553251133
Daniel Alexander Jones,1,220.23,0.0,0,0,1,6.227946017415907
Daniel Bögre Udell,1,1058.36,0.0,0,0,0,1.8977191373627065
Daniel Goldstein,1,566.98,0.0,0,0,1,6.849818257533584
Daniel Goleman,1,462.75,0.0,0,0,1,6.662888932119119
Daniel H. Cohen,1,439.02,0.0,0,0,0,0.7869755088277931
Daniel Hallak,1,1316.4,0.0,0,0,0,2.3604961030150933
Daniel J. Watts,1,273.33,0.0,0,0,1,6.32317720977423
Daniel Kahneman,1,1272.44,0.0,0,0,1,8.11501217393853
Daniel Kish,1,458.29,0.0,0,0,1,6.654890229333467
Daniel Krawczyk,1,33.92,0.0,0,0,0,0.060456562983033445
Daniel Levitin,1,6993.22,100.0,1,1,1,54.208305333389994
Daniel Libeskind,1,190.05,0.0,0,0,1,6.173820266278916
Daniel Lismore,1,213.36,0.0,0,0,1,6.215625145636215
Daniel Lubetzky,1,1997.54,0.0,0,0,1,9.415429077498231
Daniel Molina,1,84.16,0.0,0,0,1,5.983913845208807
Daniel Pauly,1,58.97,0.0,0,0,1,5.938737315349933
Daniel Sachau,1,179.38,0.0,0,0,0,0.32132905338683193
Daniel Schnitzer,1,83.1,0.0,0,0,0,0.14865750535934863
Daniel Sherling,1,5.77,0.0,0,0,0,0.009971477015297119
Daniel Streicker,1,1016.2,0.0,0,0,0,1.822108081433763
Daniel Suarez,1,435.16,0.0,0,0,1,6.613408167577384
Daniel Susskind,1,609.65,0.0,0,0,0,1.0929886604681074
Daniel Tammet,1,491.07,0.0,0,0,1,6.713678901376892
Daniel Wolpert,1,437.36,0.0,0,0,1,6.617353716036674
Daniel Zavala-Araiza,1,2372.53,100.0,1,1,0,40.08806079854467
Daniela Rus,1,1529.34,0.0,0,0,1,8.575744628116558
Daniela Zamudio,1,14.07,0.0,0,0,0,0.024856955293528438
Daniele Quercia,1,740.07,0.0,0,0,0,1.3268879468593036
Daniella Ballou-Aares,1,993.28,0.0,0,0,1,7.614357943076958
Danielle Butcher Franz,1,1230.68,0.0,0,0,0,2.206763187592203
Danielle Citron,1,1582.52,0.0,0,0,1,8.67111929496431
Danielle Feinberg,1,980.15,0.0,0,0,1,7.590810192499467
Danielle N. Lee,1,862.15,0.0,0,0,1,7.379185320592081
Danielle R. Moss,1,834.7,0.0,0,0,0,1.4966003335423192
Danielle Torley,1,892.76,0.0,0,0,0,1.6007269442452239
Danielle Wood,1,514.25,0.0,0,0,0,0.9218953318243402
Danielle de Niese,1,179.83,0.0,0,0,1,6.155491400254396
Danit Peleg,1,574.54,0.0,0,0,1,6.863376596784598
Dannagal G. Young,1,1091.82,0.0,0,0,0,1.9577273425662753
Danny Dorling,1,527.97,0.0,0,0,1,6.779856509625897
Dao Nguyen,1,575.34,0.0,0,0,0,1.0314560388143583
Daphne Bavelier,1,1916.75,0.0,0,0,1,9.270537777486387
Daphne Halikiopoulou,1,3245.29,100.0,1,1,0,41.65329574096746
Daphne Koller,1,618.29,0.0,0,0,1,6.941839208190938
Daria van den Bercken,1,267.75,0.0,0,0,0,0.4798145612720489
Darieth Chisolm,1,730.45,0.0,0,0,0,1.3096351395054984
Dario Gil,1,13.1,0.0,0,0,0,0.023117327109205017
Darren Walker,1,141.06,0.0,0,0,1,6.085960075814994
Darria Long,1,1528.3,0.0,0,0,0,2.740524156889456
Darrick Hamilton,1,666.76,0.0,0,0,1,7.028766814473573
Darya Shaikh,1,1699.27,0.0,0,0,0,3.0471470751098426
Dasha Navalnaya,1,1649.63,0.0,0,0,0,2.9581211544193122
Dave Brain,1,610.97,0.0,0,0,1,6.92871129240821
Dave Clark,1,837.77,0.0,0,0,0,1.502106167074147
Dave Eggers,1,277.81,0.0,0,0,1,6.33121178118224
Dave Isay,1,684.22,0.0,0,0,1,7.060080121791396
Dave Matthews,1,26.74,0.0,0,0,1,5.880935030421332
Dave Meslin,1,390.83,0.0,0,0,1,6.533905366122686
Dave Raggio,1,1342.72,0.0,0,0,0,2.407699210037147
Dave Sivaprasad,1,1206.35,0.0,0,0,0,2.1631290084946886
Dave Troy,1,347.91,0.0,0,0,0,0.6235759996796421
Dave deBronkart,1,142.2,0.0,0,0,1,6.088004587289355
Davey Vaughn,1,2.65,0.0,0,0,0,0.004375971927576434
David Agus,1,155.43,0.0,0,0,1,6.1117316809786315
David Anderson,1,357.61,0.0,0,0,0,0.6409722815228762
David Andrew Quist,1,1623.68,0.0,0,0,1,8.744936919775395
David Asch,1,1584.72,0.0,0,0,0,2.8417095405590724
David Autor,1,619.85,0.0,0,0,1,6.944636960734798
David Baker,1,1575.25,0.0,0,0,0,2.8247257478729457
David Baron,1,753.55,0.0,0,0,0,1.3510633983280456
David Biello,1,827.03,0.0,0,0,0,1.4828447168683392
David Binder,1,154.58,0.0,0,0,1,6.1102072645284515
David Birch,1,52.63,0.0,0,0,1,5.927366962062706
David Bismark,1,116.53,0.0,0,0,0,0.20861190762938153
David Blaine,1,5073.34,100.0,1,1,1,50.765132798834486
David Blood,1,903.65,0.0,0,0,1,7.453612711983237
David Bolinsky,1,358.18,0.0,0,0,1,6.475349840124584
David Cage,1,336.94,0.0,0,0,1,6.437257363181254
David Camarillo,1,502.42,0.0,0,0,0,0.9006790417000661
David Cameron,1,140.41,0.0,0,0,1,6.084794345588387
David Carroll,1,28.5,0.0,0,0,0,0.05073616632423661
David Carson,1,169.51,0.0,0,0,0,0.30362788825356163
David Casarett,1,978.49,0.0,0,0,0,1.7544777939792926
David Chalmers,1,889.18,0.0,0,0,1,7.427661763707816
David Christian,1,2746.19,100.0,1,1,0,40.75819427004394
David Damberger,1,74.17,0.0,0,0,0,0.13264216547686605
David Eagleman,1,924.4,0.0,0,0,1,7.490826407678816
David Fajgenbaum,1,4673.83,100.0,1,1,1,50.048639132938554
David Farrell,1,35.48,0.0,0,0,0,0.06325431552689378
David Finnigan,1,2436.92,100.0,1,1,0,40.20353982822362
David Fleischer,1,27.27,0.0,0,0,0,0.0485302460492698
David Grady,1,724.32,0.0,0,0,0,1.2986414067530212
David Griffin,1,244.73,0.0,0,0,0,0.4385297769389302
David H. Rosmarin,1,3382.86,100.0,1,1,1,47.733373362715874
David Hanson,1,197.71,0.0,0,0,0,0.35420264577719096
David Heymann,1,1137.12,0.0,0,0,0,2.038969772205297
David Holt,1,104.96,0.0,0,0,0,0.18786190959575064
David Hooker,1,14.09,0.0,0,0,1,5.858248126780413
David Ikard,1,1138.91,0.0,0,0,1,7.875535316770793
David J. Bier,1,936.22,0.0,0,0,0,1.6786694606273849
David Katz,1,776.15,0.0,0,0,0,1.3915949415916633
David Keith,1,244.56,0.0,0,0,0,0.4382248936488942
David Korins,1,725.98,0.0,0,0,1,7.134973805273195
David Lee,1,704.5,0.0,0,0,0,1.2630956019970518
David Lindell,1,186.95,0.0,0,0,0,0.33490532694902597
David Logan,1,324.49,0.0,0,0,0,0.5815738428993797
David M. Howard,1,1171.97,0.0,0,0,0,2.1014708466626897
David MacKay,1,124.97,0.0,0,0,0,0.22374846626411313
David Macaulay,1,123.27,0.0,0,0,1,6.05405493622828
David McCandless,1,708.39,0.0,0,0,1,7.103427351910052
David McWilliams,1,1421.8,0.0,0,0,0,2.549523742837452
David Merrill,1,321.98,0.0,0,0,0,0.577072330793553
David Miliband,1,508.39,0.0,0,0,1,6.744741128338213
David Perry,1,230.38,0.0,0,0,0,0.4127940403976508
David Peterson,1,769.36,0.0,0,0,1,7.212772847165927
David Pizarro,1,170.0,0.0,0,0,1,6.13786197236584
David Puts,1,128.69,0.0,0,0,0,0.2304200300225493
David Puttnam,1,231.44,0.0,0,0,1,6.248050380247109
David R. Dow,1,886.64,0.0,0,0,0,1.5897511458039255
David R. Liu,1,1082.2,0.0,0,0,1,7.773829838076998
David R. Williams,1,661.8,0.0,0,0,1,7.019871396128992
David Rockwell,1,143.32,0.0,0,0,1,6.0900132301413565
David Rothkopf,1,361.15,0.0,0,0,1,6.480676330544624
David S. Rose,1,249.34,0.0,0,0,1,6.280152797256788
David Sedlak,1,356.68,0.0,0,0,1,6.472659693447795
David Sengeh,1,220.18,0.0,0,0,1,6.227856345860014
David Steindl-Rast,1,2170.54,0.0,0,0,1,9.725692660887871
David Suh,1,1668.12,0.0,0,0,0,2.991281695788529
David Titley,1,356.68,0.0,0,0,1,6.472659693447795
David Wallace-Wells,1,1134.91,0.0,0,0,1,7.8683615922993555
David Wengrow,1,2050.95,0.0,0,0,1,9.511216233503092
David Wenham,1,81.14,0.0,0,0,1,5.978497683232872
David Whyte,1,428.85,0.0,0,0,0,0.7687363143591651
David Witzeneder,1,4.77,0.0,0,0,0,0.008178045897437926
David York,1,28.1,0.0,0,0,1,5.88337409674162
Davonte Green,1,2057.43,0.0,0,0,0,3.689482364282292
Dawn Landes,1,355.55,0.0,0,0,1,6.470633116284613
Dawn Lippert,1,1145.81,0.0,0,0,0,2.054554688619493
Dawn Wacek,1,696.6,0.0,0,0,0,1.2489274961659644
Dayananda Saraswati,1,85.08,0.0,0,0,1,5.9855638018372375
Dayo Ogunyemi,1,368.01,0.0,0,0,0,0.6596239651486117
DeAndrea Salvador,1,616.23,0.0,0,0,1,6.938144740088149
Dean Furness,1,1994.85,0.0,0,0,0,3.577249444926663
Dean R. Lomax,1,1479.16,0.0,0,0,0,2.652394951757856
Deanna Van Buren,1,433.03,0.0,0,0,1,6.609588159296344
Deb Chachra,1,1135.33,0.0,0,0,1,7.869114833368856
Deb Roy,1,607.1,0.0,0,0,1,6.921770713982093
Deb Willis,1,357.74,0.0,0,0,0,0.6412054275681979
Debbie Lovich,1,1405.58,0.0,0,0,0,2.520434290105776
Deborah Lipstadt,1,520.63,0.0,0,0,1,6.7666927252208104
Deborah Rhodes,1,201.13,0.0,0,0,0,0.3603361802002694
Deborah Scranton,1,91.38,0.0,0,0,1,5.99686241787975
Debra Jarvis,1,291.86,0.0,0,0,1,6.356409488388162
Dee Boersma,1,82.75,0.0,0,0,1,5.981385107332626
Deepa Narayan,1,292.34,0.0,0,0,1,6.357270335324734
Deepa Purushothaman,1,1278.02,0.0,0,0,0,2.2916642167116574
Deepika Kurup,1,409.25,0.0,0,0,1,6.566940367313652
Deeyah Khan,1,459.78,0.0,0,0,1,6.657562441699078
Deja Foxx,1,3940.85,100.0,1,1,1,48.73408999217013
Delali Bright,1,9.59,0.0,0,0,0,0.016822383885519245
Demis Hassabis,1,1915.45,0.0,0,0,1,9.268206317033172
Dena Simmons,1,476.6,0.0,0,0,0,0.8543726502369416
Denis Dutton,1,499.85,0.0,0,0,1,6.729425226591696
Denise Herzing,1,371.04,0.0,0,0,1,6.498413364300252
Denise Zmekhol,1,5.61,0.0,0,0,0,0.009684528036439651
Derek Banta,1,5.89,0.0,0,0,0,0.010186688749440224
Derek Paravicini,1,372.17,0.0,0,0,1,6.5004399414634335
Derek Sarno,1,1137.81,0.0,0,0,1,7.873562542541148
Derren Brown,1,1253.66,0.0,0,0,1,8.081331537545134
Desiree Akhavan,1,1220.34,0.0,0,0,1,8.021574412698067
Dessa,1,1963.07,0.0,0,0,1,9.353609506865626
Detroit Youth Choir,1,138.46,0.0,0,0,0,0.24794185204403363
Deutsche Philharmonie Merck,1,0.67,0.0,0,0,0,0.0008249783142152295
Deval Patrick,1,1325.45,0.0,0,0,1,8.210081957496246
Devdutt Pattanaik,1,426.91,0.0,0,0,1,6.5986123608550455
Devita Davison,1,462.75,0.0,0,0,0,0.8295336292545918
Dexter Dias,1,939.36,0.0,0,0,0,1.6843008343374624
Diana Adams,1,1586.05,0.0,0,0,1,8.677450106810353
Diana Dosik,1,64.69,0.0,0,0,0,0.11564043847956088
Diana Greene Foster,1,1065.18,0.0,0,0,1,7.743305640451034
Diana Laufenberg,1,451.22,0.0,0,0,0,0.8088553684656753
Diana Reiss,1,176.93,0.0,0,0,1,6.150290450012604
Diane Allen,1,84.64,0.0,0,0,1,5.98477469214538
Diane Benscoter,1,230.72,0.0,0,0,0,0.41340380697772294
Diane Kelly,1,991.37,0.0,0,0,0,1.777577186777319
Diane Knutson,1,19.76,0.0,0,0,0,0.035061578354147256
Diane Wolk-Rogers,1,912.74,0.0,0,0,0,1.6365596979800507
Dianna Cohen,1,201.96,0.0,0,0,1,6.19518003089262
Diarra Bousso,1,955.39,0.0,0,0,0,1.7130495351567452
Dick M. Carpenter II,1,1041.09,0.0,0,0,0,1.866746581957278
Didier Sornette,1,354.57,0.0,0,0,1,6.468875553789112
Dilip Ratha,1,372.29,0.0,0,0,1,6.5006551531975765
Dimitar Sasselov,1,237.8,0.0,0,0,1,6.2594566021566935
Dina Katabi,1,616.18,0.0,0,0,1,6.938055068532255
Dina Zielinski,1,816.99,0.0,0,0,0,1.464838668445033
Dion Drew,1,29.29,0.0,0,0,0,0.052152976907345376
Divya Siddarth,1,974.34,0.0,0,0,0,1.7470350548401772
Dixon Chibanda,1,1128.22,0.0,0,0,0,2.02300823525635
Diébédo Francis Kéré,1,317.46,0.0,0,0,1,6.4023213250053574
Djazia Satour,1,2.36,0.0,0,0,0,0.003855876903397268
Dolly Chugh,1,2005.36,0.0,0,0,0,3.5960984059753636
Dominic Price,1,2021.84,0.0,0,0,1,9.45900945366221
Don Levy,1,174.06,0.0,0,0,1,6.145143302704349
Don Norman,1,403.86,0.0,0,0,1,6.557273773588392
Donald Hoffman,1,1427.09,0.0,0,0,0,2.559010993450927
Donald Sadoway,1,504.4,0.0,0,0,1,6.737585338177954
Dong Woo Jang,1,581.08,0.0,0,0,0,1.0417503334308702
Donna Murphy,1,1660.73,0.0,0,0,1,8.811383542692077
Donnel Baird,1,863.13,0.0,0,0,1,7.380942883087584
Dorcas Naishorua,1,987.42,0.0,0,0,0,1.770493133861775
Doreen Koenning,1,7.46,0.0,0,0,0,0.013002375604479161
Dorie Clark,1,1692.66,0.0,0,0,1,8.868647798285322
Doris Kearns Goodwin,1,341.72,0.0,0,0,1,6.445829963924621
Doris Kim Sung,1,275.21,0.0,0,0,0,0.4931935574112785
Doris Mitsch,1,1041.39,0.0,0,0,0,1.8672846112926362
Doris Sung,1,1062.34,0.0,0,0,1,7.738212296076314
Dorothy Roberts,1,473.1,0.0,0,0,1,6.681450944188962
Dorsa Amir,1,482.17,0.0,0,0,0,0.8643620615634173
Doug Roble,1,316.92,0.0,0,0,0,0.5679975693371856
Douglas Beal,1,16.96,0.0,0,0,0,0.030039971224141506
Douglas Rushkoff,1,747.29,0.0,0,0,1,7.173191822394774
Douglas Thomas,1,176.07,0.0,0,0,0,0.31539279638671797
Dr. Robert Talisse,1,3.62,0.0,0,0,1,5.839470902976427
Dr. Thomas Boothby,1,20.36,0.0,0,0,0,0.03613763702486277
Dr. Turi King,1,43.58,0.0,0,0,0,0.07778110758155325
Dragana Rogulja,1,17.61,0.0,0,0,1,5.864561004315277
Dread Scott,1,552.64,0.0,0,0,1,6.824100455303482
Drew Berry,1,774.98,0.0,0,0,1,7.222851930048295
Drew Curtis,1,232.02,0.0,0,0,1,6.2490905702954676
Drew Dudley,1,1385.93,0.0,0,0,0,2.485193368639843
Drew Humphreys,1,16.14,0.0,0,0,0,0.028569357707496967
Drew Philp,1,501.73,0.0,0,0,0,0.8994415742287434
Drew Silverstein,1,4.24,0.0,0,0,0,0.007227527404972554
Duarte Geraldino,1,413.49,0.0,0,0,0,0.7411892123888479
Duckwrth,1,11.5,0.0,0,0,1,5.853603140185157
Duncan Cowles,1,2.89,0.0,0,0,0,0.004806395395862641
Duncan Keegan,1,1446.05,0.0,0,0,0,2.5930144474455377
Dundee Gouin,1,21.87,0.0,0,0,0,0.038845718012830155
Dustin Ballard,1,3657.74,100.0,1,1,1,48.226351708393004
Dustin Burke,1,1407.69,0.0,0,0,0,2.524218429764459
Dustin Schroeder,1,367.68,0.0,0,0,0,0.6590321328797182
Dustin Yellin,1,658.95,0.0,0,0,1,7.014760117443093
Dwan Reece,1,1418.75,0.0,0,0,0,2.5440537779279815
Dwight Stitt,1,8.04,0.0,0,0,0,0.014042565652837492
Dwinita Mosby Tyler,1,1132.01,0.0,0,0,0,2.029805339193036
Dyan deNapoli,1,89.45,0.0,0,0,0,0.16004579295775453
Dyhia Belhabib,1,918.18,0.0,0,0,1,7.479671266125731
Dylan Marron,1,1858.76,0.0,0,0,1,9.166536706961733
Débora Mesa Molina,1,259.54,0.0,0,0,0,0.465090491794425
ELEW,1,2.73,0.0,0,0,1,5.837874749281532
Eames Demetrios,1,145.96,0.0,0,0,0,0.2613925854279776
Eben Bayer,1,246.06,0.0,0,0,0,0.44091504032568296
Ebony Roberts,1,1103.8,0.0,0,0,0,1.9792126473582285
Ed Cage,1,1347.67,0.0,0,0,0,2.41657669407055
Ed Gavagan,1,235.46,0.0,0,0,0,0.4219046704763756
Ed Newton-Rex,1,1913.13,0.0,0,0,0,3.4306902539752104
Ed Ulbrich,1,183.49,0.0,0,0,0,0.3287000552812332
Ed Yong,1,472.44,0.0,0,0,1,6.680267279651176
Eddie Jaku,1,982.96,0.0,0,0,1,7.59584973394065
Eddie Obeng,1,367.86,0.0,0,0,1,6.49271025334546
Eddie Woo,1,1507.26,0.0,0,0,1,8.536145669034227
Eddy Cartaya,1,170.28,0.0,0,0,0,0.3050088302143132
Edi Rama,1,146.95,0.0,0,0,1,6.096523385099186
Edith Elliott,1,706.76,0.0,0,0,0,1.2671487563234136
Edo Liberty,1,24.74,0.0,0,0,0,0.04399286532108604
Edsel Salvaña,1,494.78,0.0,0,0,0,0.886977227959622
Eduardo Briceño,1,1458.81,0.0,0,0,0,2.615898628509421
Eduardo Paes,1,190.96,0.0,0,0,1,6.175452288596168
Eduardo Sáenz de Cabezón,1,548.06,0.0,0,0,1,6.815886540783687
Edward Saatchi,1,14.77,0.0,0,0,1,5.859467659940557
Edward Snowden,1,1385.17,0.0,0,0,1,8.317185663854797
Efosa Ojomo,1,969.24,0.0,0,0,1,7.571243859003624
Eileen Isagon Skyers,1,1227.34,0.0,0,0,0,2.200773127658553
Einav Gefen,1,3.27,0.0,0,0,0,0.005487899220649135
Einstein the Parrot,1,505.98,0.0,0,0,0,0.9070636564796449
Elaine Fong,1,884.61,0.0,0,0,0,1.5861104806346715
Elaine Morgan,1,249.76,0.0,0,0,1,6.28090603832629
Eldra Jackson,1,702.33,0.0,0,0,0,1.2592038564712975
Eleanor Longden,1,1364.09,0.0,0,0,0,2.4460248330257977
Eleftheria Pissadaki,1,3.98,0.0,0,0,0,0.006761235314329163
Elena Chavez Quezada,1,4.46,0.0,0,0,0,0.007622082250901577
Elena Crescia,1,40.03,0.0,0,0,0,0.07141442711315313
Eleni Gabre-Madhin,1,129.02,0.0,0,0,1,6.06436716515597
Eleni Myrivili,1,1949.28,0.0,0,0,1,9.328878091750347
Eli Beer,1,258.87,0.0,0,0,1,6.297244195809987
Elias Weiss Friedman,1,1236.79,0.0,0,0,0,2.2177210517223225
Eliezer Yudkowsky,1,1666.18,0.0,0,0,1,8.82115774228441
Elijah Cummings,1,29.54,0.0,0,0,1,5.885956637551338
Elisabeth Pierre,1,3.39,0.0,0,0,0,0.005703110954792238
Elise Hu,1,1489.7,0.0,0,0,1,8.50465301860462
Elise LeGrow,1,125.44,0.0,0,0,1,6.057946681754035
Elise Payzan-LeNestour,1,22.43,0.0,0,0,0,0.0398500394388313
Elise Roy,1,487.91,0.0,0,0,0,0.8746563561799292
"Elizabeth ""Zibi"" Turtle",1,1014.94,0.0,0,0,0,1.8198483582252605
Elizabeth Blackburn,1,856.38,0.0,0,0,1,7.368837223042034
Elizabeth Camarillo Gutierrez,1,1035.02,0.0,0,0,0,1.8558604550718731
Elizabeth Cawein,1,547.9,0.0,0,0,0,0.982244288940302
Elizabeth Diller,1,169.11,0.0,0,0,1,6.136265818670945
Elizabeth Dunn,1,1868.6,0.0,0,0,1,9.184184069161468
Elizabeth Howell,1,895.46,0.0,0,0,0,1.6055692082634438
Elizabeth Lev,1,528.92,0.0,0,0,0,0.9482049663233346
Elizabeth Lindsey,1,108.3,0.0,0,0,1,6.027207272393928
Elizabeth Loftus,1,1532.26,0.0,0,0,1,8.580981446980704
Elizabeth Lyle,1,1143.78,0.0,0,0,0,2.0509140234502388
Elizabeth Murchison,1,112.71,0.0,0,0,1,6.035116303623687
Elizabeth Nyamayaro,1,401.91,0.0,0,0,1,6.553776582908566
Elizabeth Pisani,1,313.66,0.0,0,0,1,6.3955062867574926
Elizabeth Stordeur Pryor,1,1122.38,0.0,0,0,0,2.0125345975280524
Elizabeth Streb,1,589.86,0.0,0,0,1,6.890851961510201
Elizabeth Strickler,1,1585.39,0.0,0,0,0,2.842911139408038
Elizabeth Wayne,1,784.54,0.0,0,0,1,7.23999713153503
Elizabeth White,1,778.43,0.0,0,0,1,7.229039267404909
Elizabeth Zion,1,1258.51,0.0,0,0,0,2.2566743756022243
Elle Cordova,1,1526.88,0.0,0,0,1,8.571332787566623
Ellen 't Hoen,1,95.48,0.0,0,0,1,6.004215485462973
Ellen Agler,1,163.2,0.0,0,0,0,0.29231133789987007
Ellen Dunham-Jones,1,143.92,0.0,0,0,1,6.091089288812072
Ellen Gustafson,1,152.22,0.0,0,0,1,6.105974767090303
Ellen Støkken Dahl,1,634.84,0.0,0,0,0,1.1381651903269805
Ellen Trachman,1,1433.82,0.0,0,0,0,2.5710807848741197
Elliot Krane,1,419.25,0.0,0,0,0,0.7515193756277169
Elora Hardy,1,1622.18,0.0,0,0,1,8.742246773098605
Elsbeth Magilton,1,36.59,0.0,0,0,0,0.0652450240677175
Elyn Saks,1,1081.8,0.0,0,0,1,7.773112465629854
Eman Mohammed,1,378.48,0.0,0,0,0,0.6784011889525976
Emeli Sandé,1,21.16,0.0,0,0,1,5.870927684783677
Emilie Wapnick,1,2484.53,100.0,1,1,0,40.2889250837449
Emilie Weight,1,14.09,0.0,0,0,0,0.024892823915885622
Emily Anhalt,1,139.38,0.0,0,0,0,0.2495918086724641
Emily Balcetis,1,1076.17,0.0,0,0,1,7.763015448436307
Emily Esfahani Smith,1,5018.77,100.0,1,1,0,44.833909959868386
Emily F. Rothman,1,1600.76,0.0,0,0,0,2.870476175689533
Emily Grubert,1,1401.77,0.0,0,0,0,2.513601317546733
Emily Jaenson,1,4524.62,100.0,1,1,1,49.78104127584279
Emily King,1,1.75,0.0,0,0,1,5.836117186786031
Emily Leproust,1,783.03,0.0,0,0,1,7.237289050547062
Emily Levesque,1,252.81,0.0,0,0,1,6.286376003235759
Emily Oster,1,147.66,0.0,0,0,1,6.097796721192865
Emily Parsons-Lord,1,316.44,0.0,0,0,0,0.5671367224006131
Emily Pilloton,1,203.92,0.0,0,0,0,0.36533985301909655
Emily Pilloton-Lam,1,1962.18,0.0,0,0,1,9.352013353170731
Emily Quinn,1,1212.57,0.0,0,0,0,2.174284150047773
Emma Bridgewater,1,3.33,0.0,0,0,1,5.838950807952249
Emma Hart,1,1347.56,0.0,0,0,0,2.416379416647586
Emma Marris,1,733.96,0.0,0,0,1,7.149285385593712
Emma Nehrenheim,1,849.29,0.0,0,0,0,1.5227664935518848
Emma Rodero,1,2038.07,0.0,0,0,0,3.654761537840538
Emma Schachner,1,213.92,0.0,0,0,0,0.38327416419768845
Emma Teeling,1,121.84,0.0,0,0,1,6.051490329729741
Emmanuel Acho,1,1313.68,0.0,0,0,1,8.188973273239045
Emmanuel Jal,1,178.27,0.0,0,0,1,6.152693647710535
Emmanuel Schanzer,1,191.9,0.0,0,0,0,0.34378281098242897
Emmett Shear,1,175.2,0.0,0,0,1,6.147187814178708
Emtithal Mahmoud,1,388.75,0.0,0,0,1,6.530175029397539
Enrico Ramirez-Ruiz,1,1042.47,0.0,0,0,1,7.702576819764452
Enrique Peñalosa,1,225.46,0.0,0,0,1,6.237325662162311
Enzo Romero,1,1262.13,0.0,0,0,0,2.263166596248875
Erez Yoeli,1,983.18,0.0,0,0,0,1.7628889859220522
Eric Berridge,1,531.52,0.0,0,0,0,0.9528678872297685
Eric Dyer,1,413.43,0.0,0,0,0,0.7410816065217765
Eric Garcetti,1,799.28,0.0,0,0,1,7.266432306212274
Eric Giler,1,388.26,0.0,0,0,0,0.6959409452852604
Eric Hinterman,1,1174.7,0.0,0,0,0,2.1063669136144454
Eric Mead,1,226.46,0.0,0,0,0,0.4057637904156428
Eric Mibuari,1,5.39,0.0,0,0,0,0.009289973190510626
Eric Nguyen,1,4036.96,100.0,1,1,1,48.90645665690757
Eric Nuzum,1,1113.27,0.0,0,0,0,1.9961964400443553
Eric Sanderson,1,523.32,0.0,0,0,1,6.77151705492785
Eric Sannerud,1,1053.87,0.0,0,0,0,1.8896666316435187
Eric Schmidt,1,12730.89,100.0,1,1,1,64.49842125539716
Eric X. Li,1,788.35,0.0,0,0,1,7.246830104094074
Eric Yuan,1,112.14,0.0,0,0,1,6.034094047886507
Erica Frenkel,1,86.6,0.0,0,0,0,0.1549345142718558
Erica Joy Baker,1,20.54,0.0,0,0,1,5.8698157574906045
Erica Stone,1,382.1,0.0,0,0,0,0.6848934095992478
Erick Brethenoux,1,4.72,0.0,0,0,0,0.008088374341544968
Erik Brynjolfsson,1,314.07,0.0,0,0,1,6.396241593515814
Erik Hersman,1,84.74,0.0,0,0,1,5.984954035257165
Erik Johansson,1,867.59,0.0,0,0,0,1.5555862830087082
Erik Schlangen,1,237.33,0.0,0,0,0,0.4252583866667722
Erika Cheung,1,1469.87,0.0,0,0,0,2.6357339766729435
Erika Debenedictis,1,6.09,0.0,0,0,0,0.010545374973012063
Erika Gregory,1,321.45,0.0,0,0,0,0.5761218123010877
Erika Hamden,1,817.97,0.0,0,0,1,7.299951533805063
Erika Pinheiro,1,1003.37,0.0,0,0,0,1.7990983601916293
Erin Baumgartner,1,986.0,0.0,0,0,0,1.7679464616744152
Erin Marie Saltman,1,442.7,0.0,0,0,0,0.793575335341515
Erin Sullivan,1,818.04,0.0,0,0,1,7.300077073983312
Ermias Kebreab,1,1443.18,0.0,0,0,0,2.587867300137282
Ernest Madu,1,72.66,0.0,0,0,1,5.963289387353425
Ernestine Leikeki Sevidzem,1,74.74,0.0,0,0,0,0.13366442121404576
Ernesto Sirolli,1,851.5,0.0,0,0,1,7.360085279186881
Erricka Bridgeford,1,359.71,0.0,0,0,1,6.478093789734908
Ersin Han Ersin,1,1047.99,0.0,0,0,0,1.8791212566705067
Es Devlin,1,310.17,0.0,0,0,1,6.389247212156164
Esha Alwani,1,231.61,0.0,0,0,0,0.4149999606726177
Esha Chhabra,1,941.7,0.0,0,0,0,1.6884974631532532
Essam Daod,1,562.26,0.0,0,0,0,1.0079979597927602
Esta Soler,1,321.77,0.0,0,0,1,6.41005101312333
Estelle Gibson,1,1166.99,0.0,0,0,0,2.0925395596957506
Esther Meduna,1,14.36,0.0,0,0,0,0.0253770503177076
Esther Ndichu,1,42.59,0.0,0,0,0,0.07600561077487267
Esther Sullivan,1,13.03,0.0,0,0,0,0.022991786930954872
Ethan Hawke,1,3763.33,100.0,1,1,1,48.415720100127764
Ethan Kross,1,3831.29,100.0,1,1,1,48.537601678897474
Ethan Lindenberger,1,1011.73,0.0,0,0,1,7.64744674720146
Ethan Lisi,1,1340.7,0.0,0,0,0,2.404076479179072
Ethan Mann,1,25.48,0.0,0,0,0,0.04532000434830184
Ethan Nadelmann,1,613.0,0.0,0,0,1,6.932351957577463
Ethan Zuckerman,1,162.76,0.0,0,0,1,6.124877531072539
Ethel,1,65.56,0.0,0,0,1,5.950556026416626
Ethel + Thomas Dolby,1,146.32,0.0,0,0,0,0.2620382206304069
Eugenia Cheng,1,263.98,0.0,0,0,1,6.306408628822247
Eugenia Kuyda,1,1442.37,0.0,0,0,0,2.5864146209318157
Euna Lee,1,1582.81,0.0,0,0,1,8.671639389988488
Euvin Naidoo,1,83.7,0.0,0,0,1,5.983088866894592
Eva Galperin,1,1725.73,0.0,0,0,1,8.927956565352925
Eva Vertes,1,172.29,0.0,0,0,1,6.141968929625738
Eva Zeisel,1,88.03,0.0,0,0,1,5.9908544236349215
Evan Grant,1,204.03,0.0,0,0,0,0.36553713044206104
Evan Williams,1,218.92,0.0,0,0,0,0.3922413197869844
Eve Abrams,1,382.32,0.0,0,0,0,0.6852879644451769
Eve Pearlman,1,1298.87,0.0,0,0,0,2.329057255519021
Evelyn Glennie,1,1028.15,0.0,0,0,1,7.676894886156709
Evgeny Morozov,1,92.06,0.0,0,0,1,5.998081951039895
Eythor Bender,1,281.56,0.0,0,0,0,0.5045818450096844
Fabian Hemmert,1,179.91,0.0,0,0,0,0.32227957187929723
Fabian Oefner,1,441.17,0.0,0,0,1,6.624186688595718
Fabien Cousteau,1,326.92,0.0,0,0,1,6.419287183380305
Fadi Chehadé,1,623.44,0.0,0,0,1,6.9510753784479125
Fahad Al-Attiya,1,349.08,0.0,0,0,0,0.6256743140875372
Fahad Saeed,1,51.67,0.0,0,0,0,0.09228996532503414
Faheem Curtis-Khidr,1,18.98,0.0,0,0,0,0.03366270208221708
Faisal Saeed Al Mutar,1,1129.54,0.0,0,0,1,7.858730867196451
Faith Jegede Cole,1,321.69,0.0,0,0,0,0.5765522357693739
Faith Osier,1,648.12,0.0,0,0,1,6.9953372584366775
Fallon Goodman,1,1845.34,0.0,0,0,1,9.142468861360063
Fang Ruan,1,1087.83,0.0,0,0,0,1.950571552406017
Farhad Mohit,1,1075.67,0.0,0,0,0,1.9287634300128493
Farida Nabourema,1,749.79,0.0,0,0,1,7.177675400189424
Fariel Salahuddin,1,1329.87,0.0,0,0,0,2.3846536201726565
Farish Ahmad-Noor,1,1074.15,0.0,0,0,0,1.9260374147137032
Farwiza Farhan,1,1033.61,0.0,0,0,0,1.8533317171956911
Fatima AlZahra'a Alatraktchi,1,817.71,0.0,0,0,0,1.4661299388498914
Fatma Karume,1,988.1,0.0,0,0,1,7.605067969886448
Fatmata Binta,1,5.97,0.0,0,0,0,0.01033016323886896
Fawn Qiu,1,393.13,0.0,0,0,0,0.7046749548292348
Fay Bound Alberti,1,11.19,0.0,0,0,1,5.853047176538621
Federica Bianco,1,854.68,0.0,0,0,0,1.5324330872771459
Fehinti Balogun,1,1264.91,0.0,0,0,0,2.2681523347565236
Fei Luo,1,1349.72,0.0,0,0,0,2.420253227862162
Feisal Abdul Rauf,1,103.65,0.0,0,0,1,6.018867817695883
Felice Belle,1,355.41,0.0,0,0,0,0.6370267330635859
Felipe Sánchez Luna,1,1163.77,0.0,0,0,1,7.920120014360771
Felix Dennis,1,58.05,0.0,0,0,1,5.937087358721504
Femi Oke,1,1409.42,0.0,0,0,1,8.360676368462883
Fenton Lutunatabua,1,1686.03,0.0,0,0,0,3.0234020471093874
Feras Fayyad,1,977.99,0.0,0,0,1,7.58693638128489
Fernanda Castillo,1,606.49,0.0,0,0,1,6.9206767210002
Fernando Salem,1,117.54,0.0,0,0,0,0.21042327305841932
Fields Wicker-Miurin,1,265.7,0.0,0,0,0,0.47613802748043754
Findlay Napier,1,0.72,0.0,0,0,1,5.834269952734635
Finn Lützow-Holm Myrstad,1,802.6,0.0,0,0,1,7.272386497523567
Fiorenzo Omenetto,1,157.07,0.0,0,0,0,0.28131760514739323
First Aid Kit,1,3.63,0.0,0,0,1,5.839488837287607
Flor de Toloache,1,1.45,0.0,0,0,1,5.835579157450672
Florian Pinel,1,5.28,0.0,0,0,0,0.009092695767546117
Floyd E. Romesberg,1,696.64,0.0,0,0,1,7.082354536275205
France Villarta,1,1003.7,0.0,0,0,0,1.799690192460523
Frances Frei,1,2547.94,100.0,1,1,1,46.23600185379287
Frances Larson,1,349.64,0.0,0,0,0,0.6266786355135384
Frances S. Chance,1,1292.36,0.0,0,0,0,2.317382018941758
Francesca Hogi,1,940.46,0.0,0,0,1,7.519628911431635
Francesca Simon-Carboni,1,3.29,0.0,0,0,0,0.005523767843006318
Francesco Sauro,1,444.31,0.0,0,0,0,0.7964627594412682
Francis Collins,1,211.46,0.0,0,0,1,6.212217626512282
Francis Sanzaro,1,35.81,0.0,0,0,0,0.06384614779578733
Francis de los Reyes,1,1478.37,0.0,0,0,0,2.6509781411747464
Francisca Mutapi,1,8.03,0.0,0,0,1,5.847379934206186
Francisco Samper,1,23.7,0.0,0,0,0,0.042127696958512484
Franco Sacchi,1,47.91,0.0,0,0,1,5.918901967186412
Frank Müller-Pierstorff,1,1.59,0.0,0,0,0,0.0024749349426456883
Frank Warren,1,758.07,0.0,0,0,0,1.3591697069807693
Franklin Leonard,1,700.79,0.0,0,0,1,7.089797275414321
Frans von der Dunk,1,9.48,0.0,0,0,0,0.016625106462554735
Franz Freudenthal,1,496.03,0.0,0,0,1,6.722574319721473
Franziska Trautmann,1,1251.34,0.0,0,0,0,2.243815474487174
François Candelon,1,9.71,0.0,0,0,0,0.01703759561966235
Françoise Mouly,1,433.54,0.0,0,0,1,6.6105028091664515
Freada Kapor Klein,1,904.45,0.0,0,0,1,7.455047456877526
Fred Jansen,1,363.35,0.0,0,0,0,0.6512665761393879
Fred Krupp,1,575.97,0.0,0,0,1,6.865941203283138
Fred Swaniker,1,377.16,0.0,0,0,1,6.5093891627415505
Frederic Kaplan,1,291.92,0.0,0,0,0,0.5231617913907057
Frederick Balagadde,1,59.3,0.0,0,0,0,0.1059738447542998
Frederick Streeter Barrett,1,172.07,0.0,0,0,0,0.3082190719152812
Fredros Okumu,1,445.79,0.0,0,0,1,6.632472340360228
Fredy Peccerelli,1,231.87,0.0,0,0,1,6.248821555627789
Freeman Dyson,1,187.96,0.0,0,0,1,6.1700719952425915
Freeman H. Shen,1,1132.66,0.0,0,0,0,2.030971069419645
Freeman Hrabowski,1,268.49,0.0,0,0,1,6.314497003163792
Frédette Lampre,1,1702.89,0.0,0,0,0,3.053639295756493
G. Willow Wilson,1,30.64,0.0,0,0,1,5.887929411780983
G.T. Bynum,1,335.76,0.0,0,0,1,6.43514111446218
Gabby Giffords,1,278.96,0.0,0,0,1,6.333274226967777
Gabby Rivera,1,616.39,0.0,0,0,1,6.938431689067007
Gabe Barcia-Colombo,1,198.42,0.0,0,0,1,6.188831284735398
Gabe Brown,1,1456.48,0.0,0,0,1,8.445075236869336
Gabe Whaley,1,5838.03,100.0,1,1,0,46.3031963374857
Gabe Zichermann,1,150.94,0.0,0,0,1,6.103679175259444
Gabriel Barcia-Colombo,1,169.24,0.0,0,0,1,6.136498964716266
Gabriel Heras,1,51.94,0.0,0,0,0,0.09277419172685612
Gabriel Kra,1,1515.63,0.0,0,0,0,2.7178013846261804
Gabriel Marmentini,1,921.49,0.0,0,0,0,1.6522522202613188
Gabriela,1,1011.52,0.0,0,0,0,1.813714823802182
Gabriela González,1,194.58,0.0,0,0,1,6.181944509242819
Gabriela Roa,1,4.76,0.0,0,0,0,0.008160111586259334
Gabriella Lascano,1,1436.25,0.0,0,0,0,2.5754388224905176
Gabrielle Rifkind,1,1141.66,0.0,0,0,1,7.880467252344904
Gabrielle Walker,1,1277.77,0.0,0,0,0,2.2912158589321923
Gaby Barrios,1,1180.37,0.0,0,0,0,2.1165356680527068
Gail Reed,1,220.39,0.0,0,0,0,0.39487766353023745
Gala Marija Vrbanic,1,1232.43,0.0,0,0,0,2.209901692048457
Galina Angarova,1,1354.1,0.0,0,0,0,2.4281084561583843
Galit Ariel,1,7.06,0.0,0,0,0,0.012285003157335482
Gangadhar Patil,1,746.43,0.0,0,0,0,1.3382941687688878
Gareth Thomas,1,1389.07,0.0,0,0,0,2.490824742349921
Garik Israelian,1,116.49,0.0,0,0,1,6.041895473249194
Garrett Lisi,1,339.53,0.0,0,0,1,6.441902349776509
Garry Cooper,1,1186.09,0.0,0,0,1,7.960149396911389
Garth Lenz,1,179.49,0.0,0,0,0,0.3215263308097964
Gary Barker,1,908.18,0.0,0,0,0,1.6283816520826124
Gary Flake,1,140.73,0.0,0,0,1,6.085368243546101
Gary Greenberg,1,250.9,0.0,0,0,1,6.282950549800649
Gary Haugen,1,526.8,0.0,0,0,1,6.777758195218
Gary Kovacs,1,471.85,0.0,0,0,1,6.6792091552916375
Gary Lauder,1,114.53,0.0,0,0,0,0.20502504539366312
Gary Liu,1,965.65,0.0,0,0,0,1.7314501384259804
Gary Marcus,1,1695.95,0.0,0,0,1,8.874548186663077
Gary Niekerk,1,3.41,0.0,0,0,0,0.005738979577149422
Gary Slutkin,1,204.33,0.0,0,0,1,6.1994304626419465
Gary Wolf,1,211.95,0.0,0,0,0,0.37974110489550583
Gaspard Koenig,1,25.59,0.0,0,0,0,0.045517281771266356
Gastón Acurio,1,298.05,0.0,0,0,1,6.36751082700771
Gautam Bhan,1,203.92,0.0,0,0,1,6.198695155883624
Gautam Shah,1,1213.06,0.0,0,0,1,8.008518234160052
Gavin McCormick,1,1222.41,0.0,0,0,0,2.191931512247508
Gavin Pretor-Pinney,1,309.27,0.0,0,0,1,6.387633124150089
Gavin Schmidt,1,333.39,0.0,0,0,1,6.430890682712853
Gay Gordon-Byrne,1,1923.75,0.0,0,0,0,3.4497364924468745
Gaya Herrington,1,1151.05,0.0,0,0,1,7.897307570541602
Gayle King,1,893.63,0.0,0,0,1,7.435642532182289
Ge Wang,1,300.56,0.0,0,0,1,6.372012339113536
Geena Rocero,1,888.57,0.0,0,0,1,7.426567770725923
Geert Chatrou,1,547.82,0.0,0,0,1,6.815456117315401
Geminelle,1,4.18,0.0,0,0,0,0.007119921537901002
Gemma Jackson,1,5.23,0.0,0,0,1,5.84235832707618
Gene Luen Yang,1,575.5,0.0,0,0,1,6.865098290657744
Genevieve Bell,1,1134.55,0.0,0,0,1,7.867715957096927
Genevieve von Petzinger,1,2838.46,100.0,1,1,0,40.9236741592888
Geoffrey Canada,1,557.71,0.0,0,0,1,6.833193151071028
Geoffrey West,1,319.76,0.0,0,0,1,6.406446216576434
George Ayittey,1,123.06,0.0,0,0,1,6.05367831569353
George Papandreou,1,186.21,0.0,0,0,1,6.166933490786337
George Steinmetz,1,180.15,0.0,0,0,1,6.156065298212111
George T. Whitesides,1,1256.14,0.0,0,0,1,8.085779246717426
George Takei,1,935.24,0.0,0,0,1,7.51026720099641
George Tulevski,1,569.01,0.0,0,0,0,1.0201036198383098
Georges C. Benjamin,1,962.41,0.0,0,0,1,7.558994724468644
Georgette Bennett,1,1357.68,0.0,0,0,0,2.434528939560321
Georgette Mulheir,1,198.53,0.0,0,0,1,6.189028562158363
Geraldine Hamilton,1,408.49,0.0,0,0,1,6.565577359664079
Gerard Ryle,1,339.1,0.0,0,0,1,6.44113117439583
Gerardo Reyes Chávez,1,859.45,0.0,0,0,0,1.5409877537093342
Germán Santillán,1,1247.4,0.0,0,0,0,2.236749355882809
Gero Miesenboeck,1,141.96,0.0,0,0,1,6.087574163821068
Ghada Wali,1,689.92,0.0,0,0,0,1.236947376298665
Giada Gerboni,1,579.96,0.0,0,0,0,1.039741690578868
Gian Giudice,1,513.75,0.0,0,0,1,6.7543539191299375
Gianluca Ambrosetti,1,6.5,0.0,0,0,0,0.011280681731334334
Giles Duley,1,54.25,0.0,0,0,1,5.930272320473638
Giles E.D. Oldroyd,1,1305.8,0.0,0,0,0,2.3414857331657855
Gill Hicks,1,291.6,0.0,0,0,1,6.355943196297517
Gillian Frame,1,0.72,0.0,0,0,1,5.834269952734635
Gillian Tett,1,1464.99,0.0,0,0,1,8.460337335682318
Gina Brillon,1,33.07,0.0,0,0,1,5.89228744939738
Gina Chavez,1,24.52,0.0,0,0,1,5.876953613339684
Gina Gutierrez,1,2004.61,0.0,0,0,0,3.5947533326369694
Gitte Frederiksen,1,1753.16,0.0,0,0,0,3.143795078051275
Giulia Enders,1,1752.33,0.0,0,0,1,8.97566183308798
Glen Henry,1,497.22,0.0,0,0,0,0.8913531998871984
Glen J. Golden,1,1062.42,0.0,0,0,0,1.905000467701215
Glenn Close,1,1005.59,0.0,0,0,1,7.6364350801378045
Glenn Greenwald,1,724.89,0.0,0,0,1,7.1330189653547285
Gloria Chan Packer,1,1932.27,0.0,0,0,1,9.298371828435563
Gloria Kasang Bulus,1,697.42,0.0,0,0,0,1.250398109682609
Gloria Steinem,1,940.62,0.0,0,0,1,7.519915860410493
Gokul Upadhyayula,1,111.76,0.0,0,0,0,0.20005724119719318
Golriz Lucina,1,961.19,0.0,0,0,0,1.7234514356403288
Golshifteh Farahani,1,1420.19,0.0,0,0,1,8.379991621602228
Gonzalo Muñoz,1,1146.24,0.0,0,0,0,2.055325864000172
Gonzalo Vilariño,1,181.14,0.0,0,0,0,0.32448549215426403
Gopal D. Patel,1,1001.68,0.0,0,0,0,1.7960674616024475
Gowri Shankar,1,1425.62,0.0,0,0,1,8.389729952572203
Grace Kim,1,842.02,0.0,0,0,0,1.5097282493250486
Grady Booch,1,946.03,0.0,0,0,1,7.529618322758111
Graham Allison,1,1830.35,0.0,0,0,1,9.115585328903354
Graham Hawkes,1,71.28,0.0,0,0,1,5.96081445241078
Graham Shaw,1,14790.53,100.0,1,1,0,62.35888842012014
Graham Worthy,1,5.95,0.0,0,0,0,0.010294294616511778
Greg Anderson,1,951.91,0.0,0,0,0,1.7068083948665953
Greg Asner,1,193.94,0.0,0,0,1,6.18079671332739
Greg Brockman,1,4209.65,100.0,1,1,1,49.21616427665068
Greg De Temmerman,1,1112.78,0.0,0,0,0,1.9953176587966037
Greg Lukianoff,1,2073.98,0.0,0,0,1,9.55251895214739
Greg Lynn,1,76.51,0.0,0,0,1,5.970194097157185
Greg Stone,1,100.26,0.0,0,0,1,6.012788086206339
Gregg Garn,1,4.16,0.0,0,0,0,0.007084052915543818
Gregory Berns,1,1401.51,0.0,0,0,1,8.346490328320616
Gregory Heyworth,1,245.1,0.0,0,0,0,0.43919334645253816
Gregory Petsko,1,172.68,0.0,0,0,1,6.142668367761702
Gregory Stock,1,95.36,0.0,0,0,1,6.00400027372883
Greta Thunberg,1,2617.29,100.0,1,1,1,46.36037630181641
Grégoire Courtine,1,234.83,0.0,0,0,1,6.254130111736651
Guadalupe Nogués,1,1257.81,0.0,0,0,0,2.255418973819723
Guillaume Néry,1,337.97,0.0,0,0,1,6.4391045972326495
Gunjan Bhardwaj,1,6.95,0.0,0,0,1,5.845443028598899
Guntur V. Subbarao,1,346.05,0.0,0,0,0,0.6202402178004239
Gus Casely-Hayford,1,447.83,0.0,0,0,1,6.636130939840661
Gus Worland,1,1820.76,0.0,0,0,1,9.098386324483084
Gustavo Dudamel,1,504.68,0.0,0,0,1,6.7380874988909545
Guy Harvey,1,16.34,0.0,0,0,1,5.862283346795596
Guy Hoffman,1,718.42,0.0,0,0,1,7.12141546602218
Guy-Philippe Goldstein,1,117.74,0.0,0,0,0,0.21078195928199117
Gwen Yi Wong,1,14.18,0.0,0,0,0,0.025054232716492944
Gwynne Shotwell,1,1352.28,0.0,0,0,1,8.25819971438841
H.E. Ellen Johnson Sirleaf,1,1011.79,0.0,0,0,0,1.8141990502040037
HEAVY BOOTS,1,25.04,0.0,0,0,0,0.0445308946564438
HY William Chan,1,7.61,0.0,0,0,0,0.013271390272158038
Haas,1,498.46,0.0,0,0,0,0.8935770544733437
Haaziq Kazi,1,34.06,0.0,0,0,1,5.894062946204061
Hadi Eldebek,1,512.83,0.0,0,0,0,0.9193486596369803
Hadyn Parry,1,226.42,0.0,0,0,0,0.4056920531709284
Hahn,1,498.46,0.0,0,0,0,0.8935770544733437
Hailey Hardcastle,1,1965.65,0.0,0,0,0,3.5248812562851755
Hajer Sharief,1,1626.78,0.0,0,0,1,8.750496556240757
Hal Harvey,1,835.87,0.0,0,0,1,7.332053950814743
Haley Stack,1,6.74,0.0,0,0,0,0.01171110519962054
Haley Van Dyck,1,336.74,0.0,0,0,0,0.6035433740931547
Halima Aden,1,632.75,0.0,0,0,1,6.967772222155183
Hamdi Ulukaya,1,1949.59,0.0,0,0,1,9.329434055396884
Hamish Jolly,1,674.13,0.0,0,0,0,1.2086290989476685
Hamish McKenzie,1,1797.52,0.0,0,0,0,3.223351682439509
Handspring Puppet Co.,1,406.84,0.0,0,0,0,0.7292628954550842
Hani Goodarzi,1,909.06,0.0,0,0,0,1.6299598714663288
Hanjo Seibert,1,946.67,0.0,0,0,0,1.6974108158090129
Hank Willis Thomas,1,357.74,0.0,0,0,1,6.474560730432725
Hanna Rosin,1,213.83,0.0,0,0,1,6.216468058261608
Hannah Boquet,1,3546.61,100.0,1,1,0,42.193692405400796
Hannah Brencher,1,862.99,0.0,0,0,0,1.5473364998665557
Hannah Bürckstümmer,1,528.33,0.0,0,0,0,0.9471468419637977
Hannah Fisher,1,3.19,0.0,0,0,0,0.005344424731220399
Hannah Gadsby,1,1482.94,0.0,0,0,1,8.492529424247891
Hannah Ritchie,1,1678.61,0.0,0,0,1,8.843450091079399
Hans,1,1646.24,0.0,0,0,0,2.95204142292977
Hans Block,1,943.21,0.0,0,0,0,1.6912055441412204
Harald Eia,1,991.43,0.0,0,0,1,7.611040095508918
Hari Nef,1,60.15,0.0,0,0,1,5.940853564069007
Harish Manwani,1,432.33,0.0,0,0,1,6.6083327575138435
Harjeet Singh,1,3325.56,100.0,1,1,1,47.63060975966255
Harrison Chase,1,23.36,0.0,0,0,1,5.874873233242967
Harrison Scott Key,1,60.99,0.0,0,0,1,5.942360046208009
Harry Cliff,1,766.69,0.0,0,0,0,1.3746290832167154
Harsha Bhogle,1,196.82,0.0,0,0,1,6.185961794946824
Hartmut Neven,1,2545.66,100.0,1,1,1,46.23191283084416
Harvey Fineberg,1,216.69,0.0,0,0,1,6.221597271258686
Harvey Mason jr.,1,1403.64,0.0,0,0,1,8.350310336601657
Hasan Elahi,1,184.33,0.0,0,0,1,6.163561840284762
Hasan Kwame Jeffries,1,1117.21,0.0,0,0,1,7.836617861513248
Hasini Jayatilaka,1,705.74,0.0,0,0,0,1.2653194565831976
Hawa Abdi + Deqo Mohamed,1,90.64,0.0,0,0,1,5.995535278852534
Hayley Yeates,1,68.27,0.0,0,0,0,0.1220609218814968
Heart of Mind,1,1.04,0.0,0,0,0,0.0014885478278231317
Heather Barnett,1,354.14,0.0,0,0,1,6.468104378408432
Heather Brooke,1,234.16,0.0,0,0,1,6.252928512887686
Heather C. McGhee,1,1336.09,0.0,0,0,1,8.229164064590266
Heather Knight,1,171.07,0.0,0,0,1,6.139780943661949
Heather Lanier,1,1060.9,0.0,0,0,0,1.902274452402069
Heather Meeker,1,11.09,0.0,0,0,0,0.019512530562308034
Hector Garcia,1,364.05,0.0,0,0,0,0.6525219779218894
Hector Ruiz,1,57.02,0.0,0,0,1,5.935240124670108
Heejae Lim,1,1660.62,0.0,0,0,0,2.977830962404585
Heidi Boisvert,1,942.83,0.0,0,0,0,1.690524040316434
Heidi Grant,1,3538.61,0.0,0,0,0,6.345876667432974
Heidi Hammel,1,1370.04,0.0,0,0,1,8.290051051041587
Heidi Larson,1,201.48,0.0,0,0,1,6.194319183956047
Heidi M. Sosik,1,534.03,0.0,0,0,0,0.9573693993355951
Heidi Sørensen,1,1264.49,0.0,0,0,1,8.10075439655155
Helder Guimarães,1,580.73,0.0,0,0,0,1.0411226325396195
Helen Czerski,1,643.92,0.0,0,0,1,6.9878048477416685
Helen Gillet,1,177.24,0.0,0,0,0,0.31749111079461323
Helen Marriage,1,164.94,0.0,0,0,0,0.2954319080449451
Helen Pearson,1,1037.9,0.0,0,0,1,7.694380839555835
Helen Toner,1,1024.56,0.0,0,0,1,7.670456468443593
Helen Tupper,1,1223.01,0.0,0,0,0,2.1930075709182226
Helianti Hilman,1,1381.34,0.0,0,0,1,8.310316822673396
Hendrik Poinar,1,256.74,0.0,0,0,1,6.293424187528947
Heni Ozi Cukier,1,4445.45,100.0,1,1,1,49.639055334241874
Henna Pryor,1,1290.89,0.0,0,0,0,2.314745675198505
Henna-Maria Uusitupa,1,1199.41,0.0,0,0,0,2.150682596536746
Henrietta Fore,1,750.21,0.0,0,0,1,7.178428641258923
Henry Evans,1,294.12,0.0,0,0,0,0.5271073398499959
Henry Lin,1,339.29,0.0,0,0,0,0.6081166234436958
Henry Markram,1,270.61,0.0,0,0,1,6.318299077133655
Herbie Hancock,1,145.4,0.0,0,0,1,6.093743566866504
Heribert Watzke,1,343.81,0.0,0,0,0,0.6162229320964193
Herman Narula,1,884.47,0.0,0,0,1,7.419214703142699
Herminia Ibarra,1,46.53,0.0,0,0,1,5.9164270322437655
Hernán Casciari,1,425.21,0.0,0,0,0,0.7622082250901577
Hetain Patel,1,715.22,0.0,0,0,1,7.11567648644503
Hilary Cottam,1,251.03,0.0,0,0,1,6.28318369584597
Hilde Stenuit,1,66.11,0.0,0,0,0,0.11818711066692095
Hillel Cooperman,1,221.2,0.0,0,0,0,0.3963303427357034
Hindou Oumarou Ibrahim,1,670.93,0.0,0,0,1,7.036245422235046
Hiroki Koga,1,1462.69,0.0,0,0,0,2.622857141246715
Hiromi Ozaki,1,10.18,0.0,0,0,1,5.851235811109583
His Holiness the Karmapa,1,194.26,0.0,0,0,1,6.181370611285104
Hod Lipson,1,233.06,0.0,0,0,1,6.250955738658042
Holley Moyes,1,13.18,0.0,0,0,0,0.023260801598633755
Holly Herndon,1,1548.1,0.0,0,0,1,8.609389395887595
Holly Morris,1,271.95,0.0,0,0,0,0.48734697196705756
Homaro Cantu + Ben Roche,1,197.88,0.0,0,0,1,6.187862831931755
Hongqiao Liu,1,1173.13,0.0,0,0,0,2.1035512267594063
Howard C. Stevenson,1,927.17,0.0,0,0,0,1.6624389090107587
Howard Rheingold,1,213.56,0.0,0,0,1,6.215983831859787
Howard Taylor,1,19.58,0.0,0,0,0,0.03473876075293259
Hrishikesh Hirway,1,2326.15,100.0,1,1,1,45.838236766162886
Hrund Gunnsteinsdóttir,1,1962.2,0.0,0,0,0,3.5186939189285606
Hu Liang,1,3.64,0.0,0,0,1,5.839506771598784
Huang Hung,1,1117.22,0.0,0,0,1,7.836635795824427
Huang Yi,1,185.3,0.0,0,0,0,0.33194616560455836
Hubertus Knabe,1,310.87,0.0,0,0,1,6.390502613938665
Hugh Evans,1,654.55,0.0,0,0,0,1.1735137176599852
Hui-wen Sato,1,35.99,0.0,0,0,0,0.06416896539700198
Huma Yusuf,1,1293.91,0.0,0,0,0,2.32016183717444
Hyeonmi Kim,1,1378.77,0.0,0,0,0,2.472352401835971
Hyeonseo Lee,1,5791.02,100.0,1,1,1,52.05224244349967
IN-Q,1,16.6,0.0,0,0,1,5.86274963888624
Iain Hutchison,1,126.48,0.0,0,0,0,0.2264565472520805
Ian Barnes,1,18.61,0.0,0,0,0,0.032999132568609174
Ian Bassin,1,1031.69,0.0,0,0,1,7.68324363231393
Ian Chang,1,13.99,0.0,0,0,1,5.858068783668627
Ian Firth,1,476.16,0.0,0,0,1,6.686938843409611
Ian Goldin,1,222.99,0.0,0,0,1,6.232895887301199
Ian Kerner,1,346.46,0.0,0,0,1,6.454330827423273
Ian Ritchie,1,128.83,0.0,0,0,0,0.2306711103790496
Ian Strange,1,6.68,0.0,0,0,0,0.011603499332548988
Ibram X. Kendi,1,1576.3,0.0,0,0,1,8.659964153411225
Iké Udé,1,101.83,0.0,0,0,1,6.015603773061379
Ilissa Ocko,1,1625.22,0.0,0,0,0,2.9143435008323695
Ilona Stengel,1,483.83,0.0,0,0,0,0.8673391572190636
Ilyena Hirskyj-Douglas,1,1913.17,0.0,0,0,0,3.430761991219925
Ilyess El Kortbi,1,3.28,0.0,0,0,1,5.838861136396355
Imogen Heap,1,192.42,0.0,0,0,1,6.178070698028243
Imogen Malpas,1,40.9,0.0,0,0,0,0.07297471218569061
Improv Everywhere,1,685.9,0.0,0,0,1,7.063093086069398
Imran Chaudhri,1,3942.08,100.0,1,1,1,48.736295912445094
Inara George,1,50.51,0.0,0,0,1,5.923564888092845
Indre Viskontas,1,40.13,0.0,0,0,1,5.904949073089467
Inge Missmahl,1,84.22,0.0,0,0,0,0.15066614821135096
Ingrid Betancourt,1,351.68,0.0,0,0,1,6.463692537858498
Ingrid Fetell Lee,1,1180.46,0.0,0,0,0,2.116697076853314
Inhi Cho Suh,1,6.49,0.0,0,0,0,0.011262747420155742
Inés Hercovich,1,241.68,0.0,0,0,0,0.4330598120294597
Ione Wells,1,404.72,0.0,0,0,0,0.725460821485223
Ipsita Dasgupta,1,719.51,0.0,0,0,0,1.2900150030761184
Iqbal Quadir,1,94.11,0.0,0,0,1,6.001758484831506
Ira Bedzow,1,1615.07,0.0,0,0,0,2.896140174986099
Irena Arslanova,1,1482.27,0.0,0,0,0,2.657972522534398
Irene Mora,1,42.57,0.0,0,0,0,0.07596974215251548
Irina Karamanos Adrian,1,1160.35,0.0,0,0,1,7.913986479937694
Irina Kareva,1,463.5,0.0,0,0,0,0.8308787025929862
Irma L. Olguin Jr.,1,1769.84,0.0,0,0,0,3.173709509097166
Irwin Redlener,1,134.68,0.0,0,0,1,6.0745179852830535
Isaac Lidsky,1,1126.22,0.0,0,0,1,7.852776675885159
Isaac Mizrahi,1,219.04,0.0,0,0,1,6.225811834385655
Isaac Saul,1,1024.22,0.0,0,0,1,7.669846701863523
Isabel Behncke,1,200.69,0.0,0,0,1,6.192902373372939
Isabel Wijsen,1,560.1,0.0,0,0,1,6.837479451442712
Isabel Wilkerson,1,1042.87,0.0,0,0,1,7.703294192211596
Isabella Kirkland,1,996.7,0.0,0,0,1,7.620491477500037
Isabelle Boemeke,1,1553.47,0.0,0,0,1,8.6190201209905
Isadora Kosofsky,1,219.09,0.0,0,0,0,0.39254620307702054
Isata Kanneh-Mason,1,2.09,0.0,0,0,1,5.836726953366103
Ise Lyfe,1,2.93,0.0,0,0,1,5.838233435505105
Isha Datar,1,1602.15,0.0,0,0,1,8.706324347807886
Ishan Bhabha,1,786.84,0.0,0,0,0,1.4107667202415781
Ismael Nazario,1,416.24,0.0,0,0,0,0.7461211479629607
Itamar Mann,1,952.61,0.0,0,0,0,1.7080637966490966
Itay Talgam,1,769.03,0.0,0,0,1,7.212181014897033
Ivan Coyote,1,514.27,0.0,0,0,1,6.7552865033112255
Ivan Krastev,1,165.47,0.0,0,0,1,6.1297377294019375
Ivan Oransky,1,150.1,0.0,0,0,1,6.102172693120441
Ivan Poupyrev,1,270.89,0.0,0,0,0,0.48544593498212674
Ivonne Roman,1,871.5,0.0,0,0,0,1.5625985986795377
Iwan Baan,1,381.3,0.0,0,0,1,6.516813967569488
Iyad Rahwan,1,438.79,0.0,0,0,1,6.619918322535214
J Mase III,1,1348.7,0.0,0,0,1,8.251779230986473
J. Marshall Shepherd,1,1202.5,0.0,0,0,1,7.989579601555458
J.D. Vance,1,1286.54,0.0,0,0,1,8.140299552700347
J.J. Abrams,1,688.64,0.0,0,0,1,7.068007087332333
JA Collective,1,151.35,0.0,0,0,0,0.2710591791532387
JD Schramm,1,389.62,0.0,0,0,0,0.698380011605549
JP Rangaswami,1,153.21,0.0,0,0,0,0.27439496103245675
Jaap de Roode,1,3189.42,0.0,0,0,0,5.719628455387722
Jacek Utko,1,196.84,0.0,0,0,0,0.35264236070465343
Jack Andraka,1,1160.88,0.0,0,0,1,7.914936998430158
Jack Choi,1,223.01,0.0,0,0,0,0.3995764530590285
Jack Conte,1,477.12,0.0,0,0,1,6.688660537282757
Jack Dorsey,1,989.94,0.0,0,0,1,7.608367883143307
Jack Foster,1,5.37,0.0,0,0,0,0.009254104568153444
Jack Levis,1,15.41,0.0,0,0,0,0.027260152991459757
Jack Sinclair,1,6.3,0.0,0,0,0,0.010921995507762496
Jackie Gartner-Schmidt,1,117.89,0.0,0,0,0,0.21105097394966998
Jackie Savitz,1,325.62,0.0,0,0,0,0.5836004200625604
Jackie Tabick,1,38.75,0.0,0,0,1,5.902474138146821
Jackson Bird,1,705.06,0.0,0,0,1,7.09745522628758
Jackson Browne,1,134.67,0.0,0,0,1,6.074500050971875
Jackson Katz,1,661.14,0.0,0,0,1,7.018687731591204
Jacob Collier,1,437.74,0.0,0,0,1,6.6180352198614605
Jacqueline DiBiasie-Sammons,1,295.22,0.0,0,0,0,0.529080114079641
Jacqueline Woodson,1,1360.91,0.0,0,0,1,8.273677024935534
Jacy Reese Anthis,1,67.95,0.0,0,0,1,5.9548423267883095
Jad Abumrad,1,1546.88,0.0,0,0,1,8.607201409923809
Jade Begay,1,19.25,0.0,0,0,0,0.03414692848403906
Jae Rhim Lee,1,356.89,0.0,0,0,1,6.473036313982544
Jaime Lerner,1,127.58,0.0,0,0,1,6.061784624346253
Jaime Rojo,1,1205.22,0.0,0,0,0,2.1611024313315084
Jaime Seeman,1,4034.07,100.0,1,1,0,43.067918338112435
Jake Barton,1,189.33,0.0,0,0,1,6.172528995874059
Jake Wood,1,127.6,0.0,0,0,1,6.06182049296861
Jakob Magolan,1,741.33,0.0,0,0,0,1.3291476700678062
Jakob Trollback,1,87.2,0.0,0,0,0,0.15601057294257137
Jamais Cascio,1,43.9,0.0,0,0,1,5.911710308403795
James A. White Sr.,1,353.38,0.0,0,0,0,0.6333860678943317
James B. Glattfelder,1,639.92,0.0,0,0,0,1.147275820405705
James Balog,1,194.06,0.0,0,0,1,6.181011925061532
James Beacham,1,514.65,0.0,0,0,0,0.9226127042714839
James Bickerton,1,8.03,0.0,0,0,0,0.0140246313416589
James Bridle,1,2906.1,100.0,1,1,1,46.87833714296533
James Burchfield,1,141.87,0.0,0,0,0,0.2540574521559335
James Cameron,1,423.57,0.0,0,0,1,6.592622300921397
James Curleigh,1,17.05,0.0,0,0,0,0.030201380024748835
James Flynn,1,1095.47,0.0,0,0,0,1.9642733661464615
James Forbes,1,45.2,0.0,0,0,0,0.08068646599248518
James Geary,1,193.71,0.0,0,0,1,6.1803842241702815
James Green,1,584.47,0.0,0,0,0,1.0478300649204129
James Hansen,1,346.71,0.0,0,0,1,6.454779185202737
James Hodge,1,1345.62,0.0,0,0,0,2.412900160278939
James Howard Kunstler,1,350.85,0.0,0,0,1,6.462203990030675
James Irungu Mwangi,1,1402.81,0.0,0,0,0,2.515466485909306
James K. Thornton,1,1305.74,0.0,0,0,0,2.341378127298714
James Keblas,1,2.11,0.0,0,0,0,0.0034075191239324692
James Kozloski,1,3.47,0.0,0,0,0,0.005846585444220975
James Lyne,1,420.56,0.0,0,0,0,0.7538687703921125
James Mnyupe,1,2485.01,100.0,1,1,0,40.28978593068147
James Orsulak,1,10.92,0.0,0,0,0,0.019207647272271974
James Patten,1,265.43,0.0,0,0,1,6.3090091039431435
James Randi,1,1162.06,0.0,0,0,1,7.917053247149232
James Rhee,1,1579.61,0.0,0,0,1,8.665900410411338
James Stavridis,1,162.62,0.0,0,0,1,6.124626450716039
James Surowiecki,1,90.11,0.0,0,0,1,5.99458476036007
James Watson,1,316.22,0.0,0,0,1,6.400097470419211
Jamey Stillings,1,9.9,0.0,0,0,1,5.850733650396583
Jamie Bartlett,1,1546.01,0.0,0,0,1,8.60564112485127
Jamie C. Beard,1,1396.36,0.0,0,0,0,2.5038988551991137
Jamie Drummond,1,128.13,0.0,0,0,0,0.22941570859654814
Jamie Heywood,1,108.1,0.0,0,0,1,6.026848586170356
Jamie Oliver,1,970.03,0.0,0,0,1,7.572660669586731
Jamie Paik,1,366.59,0.0,0,0,1,6.490432595825779
Jamie Woolf,1,2685.72,100.0,1,1,1,46.48310079321152
Jamil Abu-Wardeh,1,222.83,0.0,0,0,0,0.3992536354578139
Jamila Gordon,1,873.53,0.0,0,0,1,7.3995945667133185
Jamila Lyiscott,1,1396.39,0.0,0,0,1,8.337307960997178
Jamila Raqib,1,320.87,0.0,0,0,1,6.4084369251172575
Jan Chipchase,1,129.5,0.0,0,0,1,6.065228012092542
Jan Denecker,1,20.91,0.0,0,0,0,0.03712402413968533
Jan Rader,1,780.8,0.0,0,0,0,1.3999343962897086
Jan Wurzbacher,1,1570.74,0.0,0,0,0,2.8166373735314005
Jane Chen,1,185.09,0.0,0,0,1,6.164924847934335
Jane Ferguson,1,856.68,0.0,0,0,1,7.369375252377392
Jane Poynter,1,228.11,0.0,0,0,1,6.242078254624637
Jane Velkovski,1,1406.76,0.0,0,0,0,2.5225505388248504
Jane Walsh,1,1275.36,0.0,0,0,1,8.12024899280268
Jane Zelikova,1,1341.44,0.0,0,0,1,8.238758921070815
Janelle Shane,1,1573.07,0.0,0,0,1,8.65417137090054
Janet Echelman,1,494.33,0.0,0,0,1,6.719525486821112
Janet Stovall,1,967.12,0.0,0,0,0,1.7340864821692337
Janette Sadik-Khan,1,244.47,0.0,0,0,1,6.271418787712814
Janine Shepherd,1,398.35,0.0,0,0,1,6.547391968128986
Janine di Giovanni,1,252.66,0.0,0,0,1,6.286106988568081
Janna Levin,1,256.4,0.0,0,0,1,6.292814420948874
Janne Willems,1,26.33,0.0,0,0,0,0.04684442079848216
Jared Ficklin,1,150.96,0.0,0,0,0,0.2703597410172736
Jared Freid,1,90.46,0.0,0,0,1,5.995212461251319
Jared Hill,1,3.89,0.0,0,0,0,0.006599826513721836
Jared Kleinert,1,9.48,0.0,0,0,0,0.016625106462554735
Jaron Lanier,1,1315.7,0.0,0,0,1,8.192596004097117
Jarrell Daniels,1,867.0,0.0,0,0,0,1.5545281586491713
Jarreth Merz,1,85.72,0.0,0,0,0,0.15335629488813973
Jasmine Cho,1,25.45,0.0,0,0,0,0.04526620141476607
Jasmine Crowe,1,1057.06,0.0,0,0,1,7.728742979774017
Jasmine Crowe-Houston,1,1700.39,0.0,0,0,0,3.0491557179618454
Jason B. Rosenthal,1,978.81,0.0,0,0,0,1.7550516919370076
Jason Clay,1,98.08,0.0,0,0,0,0.17552310350487937
Jason Fried,1,1166.84,0.0,0,0,1,7.925625847892599
Jason Huang,1,1206.81,0.0,0,0,1,7.997309289673431
Jason Jay,1,7.88,0.0,0,0,0,0.013755616673980021
Jason McCue,1,178.46,0.0,0,0,1,6.153034399622928
Jason Pontin,1,384.32,0.0,0,0,1,6.522230129545423
Jason Rugolo,1,1351.31,0.0,0,0,0,2.4231047833395576
Jason Shen,1,1814.52,0.0,0,0,0,3.2538400114431147
Jason W. Chin,1,1397.52,0.0,0,0,0,2.5059792352958308
Jason Zada,1,283.73,0.0,0,0,1,6.341828893399966
Jason deCaires Taylor,1,523.13,0.0,0,0,1,6.771176303015457
Javed Akhtar,1,239.74,0.0,0,0,1,6.262935858525339
Javier Olivares,1,37.92,0.0,0,0,1,5.9009855903189985
Jawad Sharif,1,239.37,0.0,0,0,1,6.262272289011732
Jay Bailey,1,1148.95,0.0,0,0,1,7.893541365194098
Jay Bradner,1,123.16,0.0,0,0,0,0.220502355940788
Jay Cousins,1,3.56,0.0,0,0,0,0.006007994244828302
Jay Silver,1,329.63,0.0,0,0,1,6.4241473817097035
JayaShri Maathaa,1,904.52,0.0,0,0,0,1.6218176941912479
Jean-Baptiste Michel,1,280.93,0.0,0,0,0,0.5034519834054331
Jean-Baptiste Michel + Erez Lieberman Aiden,1,421.94,0.0,0,0,0,0.756343705334758
Jean-Manuel Izaret,1,10.65,0.0,0,0,0,0.01872342087044999
Jean-Paul Mari,1,245.15,0.0,0,0,1,6.272638320872959
Jeanette Winterson,1,1462.43,0.0,0,0,1,8.4557461520206
Jeanne Gang,1,570.45,0.0,0,0,1,6.856041463512554
Jeanne Pinder,1,858.51,0.0,0,0,0,1.5393019284585465
Jeannette Garcia,1,8.43,0.0,0,0,1,5.8480973066533295
Jeannie Suk Gersen,1,1552.58,0.0,0,0,1,8.617423967295606
Jeff Bezos,1,352.04,0.0,0,0,1,6.464338173060928
Jeff Chen,1,124.57,0.0,0,0,0,0.22303109381696945
Jeff Dean,1,1343.18,0.0,0,0,1,8.24187949121589
Jeff Fox,1,239.57,0.0,0,0,0,0.4292756723707768
Jeff Han,1,691.61,0.0,0,0,1,7.073333577752375
Jeff Hancock,1,321.81,0.0,0,0,1,6.4101227503680445
Jeff Hawkins,1,264.24,0.0,0,0,1,6.3068749209128905
Jeff Iliff,1,1452.42,0.0,0,0,0,2.604438603666301
Jeff Kirschner,1,498.93,0.0,0,0,0,0.8944199670987375
Jeff Kozak,1,7.45,0.0,0,0,0,0.012984441293300569
Jeff More,1,1677.32,0.0,0,0,0,3.0077812620728333
Jeff Skoll,1,131.97,0.0,0,0,1,6.0696577869536545
Jeff Smith,1,292.43,0.0,0,0,0,0.5240764412608138
Jeffrey Brown,1,318.84,0.0,0,0,0,0.5714409570834751
Jeffrey Kluger,1,315.92,0.0,0,0,1,6.399559441083853
Jeffrey T. Reed,1,1897.5,0.0,0,0,0,3.402658925603071
Jehane Noujaim,1,71.81,0.0,0,0,1,5.961764970903245
Jen Gunter,1,1363.08,0.0,0,0,1,8.277568770461288
Jen Walsh,1,1526.29,0.0,0,0,0,2.7369193603425592
Jena Friedman,1,2328.76,100.0,1,1,1,45.842917621380494
Jenna C. Lester,1,1096.28,0.0,0,0,0,1.965726045351927
Jenna McCarthy,1,1380.64,0.0,0,0,1,8.309061420890897
Jenna Schilstra,1,32.03,0.0,0,0,0,0.05706697817027957
Jenna Weiner,1,16.62,0.0,0,0,0,0.029430204644069386
Jenni Chang,1,789.67,0.0,0,0,0,1.4158421303051194
Jennifer 8. Lee,1,710.31,0.0,0,0,1,7.106870739656341
Jennifer Aaker,1,1935.14,0.0,0,0,1,9.303518975743819
Jennifer Allison,1,8.7,0.0,0,0,1,5.848581533055152
Jennifer B. Nuzzo,1,1311.07,0.0,0,0,0,2.350937115156903
Jennifer Brea,1,783.36,0.0,0,0,1,7.237880882815956
Jennifer D. Sciubba,1,2034.16,0.0,0,0,0,3.647749222169709
Jennifer Granholm,1,174.82,0.0,0,0,1,6.146506310353921
Jennifer Granick,1,440.36,0.0,0,0,1,6.622734009390252
Jennifer Healey,1,211.62,0.0,0,0,0,0.3791492726266123
Jennifer Heldmann,1,1746.82,0.0,0,0,0,3.1324247247640478
Jennifer Kahn,1,637.92,0.0,0,0,0,1.1436889581699867
Jennifer L. Eberhardt,1,1923.12,0.0,0,0,1,9.281961933707152
Jennifer Lin,1,268.11,0.0,0,0,1,6.313815499339006
Jennifer Murphy,1,355.41,0.0,0,0,1,6.470382035928113
Jennifer Pahlka,1,199.85,0.0,0,0,1,6.191395891233937
Jennifer Parlamis,1,3013.66,100.0,1,1,0,41.237883291137734
Jennifer Pluznick,1,589.45,0.0,0,0,0,1.0567613518873518
Jennifer Senior,1,661.35,0.0,0,0,1,7.019064352125956
Jennifer Vail,1,1136.0,0.0,0,0,0,2.0369611293532945
Jennifer Wallace,1,4048.68,100.0,1,1,0,43.09412036674436
Jennifer Wilcox,1,1386.4,0.0,0,0,1,8.319391584129765
Jennifer Zhu Scott,1,1612.33,0.0,0,0,1,8.72458147658769
Jenny Chase,1,2125.44,0.0,0,0,0,3.811453614607896
Jenny Du,1,4600.98,100.0,1,1,0,44.084632373137985
Jenny Hoyos,1,2947.54,100.0,1,1,0,41.119301625624885
Jenny Scheinman with Nels Cline,1,17.62,0.0,0,0,1,5.8645789386264555
Jens Burchardt,1,812.09,0.0,0,0,0,1.4560508559675227
Jer Thorp,1,66.91,0.0,0,0,1,5.952977158425736
Jeremy Brewer,1,936.86,0.0,0,0,0,1.6798172565428144
Jeremy Forbes,1,581.43,0.0,0,0,0,1.042378034322121
Jeremy Gilley,1,185.8,0.0,0,0,1,6.166198184028015
Jeremy Heimans,1,386.52,0.0,0,0,1,6.526175678004713
Jeremy Howard,1,692.39,0.0,0,0,0,1.241377151159777
Jeremy Jackson,1,163.55,0.0,0,0,1,6.1262943416556475
Jeremy Kasdin,1,353.9,0.0,0,0,0,0.6343186520756184
Jerome Hunter,1,1920.34,0.0,0,0,1,9.276976195199502
Jerome Kim,1,133.54,0.0,0,0,1,6.072473473808694
Jerry Chow,1,15.22,0.0,0,0,1,5.860274703943594
Jerusalem Youth Chorus,1,904.83,0.0,0,0,1,7.455728960702313
Jesper Brodin,1,90.63,0.0,0,0,1,5.995517344541356
Jess Kutch,1,996.77,0.0,0,0,0,1.7872617148137588
Jess Thom,1,273.04,0.0,0,0,1,6.322657114750051
Jessa Gamble,1,622.95,0.0,0,0,1,6.950196597200161
Jesse Ilhardt,1,1244.38,0.0,0,0,0,2.231333193906874
Jessi Arrington,1,345.81,0.0,0,0,0,0.6198097943321377
Jessica Apotheker,1,1770.05,0.0,0,0,0,3.1740861296319167
Jessica Donohue,1,11.61,0.0,0,0,0,0.020445114743594815
Jessica Garza,1,1077.99,0.0,0,0,0,1.9329241902062828
Jessica Jackley,1,301.18,0.0,0,0,1,6.373124266406609
Jessica Kerr,1,828.69,0.0,0,0,0,1.4858218125239855
Jessica Ladd,1,445.68,0.0,0,0,0,0.7989197600727354
Jessica McCabe,1,2455.14,100.0,1,1,1,46.06957144605555
Jessica Ochoa Hendrix,1,269.48,0.0,0,0,0,0.48291719710594533
Jessica Pryce,1,526.6,0.0,0,0,0,0.9440442061299013
Jessica Shortall,1,442.72,0.0,0,0,0,0.7936112039638722
Jessica Whitaker Allen,1,924.67,0.0,0,0,0,1.6579553312161106
Jessie Christiansen,1,1365.83,0.0,0,0,1,8.282500706035401
Jessie Reyez,1,1189.34,0.0,0,0,1,7.965978048044432
Jessy Kate Schingler,1,868.72,0.0,0,0,0,1.557612860171889
Jherek Bischoff,1,236.9,0.0,0,0,1,6.25784251415062
Ji-Hae Park,1,1175.87,0.0,0,0,1,7.941820530886869
Jia Jiang,1,3383.53,100.0,1,1,1,47.73457496156484
Jiabao Li,1,221.63,0.0,0,0,0,0.39710151811638283
Jiaying Zhao,1,1367.83,0.0,0,0,0,2.4527322654065915
Jill Bolte Taylor,1,2350.87,100.0,1,1,1,45.882570383396356
Jill Farrant,1,474.78,0.0,0,0,1,6.684463908466966
Jill Heinerth,1,570.76,0.0,0,0,1,6.85659742715909
Jill Seubert,1,996.13,0.0,0,0,0,1.7861139188983288
Jill Shargaa,1,416.26,0.0,0,0,0,0.7461570165853179
Jill Sobule,1,108.92,0.0,0,0,1,6.028319199687
Jill Sobule + Julia Sweeney,1,86.84,0.0,0,0,1,5.988720240604669
Jill Tarter,1,394.53,0.0,0,0,1,6.540541061258764
Jim Al-Khalili,1,708.71,0.0,0,0,1,7.104001249867767
Jim Chuchu,1,1109.09,0.0,0,0,1,7.822055200836231
Jim Collins,1,992.74,0.0,0,0,0,1.7800341874087862
Jim Fallon,1,622.63,0.0,0,0,0,1.11626739637792
Jim Fan,1,158.22,0.0,0,0,0,0.28338005093293134
Jim Hagemann Snabe,1,1111.52,0.0,0,0,1,7.826413238452629
Jim Hemerling,1,1089.55,0.0,0,0,0,1.9536562539287348
Jim Holt,1,2518.18,100.0,1,1,0,40.34927404086086
Jim Hudspeth,1,232.05,0.0,0,0,1,6.249144373229003
Jim Simons,1,1143.96,0.0,0,0,1,7.884592143915981
Jim Snabe,1,174.19,0.0,0,0,0,0.3120211458851427
Jim Tamm,1,462.67,0.0,0,0,0,0.8293901547651632
Jim Toomey,1,94.8,0.0,0,0,1,6.002995952302829
Jim VandeHei,1,1756.99,0.0,0,0,1,8.984019222097201
Jim Whitaker,1,924.67,0.0,0,0,1,7.491310634080639
Jim Whitehurst,1,40.54,0.0,0,0,1,5.90568437984779
Jim Yong Kim,1,594.74,0.0,0,0,1,6.899603905365355
Jimmie Briggs,1,1478.38,0.0,0,0,0,2.6509960754859256
Jimmy Carter,1,481.95,0.0,0,0,1,6.697322809582015
Jimmy Lin,1,505.98,0.0,0,0,1,6.740418959344171
Jimmy Nelson,1,452.57,0.0,0,0,0,0.8112765004747853
Jimmy Wales,1,213.61,0.0,0,0,1,6.2160735034156795
Jing Corpuz,1,1452.57,0.0,0,0,0,2.60470761833398
Jinsop Lee,1,441.08,0.0,0,0,0,0.790669976930583
Jioji Ravulo,1,1137.86,0.0,0,0,0,2.0402969112325127
Jo Michael Rezes,1,247.77,0.0,0,0,0,0.4439818075372222
JoAnn Kuchera-Morin,1,127.74,0.0,0,0,1,6.0620715733251105
Joachim de Posada,1,756.5,0.0,0,0,1,7.189709322990258
Joan As Police Woman,1,5.4,0.0,0,0,1,5.842663210366217
Joan Blades,1,496.86,0.0,0,0,1,6.724062867549296
Joan Halifax,1,422.81,0.0,0,0,1,6.591259293271823
Joanne Chory,1,918.1,0.0,0,0,1,7.479527791636303
Jocelyne Bloch,1,1093.84,0.0,0,0,1,7.794705376288878
Jochen Wegner,1,883.22,0.0,0,0,0,1.5836176113808473
Jodi-Ann Burey,1,946.42,0.0,0,0,0,1.6969624580295484
Jody Williams,1,170.33,0.0,0,0,1,6.138453804634734
Joe DeRisi,1,85.29,0.0,0,0,1,5.985940422371987
Joe Gebbia,1,862.01,0.0,0,0,1,7.378934240235581
Joe Kowan,1,701.41,0.0,0,0,0,1.2575538998428673
Joe Landolina,1,471.45,0.0,0,0,1,6.678491782844493
Joe Lassiter,1,383.48,0.0,0,0,0,0.6873683445418936
Joe Madiath,1,266.92,0.0,0,0,1,6.311681316308753
Joe Sabia,1,297.59,0.0,0,0,1,6.3666858486934945
Joe Smith,1,817.7,0.0,0,0,1,7.299467307403241
Joe von Fischer,1,3.23,0.0,0,0,0,0.005416161975934767
Joel Baraka,1,1200.56,0.0,0,0,0,2.152745042322284
Joel Jackson,1,389.04,0.0,0,0,1,6.530695124421719
Joel Leon,1,805.77,0.0,0,0,0,1.4447163713026525
Joel Levine,1,146.5,0.0,0,0,1,6.095716341096149
Joel Selanikio,1,173.81,0.0,0,0,1,6.144694944924884
Joey Alexander,1,699.37,0.0,0,0,1,7.087250603226962
Johann Daniel Harnoss,1,1124.16,0.0,0,0,0,2.015726904917842
Johanna Benesty,1,909.78,0.0,0,0,0,1.6312511418711872
Johanna Figueira,1,1000.65,0.0,0,0,0,1.7942202275510526
John Amory,1,430.28,0.0,0,0,0,0.7713009208577037
John Biewen,1,1670.7,0.0,0,0,0,2.9959087480726057
John Bohannon,1,118.78,0.0,0,0,1,6.046002430509092
John Bolton,1,43.98,0.0,0,0,1,5.911853782893224
John Brenkus,1,25.31,0.0,0,0,1,5.878370423922793
John C. Mather,1,689.66,0.0,0,0,1,7.06983638707255
John C. Trimble,1,24.82,0.0,0,0,1,5.877491642675042
John Cary,1,414.28,0.0,0,0,1,6.5759613258364835
John Delaney,1,69.09,0.0,0,0,0,0.12353153539814135
John Francis,1,182.82,0.0,0,0,0,0.32749845643226755
John Gable,1,496.86,0.0,0,0,1,6.724062867549296
John Gerzema,1,158.34,0.0,0,0,1,6.116950565531601
John Gottman,1,1920.87,0.0,0,0,1,9.277926713691969
John Graham-Cumming,1,264.88,0.0,0,0,1,6.3080227168283205
John Green,1,1402.72,0.0,0,0,1,8.348660379973225
John Hardy,1,228.57,0.0,0,0,0,0.40954793007432566
John Hunter,1,318.63,0.0,0,0,0,0.5710643365487247
John Kasaona,1,87.14,0.0,0,0,0,0.1559029670754998
John Kluge Jr.,1,1.68,0.0,0,0,1,5.835991646607781
John Koenig,1,646.19,0.0,0,0,0,1.1585206335146825
John La Grou,1,113.78,0.0,0,0,0,0.20367997205526875
John Legend,1,628.66,0.0,0,0,1,6.960437088883138
John Lloyd,1,354.77,0.0,0,0,0,0.6358789371481559
John McKown,1,4.84,0.0,0,0,0,0.00830358607568807
John Mullins,1,5746.34,100.0,1,1,0,46.1387566382892
John O'Donnell,1,1469.96,0.0,0,0,0,2.635895385473551
John O'Leary,1,51.67,0.0,0,0,0,0.09228996532503414
John Paget,1,1414.92,0.0,0,0,0,2.537184936746581
John Sabraw,1,6.64,0.0,0,0,0,0.011531762087834619
John Searle,1,352.68,0.0,0,0,1,6.465485968976357
John Underkoffler,1,341.05,0.0,0,0,0,0.6112730622111279
John Wilbanks,1,129.34,0.0,0,0,1,6.064941063113685
John Wooden,1,1290.98,0.0,0,0,1,8.14826238686364
Johnny Lee,1,1099.1,0.0,0,0,0,1.9707835211042901
Joi Ito,1,575.23,0.0,0,0,1,6.864614064255921
Joia Mukherjee,1,175.23,0.0,0,0,1,6.147241617112244
Jok Church,1,159.19,0.0,0,0,1,6.118474981981782
Jon Boogz,1,114.62,0.0,0,0,0,0.20518645419427048
Jon Bowers,1,633.17,0.0,0,0,0,1.1351701603601556
Jon Esformes,1,859.45,0.0,0,0,0,1.5409877537093342
Jon Gosier,1,228.81,0.0,0,0,1,6.243333656407139
Jon Gray,1,530.19,0.0,0,0,1,6.783837926707544
Jon Lowenstein,1,919.06,0.0,0,0,1,7.481249485509448
Jon M. Chu,1,1094.3,0.0,0,0,1,7.795530354603093
Jon Mooallem,1,285.8,0.0,0,0,1,6.345541295813935
Jon Nguyen,1,176.58,0.0,0,0,0,0.31630744625682616
Jon Youshaei,1,1914.65,0.0,0,0,0,3.4334162692743564
Jonas Eliasson,1,304.49,0.0,0,0,1,6.379060523406724
Jonas Gahr Støre,1,91.91,0.0,0,0,1,5.997812936372216
Jonathan Eisen,1,203.23,0.0,0,0,1,6.197457688412301
Jonathan Klein,1,250.8,0.0,0,0,0,0.44941590382433555
Jonathan Koch,1,3.95,0.0,0,0,0,0.006707432380793387
Jonathan Marks,1,467.44,0.0,0,0,0,0.8379448211973515
Jonathan Reimer,1,1305.15,0.0,0,0,0,2.340320002939177
Jonathan Rossiter,1,450.71,0.0,0,0,0,0.8079407185955672
Jonathan Tepperman,1,301.75,0.0,0,0,1,6.374146522143789
Jonathan Trent,1,243.22,0.0,0,0,0,0.4358216959509629
Jonathan Wilker,1,167.88,0.0,0,0,1,6.134059898395979
Jonathan Williams,1,695.2,0.0,0,0,0,1.2464166926009617
Jonathan Zittrain,1,169.17,0.0,0,0,1,6.136373424538017
Jonny Sun,1,1905.06,0.0,0,0,1,9.249572567718614
Joon Silverstein,1,1354.55,0.0,0,0,0,2.428915500161421
Joon Sung Park,1,22.28,0.0,0,0,0,0.03958102477115242
Jordan Dinwiddie,1,1023.54,0.0,0,0,0,1.8352718658388494
Jordan Klepper,1,2471.14,100.0,1,1,1,46.09826634394128
Jordan Raskopoulos,1,956.47,0.0,0,0,1,7.54834174362856
Jordan Wirfs-Brock,1,19.13,0.0,0,0,0,0.03393171674989596
Jordyn Wieber,1,86.82,0.0,0,0,1,5.988684371982312
Jorge Drexler,1,821.94,0.0,0,0,1,7.307071455342963
Jorge Mañes Rubio,1,1015.17,0.0,0,0,0,1.8202608473823676
Jorge Ramos,1,253.46,0.0,0,0,0,0.4541864305978411
Jorge Soto,1,341.82,0.0,0,0,0,0.6126540041718795
Jose Antonio Vargas,1,887.07,0.0,0,0,1,7.423877624049132
Jose Miguel Sokoloff,1,221.44,0.0,0,0,1,6.230116069068517
Joseph DeSimone,1,1087.72,0.0,0,0,1,7.7837295778475815
Joseph Gordon-Levitt,1,3091.66,100.0,1,1,1,47.21112622119528
Joseph Kim,1,731.42,0.0,0,0,0,1.3113747676898215
Joseph Lekuton,1,38.18,0.0,0,0,1,5.901451882409641
Joseph McGill,1,3.8,0.0,0,0,0,0.006438417713114508
Joseph Nye,1,254.58,0.0,0,0,1,6.289550376314371
Joseph Pine,1,231.84,0.0,0,0,0,0.41541244982972525
Joseph Ravenell,1,372.12,0.0,0,0,0,0.6669949670430131
Joseph Redmon,1,931.61,0.0,0,0,0,1.6704017431740537
Joseph Shin,1,76.81,0.0,0,0,0,0.13737682362801432
Josephine Eyre,1,1364.25,0.0,0,0,0,2.4463117820046554
Josephine Philips,1,1307.79,0.0,0,0,0,2.3450546610903253
Josephine Waweru,1,2277.41,100.0,1,1,0,39.91746963061391
Josette Sheeran,1,215.1,0.0,0,0,1,6.2187457157812895
Josh Giegel,1,1190.85,0.0,0,0,0,2.135330826167871
Josh Luber,1,655.52,0.0,0,0,1,7.008608648708837
Joshua Amponsem,1,847.06,0.0,0,0,1,7.352122445023587
Joshua Bell,1,7339.6,100.0,1,1,1,54.82951400399406
Joshua Chu-Tan,1,1256.5,0.0,0,0,0,2.2530695790553277
Joshua Foer,1,1407.74,0.0,0,0,1,8.35766340418488
Joshua Klein,1,436.42,0.0,0,0,1,6.615667890785887
Joshua Schachter,1,532.99,0.0,0,0,1,6.788859533837549
Joshua Silver,1,152.09,0.0,0,0,1,6.105741621044982
Joshua Smith,1,348.06,0.0,0,0,0,0.6238450143473209
Joshua Walters,1,377.77,0.0,0,0,1,6.5104831557234455
José Andrés,1,403.61,0.0,0,0,1,6.556825415808926
José Antonio Abreu,1,196.5,0.0,0,0,1,6.185387896989108
José Bowen,1,39.67,0.0,0,0,0,0.07076879191072381
Jota Samper,1,1085.52,0.0,0,0,0,1.946428726523762
Joy Milne,1,79.07,0.0,0,0,1,5.974785280818903
Joy Sun,1,351.83,0.0,0,0,0,0.63060624966165
Joy Wolfram,1,195.73,0.0,0,0,1,6.184006955028357
Jr.,1,1725.34,0.0,0,0,0,3.093901824352432
Juan López-Aranguren,1,15.95,0.0,0,0,0,0.028228605795103716
Juan Pablo Sáez Gil,1,58.74,0.0,0,0,1,5.938324826192827
Jude Kelly,1,415.79,0.0,0,0,1,6.578669406824451
Judith Heumann,1,523.8,0.0,0,0,1,6.772377901864424
Judith Jamison,1,155.34,0.0,0,0,1,6.1115702721780245
Judson Brewer,1,6421.94,100.0,1,1,1,53.18375400437939
Judy Brewer,1,20.86,0.0,0,0,0,0.03703435258379237
Judy MacDonald Johnston,1,373.84,0.0,0,0,1,6.503434971430258
Judy Sewards,1,10.5,0.0,0,0,0,0.01845440620277111
Julia Espinosa,1,98.15,0.0,0,0,0,0.17564864368312952
Julia Faure,1,1.5,0.0,0,0,1,5.835668829006566
Julia Galef,1,2467.84,100.0,1,1,1,46.09234802125235
Julia Gillard,1,877.5,0.0,0,0,1,7.40671448825122
Julia Kloiber,1,2.44,0.0,0,0,0,0.0039993513928260034
Julia Watson,1,309.26,0.0,0,0,1,6.387615189838912
Julian Assange,1,541.35,0.0,0,0,1,6.803852617982852
Julian Baggini,1,347.88,0.0,0,0,1,6.456877499610633
Julian Burschka,1,602.51,0.0,0,0,0,1.0801835622865927
Julian Schilliger,1,1198.53,0.0,0,0,0,2.14910437715303
Juliana Machado Ferreira,1,71.45,0.0,0,0,1,5.9611193357008165
Juliana Rotich,1,156.8,0.0,0,0,1,6.1141886816100985
Juliane Gallina,1,3.08,0.0,0,0,1,5.838502450172783
Julie,1,1920.87,0.0,0,0,0,3.4445714108274403
Julie Andrieu,1,58.46,0.0,0,0,1,5.937822665479825
Julie Burstein,1,473.69,0.0,0,0,0,0.8491537656839715
Julie Chang,1,1.83,0.0,0,0,1,5.836260661275459
Julie Cordua,1,842.54,0.0,0,0,1,7.344016136370862
Julie Lythcott-Haims,1,2438.43,100.0,1,1,1,46.039603212076116
Julie Taymor,1,249.07,0.0,0,0,1,6.279668570854967
Julieanna L. Richardson,1,1257.16,0.0,0,0,1,8.087608546457641
Julienne Oyler,1,3066.76,100.0,1,1,0,41.33311448349606
Juliet Brophy,1,1021.29,0.0,0,0,0,1.8312366458236664
Juliet Schor,1,2391.94,100.0,1,1,1,45.95622659940684
Julio Friedmann,1,1010.75,0.0,0,0,0,1.8123338818414305
Julio Gil,1,475.16,0.0,0,0,0,0.8517901094272244
Julius Maada Bio,1,816.54,0.0,0,0,1,7.297386927306524
Jun Wang,1,450.03,0.0,0,0,0,0.8067211854354229
Juna Kollmeier,1,1167.6,0.0,0,0,1,7.926988855542172
June Jo Lee,1,1441.62,0.0,0,0,0,2.585069547593421
June Sarpong,1,1406.2,0.0,0,0,1,8.354901520263375
Juniper Fitzgerald,1,10.21,0.0,0,0,0,0.017934311178591945
Juno Mac,1,873.65,0.0,0,0,0,1.566454475582935
Jupta Itoewaki,1,1390.32,0.0,0,0,1,8.326421834111772
Justin Baldoni,1,3018.21,100.0,1,1,1,47.079398705588524
Justin Davidson,1,513.28,0.0,0,0,1,6.753511006504544
Justin Hall-Tipping,1,234.82,0.0,0,0,0,0.4207568745609456
Justin J. Pearson,1,1178.75,0.0,0,0,1,7.946985612506302
K Allado-McDowell,1,1110.04,0.0,0,0,0,1.9904036575336699
KC Davis,1,1849.08,0.0,0,0,0,3.315820990876329
KERA,1,23.15,0.0,0,0,0,0.041141309843689924
KUKA,1,185.3,0.0,0,0,1,6.165301468469086
Kade Crockford,1,1085.66,0.0,0,0,0,1.9466798068802627
Kaeli Swift,1,957.84,0.0,0,0,0,1.7174434413955004
Kai-Fu Lee,1,1633.15,0.0,0,0,1,8.76192071246152
Kailash Satyarthi,1,392.91,0.0,0,0,1,6.537635702847833
Kaitlyn Sadtler,1,807.02,0.0,0,0,1,7.2803134630645046
Kala Constantino,1,756.01,0.0,0,0,0,1.3554752388779792
Kala Fleming,1,5.89,0.0,0,0,0,0.010186688749440224
Kalika Bali,1,825.4,0.0,0,0,0,1.4799214241462288
Kamal Meattle,1,664.85,0.0,0,0,1,7.025341361038462
Kamau Gachigi,1,416.92,0.0,0,0,0,0.7473406811231049
Kandice Sumner,1,647.38,0.0,0,0,0,1.160654816544935
Kang Lee,1,4222.45,100.0,1,1,0,43.40576489209475
Kanika Chawla,1,4520.36,100.0,1,1,0,43.94004595641618
Kara Hurst,1,837.77,0.0,0,0,0,1.502106167074147
Kara Logan Berlin,1,1088.71,0.0,0,0,0,1.9521497717897331
Karalee Close,1,12.19,0.0,0,0,0,0.021485304791953146
Kare Anderson,1,678.75,0.0,0,0,0,1.2169147507121778
Kareem Yusuf,1,13.35,0.0,0,0,0,0.023565684888669815
Aakash Odedra,1,238.82,0.0,0,0,0,0.42793059903238234
Karen Bakker,1,1305.42,0.0,0,0,1,8.174159532205527
Karen Bass,1,195.17,0.0,0,0,1,6.183002633602356
Karen DeSalvo,1,174.82,0.0,0,0,1,6.146506310353921
Karen Eber,1,1244.24,0.0,0,0,0,2.2310821135503733
Karen Gurney,1,1513.59,0.0,0,0,0,2.7141427851457474
Karen J. Meech,1,4005.75,100.0,1,1,1,48.85048367171919
Karen Lellouche Tordjman,1,1320.57,0.0,0,0,0,2.3679747107765654
Aala El-Khani,1,394.5,0.0,0,0,0,0.7071319554607018
Karen Scrivener,1,847.46,0.0,0,0,1,7.35283981747073
Karen Thompson Walker,1,591.85,0.0,0,0,1,6.894420889434741
Karen Tse,1,126.26,0.0,0,0,1,6.059417295270679
Karen Willcox,1,1323.36,0.0,0,0,1,8.206333686459919
Karim Abouelnaga,1,419.98,0.0,0,0,1,6.586183883208281
Karima Bennoune,1,371.11,0.0,0,0,1,6.498538904478503
Karin Nilsdotter,1,5.09,0.0,0,0,1,5.84210724671968
Karin Öberg,1,231.41,0.0,0,0,1,6.2479965773135735
Karina Galperin,1,209.09,0.0,0,0,0,0.3746118918984286
Karinna Grant,1,886.76,0.0,0,0,0,1.589966357538069
Karissa Sanbonmatsu,1,1136.24,0.0,0,0,1,7.870746855686107
Karl Skjonnemand,1,728.62,0.0,0,0,0,1.3063531605598155
Karla Souza,1,2538.27,100.0,1,1,1,46.218659374883174
Karleen Savage,1,529.0,0.0,0,0,0,0.9483484408127635
Karoli Hindriks,1,1229.33,0.0,0,0,1,8.03769735844762
Karoliina Korppoo,1,514.34,0.0,0,0,1,6.755412043489476
Karoline Hjorth,1,95.7,0.0,0,0,0,0.1712547374443745
Karthik Muralidharan,1,1296.41,0.0,0,0,1,8.158000717833616
Kartick Satyanarayan,1,84.49,0.0,0,0,0,0.15115037461317293
Aarathi Krishnan,1,1295.03,0.0,0,0,0,2.3221704800264424
Kasha Patel,1,16.6,0.0,0,0,1,5.86274963888624
Kashfia Rahman,1,1087.27,0.0,0,0,0,1.949567230980016
Kashmir Hill,1,820.89,0.0,0,0,1,7.3051883526692105
Kasia Chmielinski,1,953.92,0.0,0,0,0,1.7104131914134921
Kasiva Mutua,1,452.08,0.0,0,0,1,6.643753022091562
Aaron Bastani,1,1650.33,0.0,0,0,1,8.792731859066343
Kat Cole,1,2678.46,100.0,1,1,1,46.47008048329585
Kat Craig,1,1257.2,0.0,0,0,0,2.2543249808378287
Kate Ackerman,1,1493.91,0.0,0,0,0,2.678848060746279
Kate Adams,1,544.61,0.0,0,0,1,6.809699203427074
Kate Bowler,1,4113.85,100.0,1,1,1,49.04435357555977
Kate Darling,1,1213.18,0.0,0,0,1,8.008733445894196
Kate E. Brandt,1,27.98,0.0,0,0,0,0.04980358214294984
Kate Fagan,1,1401.57,0.0,0,0,1,8.346597934187688
Kate Hartman,1,201.42,0.0,0,0,0,0.3608562752244485
Kate Johnson,1,4929.22,100.0,1,1,0,44.67330820326409
Kate Kahle,1,1633.65,0.0,0,0,0,2.929462125155923
Kate Lister,1,890.91,0.0,0,0,1,7.430764399541712
Kate Marvel,1,444.49,0.0,0,0,1,6.630140879907011
Kate Orff,1,78.16,0.0,0,0,1,5.973153258501652
Kate Raworth,1,1936.37,0.0,0,0,1,9.305724896018786
Kate Stafford,1,415.49,0.0,0,0,1,6.578131377489093
Aaron Duffy,1,5.37,0.0,0,0,0,0.009254104568153444
Kate Wagner,1,172.39,0.0,0,0,1,6.142148272737524
Katharine Hayhoe,1,1656.31,0.0,0,0,1,8.80345657715114
Katharine Wilkinson,1,816.62,0.0,0,0,1,7.297530401795953
Katherine Dunn,1,1683.15,0.0,0,0,1,8.851592268354482
Katherine Eban,1,224.88,0.0,0,0,1,6.236285472113953
Katherine Fulton,1,87.8,0.0,0,0,1,5.990441934477815
Katherine James,1,52.56,0.0,0,0,0,0.09388611901992883
Katherine Kuchenbecker,1,150.43,0.0,0,0,1,6.102764525389335
Katherine Lucas,1,64.2,0.0,0,0,0,0.11476165723180987
Katherine M. Gehl,1,790.57,0.0,0,0,1,7.250811521175721
Katherine Maher,1,1636.43,0.0,0,0,1,8.767803166528099
Katherine Mangu-Ward,1,1562.6,0.0,0,0,1,8.635394147096553
Katherine Saunders,1,1494.38,0.0,0,0,1,8.5130462762362
Kathleen McAuliffe,1,1801.72,0.0,0,0,0,3.2308840931345175
Kathryn A. Whitehead,1,1275.02,0.0,0,0,0,2.28628392335808
Kathryn Bouskill,1,1107.76,0.0,0,0,0,1.9863146345849507
Kathryn Kolbert,1,1567.74,0.0,0,0,1,8.64461238304235
Kathryn Mannix,1,2052.84,0.0,0,0,0,3.6812505154513198
Aaron Horowitz,1,5.96,0.0,0,0,0,0.010312228927690369
Kathy Hannun,1,992.01,0.0,0,0,0,1.778724982692749
Kathy Hull,1,337.28,0.0,0,0,0,0.6045118268967986
Kathy Kleiman,1,15.74,0.0,0,0,0,0.027851985260353294
Kathy Mendias,1,878.06,0.0,0,0,0,1.5743635068126938
Kathy Vinokurov,1,14.59,0.0,0,0,0,0.02578953947481522
Katie Bouman,1,1852.39,0.0,0,0,1,9.15511255074097
Katie Fahey,1,898.08,0.0,0,0,1,7.443623300656762
Katie Francfort,1,10.08,0.0,0,0,0,0.01770116513327025
Katie Hinde,1,503.99,0.0,0,0,1,6.736850031419632
Katie Hood,1,5310.48,100.0,1,1,0,45.357071751259085
Katie Mack,1,1146.24,0.0,0,0,0,2.055325864000172
Katie Paterson,1,1461.63,0.0,0,0,1,8.45431140712631
Katlego Kolanyane-Kesupile,1,474.98,0.0,0,0,0,0.8514672918260099
Katrina Spade,1,504.27,0.0,0,0,1,6.737352192132633
Katsuhiko Hayashi,1,1217.93,0.0,0,0,1,8.017252243704027
Kaustav Dey,1,481.78,0.0,0,0,0,0.8636626234274523
Kavita Ramdas,1,113.26,0.0,0,0,1,6.03610269073851
Kay M. Tye,1,1214.47,0.0,0,0,1,8.011046972036233
Kayla Briët,1,363.23,0.0,0,0,0,0.6510513644052448
Kayvon Tehranian,1,1544.71,0.0,0,0,0,2.769954361533526
Kaz,1,1413.59,0.0,0,0,0,2.534799673359828
Kedra Newsom Reeves,1,838.77,0.0,0,0,0,1.503899598192006
Keely Muscatell,1,1062.07,0.0,0,0,0,1.9043727668099641
Keenan Scott II,1,1355.67,0.0,0,0,0,2.430924143013424
Kees Moeliker,1,325.12,0.0,0,0,1,6.416059007368158
Keiichiro Hirano,1,76.28,0.0,0,0,1,5.969781608000076
Keith Barry,1,2990.09,100.0,1,1,1,47.02896742255432
Keith Bellows,1,36.94,0.0,0,0,0,0.06587272495896822
Keith Chen,1,457.06,0.0,0,0,1,6.6526843090585
Keith Kirkland,1,759.7,0.0,0,0,1,7.195448302567407
Keith Lowe,1,57.64,0.0,0,0,1,5.936352051963181
Keith Nolan,1,89.07,0.0,0,0,0,0.15936428913296805
Keith Payne,1,1108.01,0.0,0,0,1,7.8201182952289425
Keith Weed,1,6.43,0.0,0,0,1,5.844510444417611
Aaron Huey,1,382.45,0.0,0,0,1,6.518876413355026
Kelli Anderson,1,77.78,0.0,0,0,1,5.972471754676865
Kelli Jean Drinkwater,1,635.2,0.0,0,0,0,1.1388108255294098
Kelli Swazey,1,438.67,0.0,0,0,0,0.7863478079365425
Kelly Corrigan,1,2092.11,0.0,0,0,1,9.585033858314176
Kelly D. Parker,1,1329.84,0.0,0,0,1,8.217955120103648
Kelly Lepley,1,26.46,0.0,0,0,0,0.04707756684380386
Kelly McGonigal,1,7952.6,100.0,1,1,1,55.92888727924175
Kelly Richmond Pope,1,667.54,0.0,0,0,1,7.030165690745503
Kelly Wanser,1,852.13,0.0,0,0,1,7.361215140791133
Kelsey Johnson,1,970.24,0.0,0,0,0,1.7396819872569542
Kelsey Leonard,1,1637.39,0.0,0,0,1,8.769524860401242
Kemi DaSilva-Ibru,1,788.63,0.0,0,0,0,1.413976961942546
Ken Chenault,1,1401.63,0.0,0,0,1,8.34670554005476
Aaron Koblin,1,356.8,0.0,0,0,1,6.472874905181938
Ken Jennings,1,320.13,0.0,0,0,1,6.407109786090041
Ken Kamler,1,156.6,0.0,0,0,1,6.113829995386527
Kendall Spencer,1,12.99,0.0,0,0,0,0.022920049686240503
Kenichi Ebina,1,299.02,0.0,0,0,1,6.369250455192034
Kenneth Chabert,1,1398.19,0.0,0,0,0,2.5071808341447968
Kenneth Cukier,1,509.64,0.0,0,0,1,6.746982917235537
Kenneth Lacovara,1,1243.8,0.0,0,0,1,8.063648306723044
Kenneth Shinozuka,1,514.31,0.0,0,0,0,0.9220029376914117
Kent Larson,1,270.89,0.0,0,0,1,6.318801237846654
Aaron Maniam,1,121.52,0.0,0,0,1,6.050916431772026
Keren Elazari,1,688.71,0.0,0,0,1,7.068132627510583
Aaron Morris,1,959.66,0.0,0,0,0,1.7207074860300038
Ketakandriana Rafitoson,1,1252.95,0.0,0,0,1,8.080058201451456
Kevin Allocca,1,705.8,0.0,0,0,0,1.265427062450269
Kevin B. Jones,1,314.72,0.0,0,0,0,0.5640520208778954
Kevin Bales,1,214.62,0.0,0,0,1,6.217884868844718
Kevin Bethune,1,14.23,0.0,0,0,0,0.025143904272385907
Kevin Breel,1,1132.19,0.0,0,0,0,2.030128156794251
Kevin Briggs,1,1651.95,0.0,0,0,1,8.795637217477273
Kevin Etter,1,3.43,0.0,0,0,0,0.0057748481995066065
Kevin H. Gary,1,1077.7,0.0,0,0,0,1.9324040951821035
Kevin J. Krizek,1,1050.07,0.0,0,0,0,1.8828515933956538
Aaron O'Connell,1,300.08,0.0,0,0,1,6.371151492176964
Kevin Njabo,1,352.24,0.0,0,0,0,0.6313415564199722
Kevin Owocki,1,1127.33,0.0,0,0,0,2.021412081561455
Kevin Roose,1,828.61,0.0,0,0,1,7.319033640899085
Kevin Rudd,1,1138.75,0.0,0,0,1,7.875248367791935
Kevin Scott,1,25.99,0.0,0,0,0,0.04623465421841003
Kevin Slavin,1,835.71,0.0,0,0,0,1.498411698971357
Aaswath Raman,1,882.62,0.0,0,0,0,1.5825415527101316
Kevin Surace,1,71.94,0.0,0,0,1,5.961998116948567
Kevin Toolis,1,137.26,0.0,0,0,1,6.07914503756713
Keyu Jin,1,1723.91,0.0,0,0,1,8.924692520718422
Khadija Gbla,1,345.39,0.0,0,0,1,6.452411856127164
Khadijah Tribble,1,1050.93,0.0,0,0,0,1.8843939441570128
Khalida Brohi,1,319.12,0.0,0,0,1,6.405298420661003
Khalil Ramadi,1,785.43,0.0,0,0,0,1.4082379823653965
Khulan Batkhuyag,1,922.08,0.0,0,0,0,1.6533103446208557
Kiah Williams,1,741.51,0.0,0,0,0,1.3294704876690207
Kiana Hayeri,1,1372.07,0.0,0,0,1,8.293691716210843
Kid Cudi,1,4280.23,100.0,1,1,1,49.34274464494918
Abbas Ardehali,1,811.62,0.0,0,0,1,7.288563246206656
Kim Katrin Milan,1,549.54,0.0,0,0,1,6.818540818838119
Kim Scott,1,1503.73,0.0,0,0,1,8.529814857188184
Kim Stanley Robinson,1,1141.77,0.0,0,0,1,7.880664529767868
Kimberley Motley,1,308.88,0.0,0,0,1,6.386933686014125
Kimberly Noble,1,1043.01,0.0,0,0,1,7.703545272568095
Kimberlé Crenshaw,1,2217.86,100.0,1,1,1,45.64402611040991
Kimberose,1,4.18,0.0,0,0,1,5.840475224402429
Kings Floyd,1,9.63,0.0,0,0,0,0.016894121130233614
Kio Stark,1,1024.14,0.0,0,0,0,1.836347924509565
Kiran Bedi,1,336.15,0.0,0,0,1,6.435840552598146
Kiran Bhat,1,301.8,0.0,0,0,1,6.374236193699683
Kiran Mazumdar-Shaw,1,344.29,0.0,0,0,1,6.450439081897519
Kiran Sethi,1,306.44,0.0,0,0,1,6.382557714086549
Kirby Ferguson,1,339.11,0.0,0,0,1,6.441149108707009
Kirk Citron,1,144.67,0.0,0,0,0,0.2590790592859392
Kirk Sorensen,1,137.07,0.0,0,0,1,6.078804285654737
Kirsten Banks,1,192.82,0.0,0,0,1,6.178788070475387
Kirsten Hall,1,33.91,0.0,0,0,0,0.06043862867185485
Kirsti Abbott,1,7.04,0.0,0,0,0,0.0122491345349783
Kirsty Duncan,1,497.25,0.0,0,0,1,6.724762305685261
Kishore Mahbubani,1,1098.08,0.0,0,0,1,7.802309524228601
Abbey Williams,1,4.72,0.0,0,0,0,0.008088374341544968
Klaus Stadlmann,1,76.97,0.0,0,0,0,0.13766377260687176
Kluane Adamek,1,781.4,0.0,0,0,0,1.4010104549604239
Knut Haanaes,1,669.0,0.0,0,0,0,1.1994287973130509
Knut Ivar Bjørlykhaug,1,830.92,0.0,0,0,0,1.4898211639168113
Kola Masha,1,469.96,0.0,0,0,0,0.8424642676143566
Kotchakorn Voraakhom,1,798.05,0.0,0,0,1,7.264226385937307
Kris Alexander,1,1838.71,0.0,0,0,0,3.297223110184129
Kris De Meyer,1,1224.76,0.0,0,0,0,2.1961460753744766
Krista Donaldson,1,269.33,0.0,0,0,1,6.316003485302795
Abdoulaye Diabaté,1,998.38,0.0,0,0,1,7.623504441778041
Kristalina Georgieva,1,162.39,0.0,0,0,1,6.124213961558931
Kristen Ashburn,1,85.98,0.0,0,0,1,5.987177889843311
Abe Davis,1,396.01,0.0,0,0,0,0.7098400364486691
Kristen Nguyen,1,1592.61,0.0,0,0,0,2.855859712078981
Kristen Warren,1,1295.06,0.0,0,0,0,2.322224282959978
Kristen Wenz,1,1069.43,0.0,0,0,0,1.917572419837408
Kristi Rogers,1,26.21,0.0,0,0,1,5.879984511928867
Kristie Ebi,1,1046.49,0.0,0,0,1,7.7097864128582465
Kristie Overstreet,1,689.6,0.0,0,0,0,1.23637347834095
Kristin Barry,1,1690.14,0.0,0,0,1,8.864128351868317
Kristin Jones,1,951.88,0.0,0,0,1,7.540109894797586
Kristin Poinar,1,1686.27,0.0,0,0,0,3.0238324705776733
Kristina Gjerde,1,79.19,0.0,0,0,1,5.975000492553047
Abeer Seikaly,1,19.85,0.0,0,0,1,5.868578290019282
Kristy Ellmer,1,2060.75,0.0,0,0,0,3.6954365555935857
Kriti Sharma,1,982.58,0.0,0,0,1,7.595168230115863
Ksenia Petrichenko,1,1557.9,0.0,0,0,0,2.793609717978089
Kwabena Boahen,1,122.08,0.0,0,0,1,6.0519207531980275
Kwame Anthony Appiah,1,474.52,0.0,0,0,1,6.683997616376322
Kwame Owusu-Kesse,1,901.02,0.0,0,0,0,1.615540685278741
Kyle Quinn,1,13.95,0.0,0,0,0,0.024641743559385334
Kym Worthy,1,678.66,0.0,0,0,1,7.050108644776097
Kyra Gaunt,1,789.13,0.0,0,0,1,7.248228980366004
LADAMA,1,79.67,0.0,0,0,1,5.97586133948962
LB Hannahs,1,525.06,0.0,0,0,0,0.941282322208398
LZ Granderson,1,360.15,0.0,0,0,1,6.478882899426766
Abha Dawesar,1,315.34,0.0,0,0,1,6.398519251035495
Laetitia Ky,1,842.61,0.0,0,0,1,7.344141676549112
Lake Buckley,1,5.37,0.0,0,0,0,0.009254104568153444
Lakshmi Pratury,1,130.12,0.0,0,0,1,6.066339939385615
Lalitesh Katragadda,1,74.36,0.0,0,0,0,0.1329829173892593
Lam Ho,1,1346.43,0.0,0,0,0,2.4143528394844047
Lambers Fisher,1,1220.43,0.0,0,0,0,2.1883805186341467
Lamin Jassey,1,1569.62,0.0,0,0,0,2.8146287306793982
Lana Mazahreh,1,471.0,0.0,0,0,0,0.8443294359769302
Lana Yarosh,1,3.6,0.0,0,0,1,5.83943503435407
Laolu Senbanjo,1,348.12,0.0,0,0,1,6.45730792307892
Laprisha Berry Daniels,1,926.48,0.0,0,0,0,1.6612014415394358
Lara Durgavich,1,1049.77,0.0,0,0,0,1.8823135640602962
Lara Maiklem,1,6.34,0.0,0,0,1,5.844349035617005
Lara Setrakian,1,423.74,0.0,0,0,1,6.592927184211432
Yoruba Richen,1,205.88,0.0,0,0,1,6.202210280874628
Larry Burns,1,111.61,0.0,0,0,0,0.19978822652951428
Larry Irvin,1,1260.47,0.0,0,0,0,2.2601895005932287
Larry Page,1,677.42,0.0,0,0,1,7.047884790189952
Larry Smith,1,1470.58,0.0,0,0,0,2.637007312766624
Lars Fæste,1,6.56,0.0,0,0,0,0.011388287598405886
Lars Jönsson,1,1.23,0.0,0,0,0,0.0018292997402163788
Adar Cohen,1,227.76,0.0,0,0,0,0.40809525086885967
Laura Bates,1,614.46,0.0,0,0,1,6.934970367009536
Zahra Al-Mahdi,1,1092.16,0.0,0,0,0,1.9583371091463475
Laura Boykin,1,813.98,0.0,0,0,1,7.292795743644804
Laura Caccia,1,2.22,0.0,0,0,0,0.0036047965468969808
Laura Carstensen,1,338.01,0.0,0,0,1,6.439176334477363
Laura Fox,1,10.07,0.0,0,0,1,5.851038533686619
Laura Galante,1,871.01,0.0,0,0,1,7.3950751202963145
Laura Gassner Otting,1,2498.96,100.0,1,1,0,40.314804294775605
Laura Indolfi,1,428.94,0.0,0,0,0,0.7688977231597725
Laura L. Dunn,1,445.34,0.0,0,0,0,0.7983099934926633
Laura Lane,1,22.32,0.0,0,0,0,0.03965276201586679
Laura Miele,1,1634.4,0.0,0,0,1,8.764162501358845
Laura Robinson,1,530.59,0.0,0,0,0,0.9511999962901595
Laura Rovner,1,1103.0,0.0,0,0,0,1.9777779024639408
Laura Schulz,1,562.67,0.0,0,0,1,6.842088569415611
Laura Snyder,1,295.46,0.0,0,0,1,6.3628658404124545
Laura Tenenbaum,1,31.14,0.0,0,0,0,0.05547082447538489
Laura Trice,1,515.91,0.0,0,0,0,0.9248724274799865
Laura Vanderkam,1,4898.64,100.0,1,1,1,50.45182038254449
Laura Yawanawá,1,119.48,0.0,0,0,0,0.21390252942706614
Lauran Arledge,1,412.66,0.0,0,0,0,0.7397006645610249
Abhishek Gopalka,1,945.35,0.0,0,0,0,1.695043486733439
Lauren Dunford,1,1875.92,0.0,0,0,0,3.3639566820796696
Lauren Esposito,1,1.96,0.0,0,0,1,5.836493807320782
Lauren Fadiman,1,1629.78,0.0,0,0,0,2.9225215467298074
Lauren Hodge,1,220.42,0.0,0,0,0,0.3949314664637732
Lauren Pharr,1,551.34,0.0,0,0,0,0.9884136919857378
Abigail Disney,1,985.25,0.0,0,0,1,7.599956691200547
Lauren Senior,1,105.21,0.0,0,0,0,0.18831026737521545
Lauren Zalaznick,1,165.68,0.0,0,0,0,0.29675904707216094
Laurie Garrett,1,141.41,0.0,0,0,1,6.086587776706246
Laurie Santos,1,635.98,0.0,0,0,1,6.9735650046658675
Lawrence Bernstein,1,2578.01,100.0,1,1,0,40.45657502464237
Abigail Marsh,1,773.26,0.0,0,0,1,7.219767228525577
Laxmi Parida,1,5.3,0.0,0,0,1,5.8424838672544315
Leah Buechley,1,174.49,0.0,0,0,1,6.145914478085028
Leah Chase,1,569.98,0.0,0,0,1,6.8551985508871605
Leah Garcés,1,960.82,0.0,0,0,0,1.7227878661267209
Leah Georges,1,1196.39,0.0,0,0,0,2.1452664345608117
Leana Wen,1,567.16,0.0,0,0,1,6.850141075134799
Lear deBessonet with Brian Stokes Mitchell,1,991.18,0.0,0,0,0,1.7772364348649257
Abigail Spanberger,1,36.42,0.0,0,0,1,5.898295443642208
Lee Hotz,1,118.31,0.0,0,0,0,0.2118042150191709
Lee Mokobe,1,465.94,0.0,0,0,0,0.8352546745205627
Lee Smolin,1,54.01,0.0,0,0,1,5.929841897005352
Lee Thomas,1,1204.23,0.0,0,0,0,2.1593269345248274
Lei Cheng,1,1752.92,0.0,0,0,1,8.976719957447516
Lei Li,1,494.5,0.0,0,0,0,0.8864750672466213
Lei Zhang,1,2584.05,100.0,1,1,0,40.46740734859424
Leila Hoteit,1,1291.57,0.0,0,0,1,8.149320511223177
Leila Pirhaji,1,903.24,0.0,0,0,1,7.452877405224916
Leila Seth,1,492.58,0.0,0,0,1,6.716386982364858
Leila Takayama,1,438.6,0.0,0,0,1,6.61957757062282
Leili Anvar,1,905.58,0.0,0,0,1,7.457074034040706
Leland Melvin,1,762.63,0.0,0,0,1,7.200703055742734
Lemn Sissay,1,216.86,0.0,0,0,1,6.221902154548721
Lemon Andersen,1,333.07,0.0,0,0,1,6.430316784755139
Lena Dumont,1,6.52,0.0,0,0,0,0.011316550353691515
Lennart Green,1,1050.39,0.0,0,0,1,7.716780794217897
Lenore Skenazy,1,4892.33,100.0,1,1,1,50.440503832190785
Leo Igwe,1,477.92,0.0,0,0,1,6.690095282177043
Leo Lanna,1,251.4,0.0,0,0,0,0.4504919624950511
Leo Villareal,1,1327.19,0.0,0,0,1,8.213202527641322
Leon Marchal,1,1051.23,0.0,0,0,0,1.8849319734923704
Leonard Susskind,1,317.05,0.0,0,0,1,6.401586018247034
Leopoldo Lopez,1,1420.41,0.0,0,0,1,8.380386176448155
Leor Weinberger,1,120.03,0.0,0,0,1,6.048244219406416
Lera Boroditsky,1,9086.69,100.0,1,1,1,57.96279957569468
Abigail Washburn,1,216.29,0.0,0,0,1,6.220879898811543
Leslie Dodson,1,40.47,0.0,0,0,0,0.07220353680501117
Leslie Herod,1,839.7,0.0,0,0,1,7.338922791996143
Leslie Morgan Steiner,1,1827.2,0.0,0,0,1,9.109936020882097
Leslie Perlow,1,11.81,0.0,0,0,1,5.8541591038316945
Leslie T. Chang,1,354.55,0.0,0,0,1,6.468839685166754
Let It Happen,1,8.73,0.0,0,0,1,5.848635335988688
Abraham Verghese,1,420.86,0.0,0,0,1,6.587762102591997
Achenyo Idachaba,1,531.12,0.0,0,0,1,6.785505817647152
Lewis Bollard,1,3416.3,100.0,1,1,0,41.95999039643256
Achin Bhowmik,1,4.01,0.0,0,0,0,0.0068150382478649385
Leyla Acaroglu,1,353.47,0.0,0,0,1,6.466902779559466
Leymah Gbowee,1,294.11,0.0,0,0,1,6.360444708403344
Li Wei Tan,1,239.28,0.0,0,0,0,0.42875557734659764
Li-Huei Tsai,1,1993.47,0.0,0,0,1,9.408129812848545
Liam Young,1,1465.89,0.0,0,0,1,8.461951423688392
Lian Pin Koh,1,159.9,0.0,0,0,1,6.119748318075462
Liana Finck,1,1482.92,0.0,0,0,1,8.492493555625535
Lidia Yuknavitch,1,1294.42,0.0,0,0,1,8.154431789909076
Liene Ozoliņa,1,896.04,0.0,0,0,0,1.6066093983118022
Lil Buck,1,114.62,0.0,0,0,1,6.038541757058797
Lili Haydn,1,291.56,0.0,0,0,1,6.355871459052804
Lilly Singh,1,1898.29,0.0,0,0,1,9.237431039050708
Lily Tomlin,1,1222.73,0.0,0,0,1,8.02586071306975
Adam Aleksic,1,3012.55,100.0,1,1,1,47.069247885461444
Linda Cliatt-Wayman,1,668.43,0.0,0,0,0,1.1984065415758707
Linda Hill,1,816.95,0.0,0,0,1,7.298122234064847
Linda Liukas,1,614.32,0.0,0,0,1,6.934719286653038
Linda Zhang,1,22.88,0.0,0,0,1,5.874012386306395
Linden Vazey,1,56.47,0.0,0,0,0,0.10089843469075828
Adam Alter,1,1545.86,0.0,0,0,1,8.60537211018359
Lindsay Amer,1,1144.31,0.0,0,0,1,7.8852198448072315
Lindsay Levin,1,1096.34,0.0,0,0,0,1.9658336512189987
Lindsay Malloy,1,614.66,0.0,0,0,0,1.1019737503685818
Lindsay Morcom,1,1038.92,0.0,0,0,0,1.862854836431524
Lindsay Morris,1,827.1,0.0,0,0,0,1.4829702570465892
Lindsey A. Sherrill,1,1292.28,0.0,0,0,0,2.317238544452329
Lindsey Schneider,1,1323.07,0.0,0,0,0,2.372458288571214
Lindy Lou Isonhood,1,744.26,0.0,0,0,0,1.3344024232431335
Linus Torvalds,1,2436.97,100.0,1,1,1,46.03698480264404
Lisa Bu,1,1499.01,0.0,0,0,0,2.6879945594473607
Lisa Dazols,1,789.67,0.0,0,0,0,1.4158421303051194
Lisa Dyson,1,448.75,0.0,0,0,1,6.63778089646909
Lisa Feldman Barrett,1,2860.04,100.0,1,1,1,46.79573170567673
Lisa Gansky,1,148.64,0.0,0,0,1,6.099554283688368
Lisa Genova,1,2172.68,100.0,1,1,1,45.562998892505036
Lisa Godwin,1,1194.09,0.0,0,0,0,2.141141542989735
Lisa Harouni,1,364.39,0.0,0,0,0,0.6531317445019615
Lisa Jackson,1,761.3,0.0,0,0,0,1.3649624894914543
Lisa Kaltenegger,1,1875.51,0.0,0,0,1,9.196576678185876
Lisa Kristine,1,632.22,0.0,0,0,1,6.966821703662718
Lisa Margonelli,1,110.12,0.0,0,0,0,0.1971160141639041
Lisa Mosconi,1,2327.49,100.0,1,1,1,45.840639963860816
Lisa Nip,1,953.13,0.0,0,0,0,1.7089963808303836
Lisa Seacat DeLuca,1,9.52,0.0,0,0,1,5.850052146571796
Lisa-Marie Johnston,1,1.44,0.0,0,0,0,0.002205920274966809
Liu Bolin,1,305.99,0.0,0,0,1,6.3817506700835125
Liu Thai Ker,1,1302.33,0.0,0,0,1,8.168617830051343
Adam Carroll,1,2467.65,100.0,1,1,0,40.25865196647543
Liz Coleman,1,123.37,0.0,0,0,1,6.054234279340066
Liz Diller,1,146.72,0.0,0,0,1,6.096110895942078
Liz Hajek,1,492.27,0.0,0,0,0,0.8824757158537953
Liz Kleinrock,1,966.35,0.0,0,0,0,1.732705540208482
Adam Cutler,1,6.45,0.0,0,0,0,0.011191010175441374
Liz Powers,1,20.17,0.0,0,0,0,0.03579688511246953
Liza Donnelly,1,282.27,0.0,0,0,1,6.339210483967891
Lizzie Velásquez,1,4987.99,100.0,1,1,1,50.612063452925206
Lizzo,1,1527.94,0.0,0,0,1,8.573233824551554
Lloyd Pendleton,1,399.62,0.0,0,0,0,0.7163143227841409
Lloyd Treinish,1,14.35,0.0,0,0,0,0.025359116006529007
Lonneke Gordijn,1,1443.88,0.0,0,0,0,2.5891227019197833
Lord Nicholas Stern,1,220.89,0.0,0,0,0,0.395774379089167
Loretta J. Ross,1,1381.75,0.0,0,0,1,8.311052129431719
Loretta Napoleoni,1,135.49,0.0,0,0,1,6.07597066448852
Lori Gottlieb,1,3446.31,100.0,1,1,1,47.847166567144036
Lorie Wigle,1,2.44,0.0,0,0,0,0.0039993513928260034
Lorna Davis,1,1250.44,0.0,0,0,0,2.242201386481101
Lorrie Faith Cranor,1,399.2,0.0,0,0,1,6.548916384579168
Adam Davidson,1,181.26,0.0,0,0,0,0.32470070388840716
Louise Fresco,1,201.99,0.0,0,0,1,6.195233833826156
Louise Leakey,1,149.83,0.0,0,0,1,6.1016884667186195
Louise Mabulo,1,903.09,0.0,0,0,1,7.452608390557236
Luc de Brabandere,1,25.32,0.0,0,0,0,0.04503305536944437
Luca Turin,1,115.12,0.0,0,0,1,6.039438472617728
Lucas Joppa,1,1277.36,0.0,0,0,0,2.2904805521738703
Lucas Raspall,1,66.15,0.0,0,0,0,0.11825884791163532
Lucas Rizzotto,1,1118.91,0.0,0,0,0,2.006311391549081
Luci Englert McKean,1,32.38,0.0,0,0,0,0.057694679061530287
Lucie Pinson,1,1256.03,0.0,0,0,1,8.085581969294461
Lucien Engelen,1,70.19,0.0,0,0,1,5.958859612492313
Lucius,1,31.76,0.0,0,0,1,5.889938054632985
Lucy Clayton,1,48.59,0.0,0,0,0,0.08676619748202785
Lucy Cooke,1,563.91,0.0,0,0,1,6.844312424001756
Lucy Farey-Jones,1,984.98,0.0,0,0,0,1.7661171619341987
Adam Driver,1,4209.0,100.0,1,1,1,49.21499854642407
Lucy Kalanithi,1,854.7,0.0,0,0,0,1.532468955899503
Lucy King,1,1184.6,0.0,0,0,0,2.1241218816812513
Lucy Marcil,1,533.73,0.0,0,0,0,0.9568313700002372
Lucy McBath,1,1049.5,0.0,0,0,1,7.715184640523002
Lucy McRae,1,342.46,0.0,0,0,1,6.447157102951836
Ludmila Rattis,1,841.25,0.0,0,0,0,1.5083473073642968
Ludwick Marishane,1,390.12,0.0,0,0,0,0.6992767271644785
Luhan Yang,1,651.14,0.0,0,0,0,1.1673981175480854
Luis H. Zayas,1,953.39,0.0,0,0,0,1.709462672921027
Adam Foss,1,1415.32,0.0,0,0,0,2.5379023091937243
Adam Galinsky,1,2359.36,100.0,1,1,1,45.89779661358699
Luke Sital-Singh,1,105.52,0.0,0,0,1,6.022221533886278
Luke Syson,1,281.88,0.0,0,0,1,6.338511045831926
Luma Mufleh,1,307.95,0.0,0,0,1,6.385265795074516
Luvvie Ajayi Jones,1,2284.79,100.0,1,1,1,45.76406045512823
Lux Narayan,1,592.21,0.0,0,0,0,1.061711221772643
Lvcas Fiat,1,251.4,0.0,0,0,0,0.4504919624950511
Lynn Rothschild,1,172.41,0.0,0,0,1,6.142184141359881
Lynne Elvins,1,328.09,0.0,0,0,0,0.5880301949236727
Lyra McKee,1,95.07,0.0,0,0,1,6.003480178704651
Lýdia Machová,1,7569.93,100.0,1,1,0,49.40923969050605
Ma Jun,1,1345.71,0.0,0,0,0,2.413061569079546
Ma Yansong,1,212.43,0.0,0,0,1,6.213957254696605
MaJiKer,1,1.84,0.0,0,0,1,5.836278595586637
Maajid Nawaz,1,167.72,0.0,0,0,1,6.1337729494171205
Mac Barnett,1,528.44,0.0,0,0,1,6.780699422251289
Mac Stone,1,362.33,0.0,0,0,0,0.6494372763991716
Machine Dazzle,1,1258.22,0.0,0,0,1,8.089509583442574
Macinley Butson,1,14.8,0.0,0,0,1,5.859521462874093
Mackenzie Dalrymple,1,7.89,0.0,0,0,0,0.013773550985158613
Adam Garone,1,160.03,0.0,0,0,0,0.28662616125625645
Madeleine Albright,1,176.0,0.0,0,0,1,6.1486225590729955
Madhumita Murgia,1,1929.51,0.0,0,0,1,9.29342195855027
Madison McFerrin,1,60.55,0.0,0,0,1,5.941570936516151
Madison Mohns,1,1022.86,0.0,0,0,0,1.834052332678705
Mads Tang-Christensen,1,1487.39,0.0,0,0,0,2.667154889857837
Mae Jemison,1,165.87,0.0,0,0,1,6.130455101849082
Maeve Higgins,1,11.08,0.0,0,0,1,5.8528498991156575
Magatte Wade,1,258.45,0.0,0,0,1,6.296490954740486
Magda Sayeg,1,434.03,0.0,0,0,1,6.6113815904142035
Magdalena Hoeller,1,4195.51,100.0,1,1,0,43.35744985777962
Magnus Larsson,1,134.8,0.0,0,0,1,6.0747331970171965
Mahendra Singhi,1,5.77,0.0,0,0,0,0.009971477015297119
Mahir Can Işik,1,24.08,0.0,0,0,0,0.042809200783298966
Mahogany-N-Motion,1,74.65,0.0,0,0,0,0.13350301241343848
Mai Lan,1,74.17,0.0,0,0,1,5.965997468341393
Mainak Mazumdar,1,837.4,0.0,0,0,0,1.501442597560539
Adam Garske,1,177.16,0.0,0,0,0,0.3173476363051844
Maisie Williams,1,2072.3,0.0,0,0,1,9.549505987869386
Maja Bosnic,1,1405.66,0.0,0,0,0,2.520577764595205
Majd Mashharawi,1,669.23,0.0,0,0,0,1.1998412864701582
Adam Grosser,1,157.54,0.0,0,0,0,0.28216051777278706
Makhtoum Abdalla,1,1345.89,0.0,0,0,0,2.413384386680761
Makiko Eda,1,3.34,0.0,0,0,0,0.005613439398899278
Malala Yousafzai,1,1088.28,0.0,0,0,1,7.784733899273581
Adam Kucharski,1,1865.56,0.0,0,0,0,3.3453767356986486
Malcolm London,1,364.18,0.0,0,0,1,6.486110426831739
Malika Whitley,1,381.32,0.0,0,0,0,0.6834945333273176
Mallika Sarabhai,1,108.86,0.0,0,0,1,6.028211593819929
Mallory Freeman,1,355.94,0.0,0,0,0,0.6379772515560512
Malte Spitz,1,363.24,0.0,0,0,1,6.48442460158095
Manal al-Sharif,1,387.63,0.0,0,0,1,6.528166386545537
Manav Subodh,1,5.11,0.0,0,0,1,5.842143115342037
Adam Mosseri,1,1532.58,0.0,0,0,1,8.58155534493842
Mandë Holford,1,199.15,0.0,0,0,1,6.190140489451436
Mani Vajipey,1,139.1,0.0,0,0,0,0.2490896479594635
Manish Bhardwaj,1,1339.04,0.0,0,0,0,2.401099383523425
Adam Munder,1,1147.53,0.0,0,0,0,2.057639390142211
Manu Peni,1,1371.13,0.0,0,0,0,2.458650588095527
Adam Ockelford,1,372.17,0.0,0,0,1,6.5004399414634335
Manuel Lima,1,555.62,0.0,0,0,1,6.829444880034702
Manwar Ali,1,745.34,0.0,0,0,0,1.3363393288504217
Maoz Inon,1,3960.45,100.0,1,1,1,48.76924124208016
Mara Mintzer,1,676.75,0.0,0,0,0,1.2133278884764593
Marah J. Hardt,1,1018.5,0.0,0,0,0,1.826232973004839
Marc Abrahams,1,399.11,0.0,0,0,1,6.548754975778561
Adam Ostrow,1,256.35,0.0,0,0,1,6.292724749392982
Marc Goodman,1,312.8,0.0,0,0,0,0.5606086331316056
Marc Koska,1,125.1,0.0,0,0,1,6.057336915173962
Marc Kushner,1,1069.89,0.0,0,0,1,7.75175270101615
Marc Miskin,1,179.11,0.0,0,0,0,0.32084482698500993
Marc Raibert,1,1620.16,0.0,0,0,1,8.738624042240529
Marcel Dicke,1,327.64,0.0,0,0,1,6.420578453785164
Adam Sadowsky,1,217.9,0.0,0,0,1,6.2237673229112955
Marcia Belsky,1,1311.84,0.0,0,0,0,2.352318057117655
Marcin Jakubowski,1,376.8,0.0,0,0,1,6.5087435275391226
Marco Alverà,1,1140.6,0.0,0,0,1,7.878566215359974
Marco Annunziata,1,359.34,0.0,0,0,0,0.6440749173567726
Adam Savage,1,807.83,0.0,0,0,1,7.28176614226997
Marcos Aguiar,1,852.48,0.0,0,0,0,1.5284875388178556
Marcus Adrian,1,6.27,0.0,0,0,0,0.010868192574226717
Marcus Bullock,1,849.08,0.0,0,0,0,1.5223898730171346
Marcus Byrne,1,247.28,0.0,0,0,1,6.276458329153998
Marcus Miller,1,2.73,0.0,0,0,1,5.837874749281532
Marcus du Sautoy,1,1361.06,0.0,0,0,1,8.273946039603212
Margaret Bourdeaux,1,320.01,0.0,0,0,0,0.5735392714913704
Adam Spencer,1,522.58,0.0,0,0,1,6.770189915900635
Margaret Hall,1,1224.43,0.0,0,0,0,2.1955542431055832
Adam Whybrew,1,1214.42,0.0,0,0,0,2.1776019976158127
Margaret Levi,1,1567.51,0.0,0,0,1,8.644199893885244
Margaret Mitchell,1,441.09,0.0,0,0,1,6.62404321410629
Margaret Morris,1,7.45,0.0,0,0,0,0.012984441293300569
Margaret Wertheim,1,268.5,0.0,0,0,1,6.314514937474971
Margaux Miller,1,1460.29,0.0,0,0,0,2.6185529065638526
Margrethe Vestager,1,577.22,0.0,0,0,1,6.868182992180462
Maria Arnal,1,148.92,0.0,0,0,1,6.100056444401368
Maria Bezaitis,1,281.39,0.0,0,0,0,0.5042769617196482
Maria Dubovitskaya,1,7.84,0.0,0,0,0,0.013683879429265654
Maria Gallucci,1,1260.81,0.0,0,0,0,2.260799267173301
Maria Golubeva,1,10.54,0.0,0,0,0,0.018526143447485478
Adam de la Zerda,1,353.29,0.0,0,0,0,0.6332246590937245
Maria Sophocles,1,1641.9,0.0,0,0,0,2.944257931878261
Maria Van Kerkhove,1,1274.49,0.0,0,0,1,8.118688707730144
Mariam Veiszadeh,1,1429.48,0.0,0,0,1,8.396652596687138
Marian Bantjes,1,134.1,0.0,0,0,1,6.073477795234695
Marian Wright Edelman,1,598.93,0.0,0,0,1,6.907118381749185
Mariana Atencio,1,9115.5,100.0,1,1,1,58.01446832620021
Mariana Lin,1,12.22,0.0,0,0,0,0.021539107725488924
'Gbenga Sesan,1,867.25,0.0,0,0,1,7.388331819293163
Mariano Sigman,1,822.83,0.0,0,0,0,1.4753123061733306
Marie Howe,1,7.08,0.0,0,0,1,5.84567617464422
Marie Wallace,1,39.8,0.0,0,0,1,5.9043572408205724
Marielle Remillard,1,1874.48,0.0,0,0,0,3.3613741412699523
Marily Oppezzo,1,1498.06,0.0,0,0,0,2.6862907998853944
Marilyn Waring,1,1788.34,0.0,0,0,1,9.040243287642088
Marina Abramović,1,1115.66,0.0,0,0,1,7.833838043280567
Mario Paluzzi,1,5.14,0.0,0,0,0,0.008841615411045828
Marion Campan,1,1323.5,0.0,0,0,0,2.373229463951893
Marisa Fick-Jordan,1,55.17,0.0,0,0,0,0.09856697423754134
Marjan van Aubel,1,391.56,0.0,0,0,1,6.535214570838723
Mark Abraham,1,1228.92,0.0,0,0,1,8.036962051689299
Mark Applebaum,1,1186.17,0.0,0,0,1,7.960292871400819
Mark Bezos,1,762.86,0.0,0,0,1,7.201115544899841
Mark Edwards,1,1193.31,0.0,0,0,0,2.1397426667178046
Mark Forsyth,1,390.64,0.0,0,0,1,6.5335646142102926
Mark Grimmer,1,1203.43,0.0,0,0,0,2.15789218963054
Mark Halliday,1,2.57,0.0,0,0,1,5.837587800302675
Mark Jackson,1,20.0,0.0,0,0,1,5.868847304686961
Mark Kelly,1,278.96,0.0,0,0,1,6.333274226967777
Mark Kendall,1,266.1,0.0,0,0,0,0.4768553999275813
Mark Modesti,1,7.69,0.0,0,0,0,0.013414864761586775
Mark Mortensen,1,1774.87,0.0,0,0,0,3.1827304676199977
Mark Pagel,1,383.98,0.0,0,0,1,6.521620362965351
Mark Plotkin,1,431.92,0.0,0,0,1,6.60759745075552
Mark Pollock,1,862.28,0.0,0,0,1,7.379418466637404
Mark Raymond,1,39.81,0.0,0,0,1,5.904375175131752
Mark Ronson,1,1222.25,0.0,0,0,1,8.024999866133179
Mark Roth,1,141.56,0.0,0,0,1,6.086856791373925
Mark Shaw,1,363.51,0.0,0,0,0,0.6515535251182454
Mark Tyndall,1,579.43,0.0,0,0,0,1.0387911720864027
Markham Nolan,1,345.0,0.0,0,0,0,0.6183571151266717
Markus Fischer,1,1699.0,0.0,0,0,0,3.0466628487080207
Markus Lorenz,1,87.02,0.0,0,0,0,0.15568775534135668
Markus Mutz,1,987.5,0.0,0,0,0,1.7706366083512042
Marla Spivak,1,741.45,0.0,0,0,1,7.162718184666478
Marlene Zuk,1,426.55,0.0,0,0,1,6.597966725652617
Marlon Peterson,1,412.11,0.0,0,0,0,0.7387142774462022
Marta Peirano,1,1769.78,0.0,0,0,0,3.1736019032300953
Martha Minow,1,984.58,0.0,0,0,1,7.598755092351582
Martha Redbone,1,5.93,0.0,0,0,1,5.843613728858682
Martin Danoesastro,1,995.5,0.0,0,0,0,1.7849840572940776
Martin Ford,1,1182.88,0.0,0,0,0,2.1210371801585337
Martin Gutmann,1,1329.62,0.0,0,0,0,2.3842052623931917
Martin Hanczyc,1,182.89,0.0,0,0,0,0.32762399661051766
Martin J. Eppler,1,2893.67,100.0,1,1,1,46.85604479417034
Martin Jacques,1,905.23,0.0,0,0,1,7.456446333149456
Martin Lockley,1,1327.23,0.0,0,0,1,8.213274264886037
Martin Pistorius,1,771.27,0.0,0,0,1,7.216198300601039
Adena Friedman,1,30.74,0.0,0,0,1,5.888108754892769
Adeola Fayehun,1,1354.77,0.0,0,0,1,8.262665357871878
Martin Seligman,1,1200.64,0.0,0,0,1,7.986243819676241
Martin Villeneuve,1,224.57,0.0,0,0,1,6.235729508467417
Martina Flor,1,201.92,0.0,0,0,0,0.36175299078337814
Martine Rothblatt,1,417.71,0.0,0,0,1,6.582112794570741
Marvin Minsky,1,108.08,0.0,0,0,1,6.026812717547999
Marvin Rees,1,1308.99,0.0,0,0,1,8.180562081296285
Marwa Al-Sabouni,1,329.49,0.0,0,0,1,6.423896301353203
Mary Ann Sieghart,1,1209.31,0.0,0,0,1,8.001792867468078
Mary Bassett,1,382.78,0.0,0,0,0,0.686112942759392
Mary Ellen Hannibal,1,568.54,0.0,0,0,1,6.852616010077443
Mary L. Gray,1,115.5,0.0,0,0,1,6.040119976442514
Adetayo Bamiduro,1,914.06,0.0,0,0,0,1.6389270270556249
Mary Maker,1,552.79,0.0,0,0,1,6.8243694699711615
Mary Norris,1,362.22,0.0,0,0,1,6.482595301840735
Mary Roach,1,6904.87,100.0,1,1,1,54.04985569412714
Adie Delaney,1,855.25,0.0,0,0,0,1.5334553430143254
Maryam Banikarim,1,981.34,0.0,0,0,0,1.7595890726651915
Aditi Gupta,1,546.88,0.0,0,0,1,6.813770292064614
María Neira,1,258.07,0.0,0,0,0,0.4624541480511719
María Teresa Kumar,1,764.99,0.0,0,0,1,7.204935553180883
Masha Gershman,1,21.95,0.0,0,0,0,0.03898919250225889
Massimo Banzi,1,452.75,0.0,0,0,1,6.644954620940529
Massimo Russo,1,1206.09,0.0,0,0,0,2.1626627164040455
Matan Cohen Grumi,1,565.77,0.0,0,0,1,6.847648205880972
Mathias Basner,1,938.91,0.0,0,0,0,1.6834937903344258
Mathias Jud,1,273.84,0.0,0,0,0,0.4907365567798114
Mathieu Lamiaux,1,5.15,0.0,0,0,0,0.00885954972222442
Mathieu Lehanneur,1,84.07,0.0,0,0,0,0.15039713354367204
Mathilde H. Ross,1,1814.21,0.0,0,0,0,3.2532840477965794
Matilda Ho,1,529.76,0.0,0,0,0,0.9497114484623363
Matt Beane,1,786.46,0.0,0,0,0,1.4100852164167919
Aditi Shankardass,1,201.27,0.0,0,0,1,6.193942563421297
Matt Goldman,1,492.28,0.0,0,0,1,6.715848953029502
Matt Kenyon,1,233.87,0.0,0,0,1,6.252408417863507
Matt Killingsworth,1,797.81,0.0,0,0,0,1.4304406596044932
Matt Langione,1,949.75,0.0,0,0,0,1.7029345836520196
Matt Mills,1,558.91,0.0,0,0,1,6.83534526841246
Matt Pitcher,1,4839.72,100.0,1,1,0,44.5127961182157
Matt Ridley,1,481.08,0.0,0,0,1,6.695762524509479
Matt Russo,1,700.34,0.0,0,0,0,1.2556349285467578
Matt Tilleard,1,5947.02,100.0,1,1,0,46.49866239502118
Matt Trombley,1,331.45,0.0,0,0,0,0.5940561234796795
Matt Walker,1,1236.99,100.0,1,1,0,38.051548026970835
Matthew A. Wilson,1,202.27,0.0,0,0,0,0.36238069167462883
Matthew Broadhurst,1,208.31,0.0,0,0,0,0.37321301562649845
Matthew Carter,1,308.72,0.0,0,0,1,6.386646737035267
Matthew Childs,1,147.27,0.0,0,0,0,0.26374198019237316
Matthew Ebert,1,9.53,0.0,0,0,0,0.01671477801844769
Matthew Garcia,1,1226.98,0.0,0,0,0,2.2001274924561236
Matthew Mazzotta,1,823.25,0.0,0,0,1,7.309420850107359
Matthew O'Reilly,1,550.6,0.0,0,0,1,6.8204418558230495
Matthew Phillips,1,1410.64,0.0,0,0,0,2.529509051562144
Matthew Shifrin,1,24.44,0.0,0,0,0,0.04345483598572828
Matthew White,1,188.6,0.0,0,0,1,6.171219791158021
Matthew Williams,1,352.14,0.0,0,0,0,0.6311622133081863
Matthias Müllenbeck,1,579.72,0.0,0,0,0,1.0393112671105817
Adjany Costa,1,1241.82,0.0,0,0,1,8.060097313109683
Maurice Conti,1,2350.9,100.0,1,1,0,40.04926888346537
Maurizio Seracini,1,170.02,0.0,0,0,1,6.137897840988198
Max Hawkins,1,1012.82,0.0,0,0,0,1.816046284255399
Max Jaderberg,1,1774.22,0.0,0,0,0,3.18156473739339
Max Little,1,292.76,0.0,0,0,0,0.5246682735297074
Max Rashbrooke,1,859.93,0.0,0,0,1,7.375203903510434
Max Sills,1,10.23,0.0,0,0,0,0.01797017980094913
Adong Judith,1,376.2,0.0,0,0,1,6.507667468868405
Maxim Timchenko,1,1224.9,0.0,0,0,1,8.029752458595505
May El-Khalil,1,1196.34,0.0,0,0,1,7.978532065869446
Maya Beiser,1,194.42,0.0,0,0,1,6.181657560263962
Maya Penn,1,422.37,0.0,0,0,1,6.590470183579964
Maya Shankar,1,2431.39,100.0,1,1,1,46.02697745700638
Maysoon Zayid,1,2795.52,100.0,1,1,1,46.68001952995245
Adora Svitak,1,1268.64,0.0,0,0,1,8.108197135690666
McKenna Pope,1,262.08,0.0,0,0,0,0.46964580683378726
Mechai Viravaidya,1,223.99,0.0,0,0,1,6.234689318419058
Meera Vijayann,1,274.76,0.0,0,0,1,6.325741816272769
Meg Jay,1,2221.38,100.0,1,1,0,39.81698368508025
Megan Alubicki Flick,1,55.72,0.0,0,0,0,0.09955336135236388
Megan J. McArdle,1,2577.36,100.0,1,1,0,40.45540929441577
Megan Kamerick,1,75.67,0.0,0,0,0,0.13533231215365485
Megan McArthur,1,795.7,0.0,0,0,1,7.2600118228103385
Megan Ming Francis,1,799.99,0.0,0,0,0,1.4343503394414265
Megan Parker,1,19.71,0.0,0,0,1,5.868327209662782
Megan Phelps-Roper,1,3475.36,100.0,1,1,1,47.899265741117844
Megan Reitz,1,1330.9,0.0,0,0,0,2.386500854224052
Megan Washington,1,544.85,0.0,0,0,1,6.810129626895359
Megan Wilkens,1,9.44,0.0,0,0,0,0.016553369217840366
Meghan Hussey,1,1459.29,0.0,0,0,0,2.6167594754459933
Meghana Ranganathan,1,7.12,0.0,0,0,0,0.012392609024407036
Mehdi Ordikhani-Seyedlar,1,1208.92,0.0,0,0,0,2.167738126467587
Mehret Mandefro,1,814.49,0.0,0,0,1,7.293710393514911
Mei Lin Neo,1,448.22,0.0,0,0,0,0.8034750751120978
Meklit Hadero,1,348.79,0.0,0,0,1,6.458509521927885
Mel Robbins,1,12230.61,100.0,1,1,1,63.60120353575458
Melaku Belay,1,1359.71,0.0,0,0,1,8.271524907594104
Melanie Charles,1,25.5,0.0,0,0,0,0.04535587297065903
Melanie Nezer,1,854.17,0.0,0,0,0,1.5315184374070374
Melati,1,560.1,0.0,0,0,1,6.837479451442712
Melati Wijsen,1,1395.09,0.0,0,0,1,8.33497650054396
Melinda Babits,1,4.76,0.0,0,0,0,0.008160111586259334
Melinda Briana Epler,1,1127.23,0.0,0,0,0,2.0212327384496693
Adrian Fisher,1,12.84,0.0,0,0,0,0.022651035018561624
Melinda Janki,1,4175.16,100.0,1,1,1,49.15430883739571
Adrian K. Haugabrook,1,1380.73,0.0,0,0,0,2.475867526826975
Melissa Garren,1,57.06,0.0,0,0,0,0.10195655905029521
Melissa J. Moore,1,1815.03,0.0,0,0,1,9.08810996417775
Melissa Marquez,1,16.13,0.0,0,0,0,0.02855142339631838
Melissa Marshall,1,635.73,0.0,0,0,1,6.973116646886403
Melissa Villaseñor,1,1228.82,0.0,0,0,1,8.036782708577512
Melissa Walker,1,345.44,0.0,0,0,1,6.452501527683058
Mellody Hobson,1,1224.07,0.0,0,0,1,8.02826391076768
Melodie Yashar,1,1409.4,0.0,0,0,0,2.527285196975998
Melonie D. Parker,1,1012.85,0.0,0,0,0,1.8161000871889346
Melvin Russell,1,360.88,0.0,0,0,0,0.6468368012782757
Memory Banda,1,387.22,0.0,0,0,1,6.527431079787214
Mena Fombo,1,1274.65,0.0,0,0,0,2.2856203538444717
Mena Trott,1,86.37,0.0,0,0,1,5.987877327979276
Mennat El Ghalid,1,434.55,0.0,0,0,0,0.7789588717309626
Menno Schilthuizen,1,1189.34,0.0,0,0,1,7.965978048044432
Mereba,1,8.18,0.0,0,0,1,5.847648948873865
Meredith Wilson Parfet,1,1636.09,0.0,0,0,0,2.9338380970834987
Meron Gribetz,1,520.48,0.0,0,0,1,6.766423710553131
Meryam Sugulle,1,1095.81,0.0,0,0,0,1.9648831327265333
Mesmin Destin,1,1965.69,0.0,0,0,0,3.5249529935298893
Mfikeyi Makayi,1,3938.5,100.0,1,1,0,42.896520126178636
Mia Birdsong,1,576.46,0.0,0,0,1,6.8668199845308875
Mia Kami,1,5.57,0.0,0,0,0,0.009612790791725282
Miao Wang,1,5.31,0.0,0,0,0,0.00914649870108189
Micaela Mantegna,1,1344.39,0.0,0,0,0,2.410694240003972
Michael Anti,1,370.12,0.0,0,0,0,0.6634081048072946
Michael Archer,1,136.98,0.0,0,0,0,0.24528757398960205
Michael Arntfield,1,9.06,0.0,0,0,0,0.015871865393053873
Michael Benton,1,59.45,0.0,0,0,1,5.939598162286506
Michael Bierut,1,603.1,0.0,0,0,1,6.914596989510658
Michael Bodekaer,1,440.35,0.0,0,0,0,0.789360772214546
Michael Botticelli,1,590.8,0.0,0,0,1,6.89253778676099
Michael Bungay Stanier,1,1450.99,0.0,0,0,0,2.601873997167762
Michael Dickinson,1,417.97,0.0,0,0,0,0.7492237837968572
Michael Fey,1,5.17,0.0,0,0,0,0.008895418344581605
Adriana Galván,1,1506.78,0.0,0,0,1,8.535284822097653
Michael Hansmeyer,1,201.69,0.0,0,0,1,6.194695804490799
Michael Hendryx,1,447.23,0.0,0,0,0,0.801699578305417
Michael Kennedy,1,22.95,0.0,0,0,0,0.040782623620118086
Michael Kimmel,1,853.15,0.0,0,0,1,7.363044440531348
Michael Levin,1,614.35,0.0,0,0,0,1.1014177867220456
Michael McDaniel,1,66.79,0.0,0,0,1,5.9527619466915915
Michael Merzenich,1,276.7,0.0,0,0,1,6.329221072641417
Adriann Negreros,1,1023.24,0.0,0,0,0,1.8347338365034918
Michael Middlebrooks,1,1987.07,0.0,0,0,0,3.563296550829719
Michael Mieni,1,7.79,0.0,0,0,0,0.013594207873372692
Michael Moschen,1,176.89,0.0,0,0,1,6.15021871276789
Michael Murphy,1,569.1,0.0,0,0,0,1.020265028638917
Michael Nielsen,1,49.83,0.0,0,0,1,5.922345354932701
Michael Norton,1,970.81,0.0,0,0,0,1.740704242994134
Michael Patrick Lynch,1,663.48,0.0,0,0,1,7.022884360406994
Michael Pawlyn,1,410.8,0.0,0,0,1,6.569720185546333
Michael Pollan,1,301.21,0.0,0,0,1,6.3731780693401445
Michael Porter,1,699.5,0.0,0,0,1,7.087483749272283
Michael Pritchard,1,883.16,0.0,0,0,0,1.5835100055137756
Michael Rain,1,516.66,0.0,0,0,0,0.9262175008183808
Michael Ringel,1,20.53,0.0,0,0,0,0.036442520314898835
Michael Rubinstein,1,536.48,0.0,0,0,1,6.795118608438877
Afra Raymond,1,216.75,0.0,0,0,0,0.38834957426123
Michael Schur,1,2001.38,0.0,0,0,1,9.422315852990812
Michael Sheen,1,1484.84,0.0,0,0,1,8.495936943371822
Michael Shellenberger,1,538.35,0.0,0,0,1,6.798472324629275
Afrika Afeni Mills,1,1243.07,0.0,0,0,0,2.2289837991424784
Michael Silverstein,1,15.23,0.0,0,0,1,5.860292638254772
Michael Specter,1,416.04,0.0,0,0,1,6.579117764603916
Michael Stevens,1,180.63,0.0,0,0,0,0.32357084228415584
Michael Sun,1,2135.89,0.0,0,0,0,3.8301949697895243
Michael Tilson Thomas,1,406.61,0.0,0,0,1,6.5622057091625035
Michael Timms,1,3575.48,100.0,1,1,0,42.24546876177339
Michael Tubbs,1,1369.28,0.0,0,0,1,8.288688043392014
Michael Uslan,1,5.66,0.0,0,0,1,5.8431295024568595
Michel Dugon,1,728.41,0.0,0,0,0,1.3059765400250654
Michel Laberge,1,320.44,0.0,0,0,1,6.4076657497365765
Michele L. Sullivan,1,582.92,0.0,0,0,0,1.0450502466877312
Michele Wucker,1,1070.8,0.0,0,0,1,7.753384723333403
Michelle Borkin,1,41.41,0.0,0,0,0,0.07388936205579881
Michelle Greene,1,126.05,0.0,0,0,1,6.059040674735929
Michelle Knox,1,506.49,0.0,0,0,1,6.74133360921428
Michelle Kuo,1,1310.65,0.0,0,0,1,8.18353917695193
Michèle Lamont,1,367.81,0.0,0,0,1,6.492620581789567
Mick Cornett,1,421.39,0.0,0,0,1,6.588712621084462
Mick Ebeling,1,198.23,0.0,0,0,1,6.188490532823005
Mick Mountz,1,76.87,0.0,0,0,1,5.970839732359614
Miguel A. Modestino,1,1298.46,0.0,0,0,0,2.328321948760699
Miguel Alcubierre,1,372.37,0.0,0,0,1,6.500798627687006
Miguel Goncalves,1,1502.99,0.0,0,0,1,8.528487718160967
Agnes Binagwaho,1,812.17,0.0,0,0,1,7.28954963332148
Mihaly Csikszentmihalyi,1,1269.6,0.0,0,0,1,8.109918829563808
Miho Janvier,1,467.49,0.0,0,0,0,0.8380344927532445
Mikael Fogelstrom,1,43.19,0.0,0,0,0,0.07708166944558817
Mike Biddle,1,244.18,0.0,0,0,0,0.4375433898241078
Mike Brady,1,29.29,0.0,0,0,0,0.052152976907345376
Mike Brown,1,1346.63,0.0,0,0,0,2.4147115257079768
Mike Cannon-Brookes,1,1666.91,0.0,0,0,1,8.822466947000446
Mike Gil,1,325.08,0.0,0,0,0,0.5826319672589165
Mike Kinney,1,540.16,0.0,0,0,0,0.9683631320880719
Mike Matas,1,342.22,0.0,0,0,1,6.446726679483551
Mike Merrill,1,27.09,0.0,0,0,0,0.04820742844805515
Mike O'Sullivan,1,1364.26,0.0,0,0,0,2.446329716315834
Mike Posner,1,1223.18,0.0,0,0,1,8.026667757072788
Mike Robbins,1,443.28,0.0,0,0,1,6.6279708282544005
Mike Schwartz,1,34.75,0.0,0,0,0,0.06194511081085659
Mike Sempert,1,0.0,0.0,0,0,1,5.832978682329777
Mike Velings,1,382.97,0.0,0,0,0,0.6864536946717853
Mike deGruy,1,246.4,0.0,0,0,1,6.274880109770282
Mikhail Zygar,1,549.69,0.0,0,0,1,6.818809833505797
Agnes Kalibata,1,1045.32,0.0,0,0,1,7.707688098450349
Mileha Soneji,1,320.63,0.0,0,0,0,0.5746511987844432
Millie Chu Baird,1,1099.81,0.0,0,0,0,1.97205685719797
Milton Glaser,1,84.49,0.0,0,0,1,5.9845056774777
Agnes Larsson,1,1408.8,0.0,0,0,0,2.5262091383052825
Min Zhu,1,8.08,0.0,0,0,0,0.014114302897551858
Mina Bissell,1,242.15,0.0,0,0,1,6.267258027519381
Minda Dentler,1,516.18,0.0,0,0,0,0.9253566538818083
Mindy Fullilove,1,8.61,0.0,0,0,0,0.015064821390017235
Mindy Scheier,1,378.34,0.0,0,0,0,0.6781501085960973
Mira Calix,1,8.95,0.0,0,0,1,5.8490298908346166
Agnieszka Pilat,1,11.22,0.0,0,0,1,5.853100979472157
Miriam Zoila Pérez,1,345.2,0.0,0,0,0,0.6187158013502435
Misan Harriman,1,1148.76,0.0,0,0,1,7.8932006132817065
Ahn Trio,1,166.49,0.0,0,0,1,6.131567029142154
Mitch Resnick,1,645.68,0.0,0,0,1,6.990961286509102
Mitch Zeller,1,1120.1,0.0,0,0,0,2.008445574579333
Mitchell Besser,1,55.13,0.0,0,0,0,0.09849523699282697
Mitchell Joachim,1,302.81,0.0,0,0,1,6.37604755912872
Mitchell Katz,1,676.9,0.0,0,0,1,7.046952206008666
Miwa Matreyek,1,178.11,0.0,0,0,1,6.152406698731679
Mohamad Jebara,1,419.25,0.0,0,0,0,0.7515193756277169
Mohamed Ali,1,255.71,0.0,0,0,1,6.291576953477551
Mohamed Hijri,1,157.93,0.0,0,0,1,6.11621525877328
Mohammad Modarres,1,906.68,0.0,0,0,1,7.459046808270352
Mohan Sivaloganathan,1,1182.48,0.0,0,0,0,2.1203198077113896
Molly Crockett,1,311.33,0.0,0,0,1,6.391327592252879
Molly Graham,1,2723.86,100.0,1,1,1,46.55150225604667
Molly Stevens,1,313.55,0.0,0,0,1,6.395309009334527
Molly Webster,1,823.31,0.0,0,0,1,7.30952845597443
Molly Winter,1,575.04,0.0,0,0,0,1.0309180094790007
Mona Chalabi,1,428.97,0.0,0,0,1,6.602306828957835
Ai-jen Poo,1,755.44,0.0,0,0,1,7.187808286005327
Monica Byrne,1,328.73,0.0,0,0,1,6.422533293703631
Monica Fay,1,96.17,0.0,0,0,0,0.17209765006976832
Monica Johnson,1,13.99,0.0,0,0,1,5.858068783668627
Monica Palacio,1,1.85,0.0,0,0,0,0.0029412270332890788
Monika Blaumueller,1,4.08,0.0,0,0,0,0.006940578426115083
Monika Bulaj,1,140.78,0.0,0,0,0,0.252102612237467
Monique W. Morris,1,836.98,0.0,0,0,0,1.5006893564910382
Moreangels Mbizah,1,923.33,0.0,0,0,0,1.6555521335181795
Morgan Spurlock,1,493.84,0.0,0,0,1,6.718646705573361
Morgan Vague,1,1019.94,0.0,0,0,0,1.8288155138145565
Morgana Bailey,1,886.14,0.0,0,0,0,1.5888544302449963
Aicha Evans,1,1287.06,0.0,0,0,1,8.141232136881632
Moritz Riesewieck,1,943.21,0.0,0,0,0,1.6912055441412204
Aicha el-Wafi + Phyllis Rodriguez,1,198.54,0.0,0,0,0,0.35569119360501406
Morten Bo Christiansen,1,976.15,0.0,0,0,1,7.583636468028029
Aisha Nyandoro,1,1135.96,0.0,0,0,1,7.870244694973108
Moshe Szyf,1,556.82,0.0,0,0,1,6.831596997376134
Mother London,1,8.44,0.0,0,0,1,5.848115240964509
Mounia Akl,1,1414.05,0.0,0,0,1,8.368979954538572
Muhammed Idris,1,760.17,0.0,0,0,0,1.3629359123282732
Mundano,1,274.5,0.0,0,0,1,6.325275524182127
Munir Virani,1,271.88,0.0,0,0,0,0.4872214317888074
Aja Monet,1,1347.33,0.0,0,0,1,8.249322230355006
Musimbi Kanyoro,1,484.22,0.0,0,0,1,6.701393898219557
Muslim Sahib,1,3.75,0.0,0,0,0,0.006348746157221548
Mustafa Akyol,1,252.64,0.0,0,0,1,6.286071119945724
Mustafa Suleyman,1,5683.74,100.0,1,1,1,51.85984315317573
Muthoni Drummer Queen,1,120.77,0.0,0,0,1,6.049571358433632
"Mwende ""FreeQuency"" Katwiwa",1,346.29,0.0,0,0,0,0.6206706412687101
MyVerse,1,1295.06,0.0,0,0,0,2.322224282959978
Myles Allen,1,908.31,0.0,0,0,1,7.461970100992462
Ajay Banga,1,788.11,0.0,0,0,1,7.246399680625787
Mónica Ramírez,1,5.93,0.0,0,0,1,5.843613728858682
Nabiha Saklayen,1,1400.2,0.0,0,0,0,2.510785630691694
Nabila Alibhai,1,398.8,0.0,0,0,0,0.7148437092674964
Nada Majdalani,1,2183.16,100.0,1,1,0,39.74843874775567
Nadia Al-Sakkaf,1,120.06,0.0,0,0,1,6.048298022339952
Nadia Drake,1,1370.04,0.0,0,0,1,8.290051051041587
Nadia Lopez,1,440.15,0.0,0,0,1,6.622357388855502
Nadine Burke Harris,1,3452.42,100.0,1,1,1,47.85812443127416
Nadine Hachach-Haram,1,460.88,0.0,0,0,0,0.826179913064195
Nadjia Yousif,1,745.28,0.0,0,0,0,1.3362317229833498
Nadya Bartol,1,762.56,0.0,0,0,0,1.3672222126999567
Nadya Mason,1,279.01,0.0,0,0,1,6.333363898523671
Nadya Tolokonnikova,1,1758.02,0.0,0,0,1,8.985866456148598
Nagin Cox,1,686.56,0.0,0,0,1,7.064276750607186
Naif Al-Mutawa,1,183.91,0.0,0,0,0,0.329453296350734
Naima Penniman,1,1202.04,0.0,0,0,0,2.1553993203767154
Ajit Narayanan,1,355.01,0.0,0,0,1,6.4696646634809705
Nana Firman,1,697.42,0.0,0,0,0,1.250398109682609
Nancy Duarte,1,744.97,0.0,0,0,1,7.1690310622013405
Nancy Etcoff,1,393.05,0.0,0,0,1,6.537886783204335
Nancy Frates,1,276.48,0.0,0,0,0,0.49547121493095975
Nancy Kanwisher,1,364.94,0.0,0,0,1,6.487473434481311
Akash Manoj,1,802.68,0.0,0,0,1,7.272529972012995
Nancy N. Chen,1,1398.73,0.0,0,0,0,2.5081492869484405
Nancy Rabalais,1,483.4,0.0,0,0,1,6.699923284702912
Nandan Nilekani,1,186.27,0.0,0,0,1,6.167041096653409
Nanfu Wang,1,1520.7,0.0,0,0,1,8.560249383258254
Nanshu Lu,1,69.03,0.0,0,0,1,5.956779232395597
Naná Vasconcelos,1,285.45,0.0,0,0,1,6.344913594922684
Naoko Ishii,1,509.67,0.0,0,0,0,0.9136814173045451
Naomi Bagdonas,1,1935.14,0.0,0,0,0,3.4701636728792917
Akshat Rathi,1,1192.54,0.0,0,0,0,2.138361724757053
Naomi McDougall Jones,1,410.2,0.0,0,0,1,6.568644126875618
Naomi Mwaura,1,962.77,0.0,0,0,0,1.7262850568065462
Naomi Oreskes,1,407.9,0.0,0,0,1,6.564519235304543
Naomi Shimada,1,180.85,0.0,0,0,0,0.32396539713008493
Nat Keohane,1,1279.3,0.0,0,0,1,8.127315111407045
Natalie Cargill,1,1120.24,0.0,0,0,0,2.0086966549358336
Natalie Fee,1,61.82,0.0,0,0,1,5.943848594035832
Natalie Fratto,1,1781.31,0.0,0,0,0,3.1942801640190117
Natalie Gunn,1,3.92,0.0,0,0,0,0.0066536294472576115
Al Seckel,1,397.19,0.0,0,0,1,6.545311588032271
Natalie Merchant,1,193.19,0.0,0,0,1,6.1794516399889945
Natalie Panek,1,363.51,0.0,0,0,1,6.484908827982773
Natalie Warne,1,193.54,0.0,0,0,0,0.3467240380157181
Natasha Hurley-Walker,1,468.44,0.0,0,0,0,0.8397382523152107
Natasha Rothwell,1,1130.05,0.0,0,0,1,7.859645517066561
Natasha Tsakos,1,80.74,0.0,0,0,1,5.977780310785728
Nate Garvis,1,40.52,0.0,0,0,0,0.07229320836090414
Nate Silver,1,91.59,0.0,0,0,1,5.9972390384145005
Al Vernacchio,1,529.3,0.0,0,0,1,6.7822417730126485
Nathalie Cabrol,1,347.65,0.0,0,0,1,6.456465010453526
Nathalie Miebach,1,166.84,0.0,0,0,0,0.2988394271688776
Nathan Ide,1,3.85,0.0,0,0,0,0.006528089269007468
Alaa Murabit,1,1468.66,0.0,0,0,1,8.466919227884864
Alan Amling,1,18.32,0.0,0,0,0,0.03247903754443002
Nathaniel Kahn,1,70.96,0.0,0,0,1,5.960240554453066
Nathaniel Stinnett,1,980.08,0.0,0,0,0,1.757329349456689
Alan Crickmore,1,604.36,0.0,0,0,0,1.0835014098546323
Naturally 7,1,326.36,0.0,0,0,1,6.418282861954304
Naufal Mukumi,1,3.92,0.0,0,0,0,0.0066536294472576115
Navi Radjou,1,537.79,0.0,0,0,1,6.7974680032032735
Navied Mahdavian,1,1506.47,0.0,0,0,0,2.7013735555865903
Ndidi Nwuneli,1,342.75,0.0,0,0,1,6.447677197976017
Ndidi Okonkwo Nwuneli,1,1390.12,0.0,0,0,1,8.326063147888199
Ndinini Kimesera Sikar,1,1638.82,0.0,0,0,0,2.9387341640352544
Neal Katyal,1,1277.99,0.0,0,0,1,8.124965716642649
Neeraj Aggarwal,1,1152.6,0.0,0,0,0,2.066732085909757
Alan Eustace,1,476.78,0.0,0,0,1,6.6880507707026835
Neha Madhira,1,6.74,0.0,0,0,0,0.01171110519962054
Neha Narula,1,782.57,0.0,0,0,0,1.4031087693683195
Neil Burgess,1,321.41,0.0,0,0,0,0.5760500750563734
Alan Iny,1,63.57,0.0,0,0,0,0.11363179562755855
Neil Harbisson,1,731.93,0.0,0,0,1,7.145644720424457
Neil MacGregor,1,263.15,0.0,0,0,1,6.304920080994424
Neil Pasricha,1,655.99,0.0,0,0,1,7.00945156133423
Neil Turok,1,100.3,0.0,0,0,1,6.012859823451054
Neil Vora,1,837.35,0.0,0,0,0,1.5013529260046459
Alan Jamieson,1,1307.38,0.0,0,0,1,8.177674657196532
Nemonte Nenquimo,1,1272.3,0.0,0,0,1,8.11476109358203
Neri Oxman,1,816.35,0.0,0,0,1,7.297046175394131
Neveen F. Awad,1,19.85,0.0,0,0,0,0.03522298715475458
Newsha Ghaeli,1,940.62,0.0,0,0,1,7.519915860410493
Newton Aduaka,1,69.58,0.0,0,0,1,5.95776561951042
Neylan McBaine,1,4.02,0.0,0,0,1,5.840188275423571
Alan Kay,1,137.91,0.0,0,0,1,6.080310767793738
Niall Ferguson,1,371.05,0.0,0,0,1,6.498431298611432
Niaz Nawab,1,105.62,0.0,0,0,0,0.1890455741335377
Nic Marks,1,506.64,0.0,0,0,1,6.74160262388196
Niceaunties,1,1015.01,0.0,0,0,1,7.653329201268037
Alan Russell,1,285.01,0.0,0,0,1,6.344124485230826
Nicholas Leeper,1,1428.08,0.0,0,0,0,2.560786490257608
Alan Siegel,1,188.43,0.0,0,0,1,6.170914907867985
Alan Smith,1,732.76,0.0,0,0,0,1.3137779653877528
Alasdair Harris,1,941.09,0.0,0,0,0,1.687403470171359
Nick Sears,1,90.45,0.0,0,0,0,0.16183922407561374
Nick Turner,1,1258.73,0.0,0,0,1,8.09042423331268
Nick Veasey,1,340.4,0.0,0,0,1,6.4434626348490465
Nicky Trevorrow,1,1255.59,0.0,0,0,0,2.2514375567380753
Nicola Jones,1,751.77,0.0,0,0,0,1.347871090938256
Alastair Gray,1,559.3,0.0,0,0,1,6.836044706548424
Nicolas Perony,1,248.98,0.0,0,0,0,0.4461518591898318
Nicole Byers,1,1399.88,0.0,0,0,0,2.510211732733979
Nicole Maines,1,1226.58,0.0,0,0,1,8.032765422873508
Nicole Paris,1,1347.67,0.0,0,0,0,2.41657669407055
Nicole Rycroft,1,1312.17,0.0,0,0,0,2.352909889386549
Nicole Wilson,1,8.57,0.0,0,0,1,5.84834838700983
Nicos Marcou,1,1006.5,0.0,0,0,0,1.8047117995905286
Niels Diffrient,1,106.15,0.0,0,0,1,6.02335139549053
Niels van Namen,1,702.93,0.0,0,0,0,1.2602799151420132
Nigel Marsh,1,1033.91,0.0,0,0,0,1.8538697465310494
Alastair O'Neill,1,7.75,0.0,0,0,0,0.013522470628658327
Nighat Dad,1,453.66,0.0,0,0,1,6.646586643257779
Niki Okuk,1,446.34,0.0,0,0,0,0.8001034246105223
Nikki Clifton,1,603.6,0.0,0,0,0,1.0821384022050593
Nikki Sanchez,1,211.44,0.0,0,0,0,0.37882645502539763
Nikki Webber Allen,1,950.88,0.0,0,0,0,1.7049611608152004
Nikolai Begg,1,338.61,0.0,0,0,0,0.6068970902835514
Nikolaus S. Lang,1,1148.36,0.0,0,0,0,2.0591279379700342
Nila Ibrahimi,1,301.25,0.0,0,0,1,6.373249806584859
Nilay Kulkarni,1,391.37,0.0,0,0,0,0.7015185160618025
Alastair Parvin,1,371.73,0.0,0,0,0,0.666295528907048
Nilofer Merchant,1,906.92,0.0,0,0,0,1.62612192887411
Nimisha Jain,1,810.11,0.0,0,0,0,1.4524998623541614
Nina Dølvik Brochmann,1,634.84,0.0,0,0,0,1.1381651903269805
Nina Fedoroff,1,369.6,0.0,0,0,1,6.495830823490535
Nina Jablonski,1,266.43,0.0,0,0,1,6.310802535061002
Nina McNeely,1,233.39,0.0,0,0,0,0.41819226806240695
Alba Sotorra,1,7.95,0.0,0,0,1,5.847236459716757
Albert Fox Cahn,1,469.61,0.0,0,0,1,6.675191869587634
Nirmalya Kumar,1,215.36,0.0,0,0,1,6.219212007871933
Niro Sivanathan,1,1424.5,0.0,0,0,0,2.554366006855672
Nirupa Rao,1,162.36,0.0,0,0,0,0.2908048557608684
Nisha Anand,1,872.95,0.0,0,0,0,1.5651990738004335
Albert-László Barabási,1,1560.8,0.0,0,0,1,8.632165971084408
Nithya Ramanathan,1,1355.5,0.0,0,0,0,2.4306192597233873
Nithya Vaduganathan,1,1392.66,0.0,0,0,0,2.4972631600630355
Niti Bhan,1,440.41,0.0,0,0,0,0.7894683780816175
Nitish Padmanaban,1,1155.54,0.0,0,0,0,2.0720047733962628
Nivruti Rai,1,8.42,0.0,0,0,1,5.848079372342151
Nizar Ibrahim,1,3243.96,0.0,0,0,1,11.65079749142029
Nkosilathi Nyathi,1,893.23,0.0,0,0,1,7.434925159735145
Nnedi Okorafor,1,398.47,0.0,0,0,1,6.547607179863131
Alberto Cairo,1,210.94,0.0,0,0,1,6.211285042330996
Noah Raford,1,1412.7,0.0,0,0,1,8.366558822529461
Alberto Garín,1,13.52,0.0,0,0,0,0.02387056817870588
Noam Brown,1,1374.21,0.0,0,0,0,2.464174355938533
Noel Bairey Merz,1,201.94,0.0,0,0,0,0.36178885940573535
Noeline Kirabo,1,1604.42,0.0,0,0,0,2.8770401335808984
Noelle Martin,1,231.42,0.0,0,0,0,0.41465920876022444
Nomava Zanazo,1,729.74,0.0,0,0,0,1.308361803411818
Nonette Royo,1,604.77,0.0,0,0,0,1.0842367166129545
Nonny de la Peña,1,374.17,0.0,0,0,1,6.504026803699152
Nora Atkinson,1,1750.55,0.0,0,0,0,3.1391142228336624
Nora Brown,1,136.28,0.0,0,0,0,0.24403217220710063
Alec Soth,1,663.12,0.0,0,0,1,7.022238725204566
Nora McInerny,1,3302.2,100.0,1,1,1,47.588715208749356
Nora York,1,68.09,0.0,0,0,0,0.12173810428028214
Noreena Hertz,1,185.61,0.0,0,0,1,6.165857432115622
Noriko Arai,1,590.89,0.0,0,0,1,6.892699195561597
Norma Pimentel,1,721.07,0.0,0,0,1,7.126168058484506
Norman Lear,1,352.31,0.0,0,0,1,6.46482239946275
Norman Spack,1,349.19,0.0,0,0,1,6.459226894375028
Normand Voyer,1,1646.12,0.0,0,0,0,2.951826211195627
Nour E. Rawafi,1,1200.57,0.0,0,0,0,2.1527629766334626
Noy Thrupkaew,1,592.25,0.0,0,0,0,1.0617829590173573
Nyle DiMarco,1,174.06,0.0,0,0,1,6.145143302704349
Nyra Jordan,1,1197.19,0.0,0,0,0,2.1467011794550985
Néstor Guerra,1,13.27,0.0,0,0,0,0.02342221039924108
Alejandro Aravena,1,596.33,0.0,0,0,1,6.90245546084275
Oak Felder,1,26.04,0.0,0,0,1,5.87967962863883
Ocean Ramsey,1,110.53,0.0,0,0,1,6.031206623786754
Oded Shoseyov,1,564.88,0.0,0,0,1,6.846052052186079
Ofer Levy,1,235.66,0.0,0,0,0,0.42226335669994736
Okong'o Kinyanjui,1,1340.17,0.0,0,0,0,2.4031259606866064
Ola Rosling,1,1646.24,0.0,0,0,1,8.785396725794298
Alejandro Chaskielberg,1,6.01,0.0,0,0,0,0.010401900483583327
Ole Scheeren,1,811.07,0.0,0,0,1,7.287576859091834
Oleksandra Matviichuk,1,972.57,0.0,0,0,1,7.577215984626094
Olesya Khromeychuk,1,835.22,0.0,0,0,0,1.497532917723606
Olga Kitaina,1,1255.36,0.0,0,0,0,2.2510250675809678
Olga Yurkova,1,526.08,0.0,0,0,0,0.9431116219486146
Oliver Jeffers,1,1117.67,0.0,0,0,1,7.837442839827463
Oliver Sacks,1,1660.11,0.0,0,0,1,8.810271615399005
Olivia Affuso,1,1264.56,0.0,0,0,0,2.2675246338652726
Olivia Arthur,1,193.2,0.0,0,0,1,6.179469574300174
Olivia Breese,1,1114.46,0.0,0,0,0,1.9983306230746074
Olivia Lazard,1,1626.39,0.0,0,0,0,2.916441815240265
Alejandro Durán,1,176.91,0.0,0,0,1,6.150254581390247
Olivia Tyler,1,28.61,0.0,0,0,0,0.05093344374720113
Olivia Vinckier,1,1422.38,0.0,0,0,0,2.5505639328858107
Olivier Scalabre,1,654.79,0.0,0,0,0,1.1739441411282714
OluTimehin Adegbeye,1,854.49,0.0,0,0,1,7.365447638229279
Olúfẹ́mi Táíwò,1,401.38,0.0,0,0,1,6.5528260644161005
Olympia Della Flora,1,1574.17,0.0,0,0,0,2.8227888422656577
Omar Ahmad,1,112.54,0.0,0,0,1,6.034811420333651
Onora O'Neill,1,429.97,0.0,0,0,1,6.604100260075694
Onyx Ashanti,1,174.3,0.0,0,0,0,0.3122184233081072
Opal Tometi,1,472.15,0.0,0,0,1,6.679747184626995
Oral McGuire,1,883.85,0.0,0,0,0,1.5847474729850985
Ordinary Things,1,1416.32,0.0,0,0,0,2.5396957403115836
Oren Yakobovich,1,293.96,0.0,0,0,1,6.360175693735666
Orit Peleg,1,15.77,0.0,0,0,1,5.861261091058417
Orit Tykocinski,1,1340.4,0.0,0,0,0,2.403538449843714
Ory Okolloh,1,70.45,0.0,0,0,1,5.959325904582958
Oscar Schwartz,1,270.04,0.0,0,0,0,0.48392151853194654
Oskar Eustis,1,508.15,0.0,0,0,1,6.7443107048699265
Ozawa Bineshi Albert,1,1332.3,0.0,0,0,0,2.3890116577890543
P. Seth Yelorda,1,20.77,0.0,0,0,0,0.03687294378318504
P.J. Parmar,1,853.83,0.0,0,0,0,1.5309086708269657
P.W. Singer,1,297.1,0.0,0,0,1,6.365807067445744
Pablo Santa Cruz,1,23.69,0.0,0,0,0,0.04210976264733388
Paddy Ashdown,1,241.5,0.0,0,0,1,6.266092297292772
Paige Alexander,1,876.7,0.0,0,0,0,1.5719244404924053
Palmer Luckey,1,6755.88,100.0,1,1,1,53.78265239187729
Pam Warhurst,1,309.93,0.0,0,0,0,0.5554614858233498
Pamela Meyer,1,6634.01,100.0,1,1,1,53.5640869415438
Pamela Ronald,1,572.84,0.0,0,0,1,6.8603277638842375
Pamelia Kurstin,1,353.59,0.0,0,0,1,6.46711799129361
Pankaj Ghemawat,1,230.56,0.0,0,0,1,6.246472160863393
Panti Bliss,1,292.96,0.0,0,0,1,6.358382262617806
Alejandro Nespral,1,8.34,0.0,0,0,0,0.014580594988195252
Paolo Bortolameolli,1,336.45,0.0,0,0,0,0.6030232790689756
Paolo Cardini,1,610.26,0.0,0,0,0,1.0940826534500014
Paolo Gaudiano,1,614.6,0.0,0,0,0,1.1018661445015103
Alejandro Sánchez Alvarado,1,440.15,0.0,0,0,1,6.622357388855502
Aleph Molinari,1,58.34,0.0,0,0,0,0.10425215088115498
Alessandra Orofino,1,239.34,0.0,0,0,0,0.42886318321366923
Particle Ink,1,275.85,0.0,0,0,0,0.4943413533267085
Parul Sehgal,1,559.42,0.0,0,0,1,6.836259918282568
Pat Crowley,1,7.94,0.0,0,0,1,5.847218525405578
Alessandro Acquisti,1,342.71,0.0,0,0,0,0.6142501578667741
Patience Mthunzi,1,349.69,0.0,0,0,0,0.6267683070694313
Patrice Thompson,1,28.71,0.0,0,0,0,0.05111278685898704
Patricia Burchat,1,266.58,0.0,0,0,1,6.3110715497286805
Patricia Kuhl,1,874.14,0.0,0,0,1,7.400688559695213
Patricia Ryan,1,494.85,0.0,0,0,0,0.887102768137872
Patricia Villarrubia-Gómez,1,1379.6,0.0,0,0,0,2.4738409496637943
Patrick Awuah,1,316.22,0.0,0,0,1,6.400097470419211
Alex Amouyel,1,1290.11,0.0,0,0,0,2.313346798926575
Patrick Ferrucci,1,26.88,0.0,0,0,0,0.04783080791330471
Patrick Forth,1,18.07,0.0,0,0,0,0.032030679764965216
Patrick Lencioni,1,501.75,0.0,0,0,1,6.732832745715628
Patrick Talty,1,4137.82,100.0,1,1,0,43.25398681659033
Patrisse Cullors,1,472.15,0.0,0,0,1,6.679747184626995
Patrícia Medici,1,416.74,0.0,0,0,1,6.580373166386417
Pattie Gonia,1,1208.11,0.0,0,0,1,7.999640750126649
Pattie Maes + Pranav Mistry,1,1890.89,0.0,0,0,1,9.22415964877855
Alex Apella,1,43.94,0.0,0,0,0,0.07842674278398257
Pau Aleikum Garcia,1,1150.77,0.0,0,0,0,2.063450106964075
"Paul ""Triple H"" Levesque",1,4137.82,100.0,1,1,1,49.08734211945485
Paul A. Kramer,1,955.99,0.0,0,0,0,1.7141255938274609
Paul Bennett,1,152.77,0.0,0,0,0,0.2736058513405987
Alex Budak,1,255.11,0.0,0,0,0,0.45714559194230864
Paul Catchlove,1,2354.78,100.0,1,1,0,40.056227396202665
Paul Cater Deaton,1,2.3,0.0,0,0,0,0.003748271036325716
Alex Carter,1,1435.36,0.0,0,0,0,2.573842668795623
Paul Conneally,1,86.2,0.0,0,0,1,5.987572444689239
Paul Debevec,1,156.43,0.0,0,0,1,6.11352511209649
Paul Ewald,1,109.59,0.0,0,0,0,0.1961654956714387
Paul Franklin,1,25.22,0.0,0,0,0,0.044853712257658454
Paul Gilding,1,321.03,0.0,0,0,1,6.408723874096115
Paul Greenberg,1,468.01,0.0,0,0,0,0.8389670769345312
Paul Hessburg,1,516.21,0.0,0,0,0,0.9254104568153442
Paul Hudson,1,1096.34,0.0,0,0,1,7.799188954083528
Paul Kemp-Robertson,1,314.24,0.0,0,0,0,0.5631911739413229
Paul Knoepfler,1,595.83,0.0,0,0,1,6.901558745283822
Paul Lewis,1,67.1,0.0,0,0,0,0.11996260747360155
Alex Edmans,1,793.35,0.0,0,0,1,7.255797259683369
Paul McEuen,1,179.11,0.0,0,0,1,6.154200129849538
Paul Moller,1,81.6,0.0,0,0,1,5.979322661547087
Paul Nicklen,1,498.01,0.0,0,0,1,6.726125313334834
Paul O'Connell,1,6.2,0.0,0,0,1,5.844097955260504
Paul Pholeros,1,318.71,0.0,0,0,1,6.404563113902681
Paul Piff,1,937.2,0.0,0,0,0,1.6804270231228866
Alex Honnold,1,5235.1,100.0,1,1,1,51.05523821645939
Paul Root Wolpe,1,322.38,0.0,0,0,1,6.411145006105225
Alex Keshavarzi,1,1261.98,0.0,0,0,0,2.262897581581196
Alex Kipman,1,1116.01,0.0,0,0,1,7.834465744171816
Paul Sereno,1,151.82,0.0,0,0,1,6.10525739464316
Paul Snelgrove,1,76.71,0.0,0,0,0,0.13719748051622838
Paul Stamets,1,1391.2,0.0,0,0,1,8.32800005349549
Paul Tasner,1,898.36,0.0,0,0,0,1.6107701585052352
Paul Tudor Jones II,1,545.18,0.0,0,0,1,6.810721459164252
Paul Zak,1,382.38,0.0,0,0,1,6.518750873176775
Paula Hammond,1,480.66,0.0,0,0,0,0.8616539805754501
Paula Johnson,1,299.25,0.0,0,0,1,6.36966294434914
Alex Koster,1,1349.78,0.0,0,0,0,2.4203608337292333
Pavan Sukhdev,1,178.76,0.0,0,0,1,6.153572428958286
Pawan Sinha,1,173.37,0.0,0,0,1,6.143905835233026
Payton M. Wilkins,1,1023.66,0.0,0,0,0,1.8354870775729928
Peace Itimi,1,1017.84,0.0,0,0,0,1.8250493084670523
Peachy Liv,1,1212.6,0.0,0,0,0,2.1743379529813085
Pearl Arredondo,1,273.27,0.0,0,0,0,0.4897143010426316
Peggy Chan,1,3.87,0.0,0,0,0,0.006563957891364651
Peggy McIntosh,1,276.4,0.0,0,0,1,6.328683043306059
Peggy Orenstein,1,1481.31,0.0,0,0,1,8.48960613152578
Peggy Shepard,1,1453.82,0.0,0,0,1,8.44030471009583
Peggy Weil,1,4.03,0.0,0,0,1,5.84020620973475
Pelonomi Moiloa,1,17.18,0.0,0,0,0,0.03043452607007053
Penelope Boston,1,118.05,0.0,0,0,1,6.044693225793055
Penny Chisholm,1,579.83,0.0,0,0,1,6.872863847398074
Per Espen Stoknes,1,1154.8,0.0,0,0,1,7.904032937233573
Percy Liang,1,24.28,0.0,0,0,0,0.04316788700687081
Pere Estupinyà,1,271.32,0.0,0,0,1,6.319572413227332
Pete Alcorn,1,99.87,0.0,0,0,0,0.17873334520584735
Pete Buttigieg,1,52.74,0.0,0,0,1,5.927564239485672
Pete Stavros,1,1173.76,0.0,0,0,1,7.938036391228185
Peter Attia,1,1119.04,0.0,0,0,1,7.83989984045893
Peter Beck,1,222.31,0.0,0,0,1,6.2316763541410545
Peter Biddle,1,23.39,0.0,0,0,1,5.874927036176503
Peter Calthorpe,1,1278.48,0.0,0,0,1,8.125844497890402
Alex Laskey,1,295.24,0.0,0,0,0,0.5291159827019981
Peter Donnelly,1,210.09,0.0,0,0,1,6.209760625880815
Peter Doolittle,1,675.43,0.0,0,0,0,1.2109605594008852
Peter Eigen,1,161.87,0.0,0,0,1,6.123281377377645
Alex Luebke,1,1052.83,0.0,0,0,0,1.887801463280945
Peter Haas,1,74.17,0.0,0,0,0,0.13264216547686605
Peter Harris,1,9.95,0.0,0,0,0,0.017468019087948553
Peter Kirn,1,4.13,0.0,0,0,0,0.007030249982008043
Peter McGraw,1,3643.98,100.0,1,1,1,48.20167409621127
Peter McIndoe,1,2769.74,100.0,1,1,1,46.633784875734044
Peter Molyneux,1,157.85,0.0,0,0,1,6.11607178428385
Peter Norvig,1,262.08,0.0,0,0,1,6.3030011096983145
Peter Ouko,1,383.52,0.0,0,0,0,0.6874400817866078
Peter Pomerantsev,1,1638.97,0.0,0,0,1,8.772358481567462
Peter Saul,1,260.19,0.0,0,0,1,6.29961152488556
Peter Singer,1,845.98,0.0,0,0,1,7.350185539416297
Peter Tyack,1,104.36,0.0,0,0,0,0.18678585092503514
Peter Ward,1,194.56,0.0,0,0,0,0.3485533377559345
Peter Weinstock,1,347.49,0.0,0,0,0,0.622822758610141
Peter Wilczynski,1,2473.18,100.0,1,1,0,40.2685696405572
Peter van Manen,1,199.8,0.0,0,0,0,0.35795091681351665
Peter van Uhm,1,1039.46,0.0,0,0,1,7.6971785920996965
Petter Johansson,1,622.35,0.0,0,0,0,1.1157652356649193
Phebe Vayanos,1,8.04,0.0,0,0,0,0.014042565652837492
Phil Borges,1,159.45,0.0,0,0,1,6.118941274072426
Phil Hansen,1,671.17,0.0,0,0,0,1.203320542838805
Alex Rosenthal,1,1022.66,0.0,0,0,0,1.8336936464551332
Phil Tetlow,1,6.35,0.0,0,0,0,0.011011667063655453
Philip Evans,1,442.97,0.0,0,0,0,0.794059561743337
Philip Johns,1,1352.51,0.0,0,0,1,8.258612203545516
Philip K. Howard,1,138.95,0.0,0,0,1,6.082175936156312
Philip Krinks,1,17.12,0.0,0,0,0,0.030326920202998986
Philip Lubin,1,192.18,0.0,0,0,0,0.3442849716954296
Alex Smith,1,2040.55,0.0,0,0,1,9.492564549877356
Philipp Carlsson-Szlezak,1,895.99,0.0,0,0,0,1.6065197267559093
Philipp Gerbert,1,16.7,0.0,0,0,0,0.029573679133498117
Philippa Neave,1,277.02,0.0,0,0,0,0.4964396677346035
Philippe Petit,1,165.52,0.0,0,0,1,6.12982740095783
Philippe Starck,1,375.77,0.0,0,0,1,6.506896293487727
Philippe Villeneuve,1,2125.33,0.0,0,0,0,3.8112563371849317
Phillip Picardi,1,12.06,0.0,0,0,1,5.854607461611159
Phnam Bagley,1,1349.84,0.0,0,0,0,2.4204684395963043
Pia Heidenmark Cook,1,90.63,0.0,0,0,0,0.16216204167682838
Pia Mancini,1,340.17,0.0,0,0,1,6.443050145691939
Alex Tabarrok,1,161.03,0.0,0,0,1,6.1217748952386435
Pierre Barreau,1,616.72,0.0,0,0,0,1.105668218471372
Pierre Thiam,1,426.38,0.0,0,0,1,6.59766184236258
Pilobolus,1,704.23,0.0,0,0,1,7.0959666784597575
Pinky Cole,1,1923.18,0.0,0,0,1,9.282069539574223
Piyachart Phiromswad,1,1039.35,0.0,0,0,0,1.8636260118122034
Platon,1,552.3,0.0,0,0,0,0.9901353858588825
Ples Felix,1,415.44,0.0,0,0,0,0.7446864030686734
Poet Ali,1,456.22,0.0,0,0,0,0.8178225240549712
Poppy Crum,1,653.49,0.0,0,0,0,1.1716126806750544
Pranav Mistry,1,3358.87,100.0,1,1,1,47.690348950198434
Pratik Shah,1,647.43,0.0,0,0,1,6.994099790965355
Prince William,1,1037.46,0.0,0,0,1,7.693591729863977
Priscilla Chomba-Kinywa,1,1440.47,0.0,0,0,0,2.5830071018078833
Priscilla Pemu,1,1038.16,0.0,0,0,1,7.694847131646479
Priti Krishtel,1,1097.0,0.0,0,0,1,7.800372618621313
Priya Parker,1,845.83,0.0,0,0,0,1.516561221884092
Priya Vulchi,1,637.09,0.0,0,0,0,1.1422004103421637
Alex Wissner-Gross,1,510.28,0.0,0,0,0,0.9147754102864392
Prumsodun Ok,1,613.17,0.0,0,0,0,1.0993015380029716
Punya Mishra,1,1810.48,0.0,0,0,0,3.246594549726964
Péter Fankhauser,1,123.05,0.0,0,0,0,0.22030507851782347
Qi Wu 吴琪,1,2.57,0.0,0,0,0,0.004232497438147699
Qi Zhang,1,152.2,0.0,0,0,0,0.27258359560341894
Qiuqing Tai,1,211.18,0.0,0,0,0,0.3783601629347543
Qudus Onikeku,1,67.33,0.0,0,0,1,5.953730399495237
Quixotic Fusion,1,341.53,0.0,0,0,0,0.6121339091477002
Quyen Nguyen,1,247.55,0.0,0,0,1,6.276942555555822
R. Alan Brooks,1,1631.81,0.0,0,0,0,2.9261622118990616
R. Luke DuBois,1,392.4,0.0,0,0,1,6.536721052977724
R.A. Mashelkar,1,138.63,0.0,0,0,1,6.0816020381985965
Rabbi Lord Jonathan Sacks,1,464.59,0.0,0,0,0,0.8328335425114526
Rabiaa El Garani,1,821.89,0.0,0,0,0,1.4736264809225428
Rach Ranton,1,6.45,0.0,0,0,0,0.011191010175441374
Rachel Armstrong,1,241.84,0.0,0,0,1,6.266702063872845
Alexa Meade,1,647.4,0.0,0,0,1,6.994045988031819
Rachel Kleinfeld,1,623.06,0.0,0,0,1,6.950393874623126
Rachel Kyte,1,1230.92,0.0,0,0,1,8.040548913925017
Rachel Pike,1,269.18,0.0,0,0,0,0.4823791677705876
Rachel Sussman,1,326.76,0.0,0,0,1,6.419000234401448
Rachel Wurzman,1,772.24,0.0,0,0,0,1.3845826259208338
Rachelle Garniez,1,73.78,0.0,0,0,0,0.13194272734090096
Radhika Nagpal,1,441.42,0.0,0,0,1,6.624635046375182
Rafael Chiuzi,1,2372.86,100.0,1,1,0,40.08865263081356
Alexander Belcredi,1,662.08,0.0,0,0,0,1.187018253977465
Alexander Leitner,1,16.44,0.0,0,0,0,0.029107387042854732
Raghuram Rajan,1,18.18,0.0,0,0,1,5.865583260052457
Rahul Mehrotra,1,866.91,0.0,0,0,1,7.387722052713092
Rahwa Ghirmatzion,1,727.69,0.0,0,0,0,1.3046852696202067
Rainer Strack,1,546.04,0.0,0,0,0,0.9789085070610839
Rainn Wilson,1,491.91,0.0,0,0,1,6.715185383515893
Raj Jayadev,1,761.0,0.0,0,0,1,7.197779763020624
Alexander MacDonald,1,749.18,0.0,0,0,0,1.3432261043430007
Raja Rajamannar,1,1300.38,0.0,0,0,0,2.3317653365069893
Rajeev Ronanki,1,21.37,0.0,0,0,0,0.03794900245390056
Rajesh Rao,1,478.76,0.0,0,0,1,6.691601764316045
Rajiv Maheswaran,1,786.62,0.0,0,0,0,1.4103721653956491
Ralph Chami,1,1534.43,0.0,0,0,0,2.7515178896419332
Ralph Langner,1,325.48,0.0,0,0,0,0.5833493397060602
Ralph Nader,1,104.63,0.0,0,0,1,6.020625380191384
Ramanan Laxminarayan,1,278.83,0.0,0,0,1,6.333041080922455
Ramesh Raskar,1,1176.89,0.0,0,0,1,7.943649830627083
Ramez Naam,1,1440.81,0.0,0,0,1,8.416972171252482
Ramona Pierson,1,85.04,0.0,0,0,0,0.1521367617279955
Ramsey Musallam,1,762.59,0.0,0,0,0,1.3672760156334929
Ramón Méndez Galain,1,907.06,0.0,0,0,1,7.459728312095139
Rana Abdelhamid,1,821.82,0.0,0,0,1,7.306856243608821
Rana Novack,1,5.14,0.0,0,0,0,0.008841615411045828
Rana el Kaliouby,1,485.26,0.0,0,0,1,6.703259066582129
Randall Munroe,1,1072.53,0.0,0,0,1,7.756487359167299
Randy Seriguchi Jr.,1,956.9,0.0,0,0,0,1.7157576161447128
Rania Bahaa,1,3.36,0.0,0,0,0,0.005649308021256462
Ranveer Chandra,1,33.87,0.0,0,0,1,5.893722194291668
Raphael Arar,1,487.56,0.0,0,0,0,0.8740286552886785
Raphael Rose,1,205.05,0.0,0,0,0,0.36736643018227744
Alexander McLean,1,5.02,0.0,0,0,0,0.008626403676902724
Rasmus Ankersen,1,1446.11,0.0,0,0,1,8.426477356177136
Raspyni Brothers,1,134.05,0.0,0,0,0,0.24003282081427463
Alexander Tsiaras,1,1782.97,0.0,0,0,1,9.030612562539185
Ravin Agrawal,1,91.23,0.0,0,0,0,0.1632381003475439
Ray Anderson,1,222.15,0.0,0,0,0,0.3980341022976696
Ray Dalio,1,1330.13,0.0,0,0,1,8.218475215127826
Alexander Tuerpitz,1,3.63,0.0,0,0,0,0.006133534423078446
Ray Zahab,1,66.4,0.0,0,0,1,5.952062508555627
Rayma Suprani,1,237.7,0.0,0,0,1,6.259277259044908
Raymond Tang,1,1626.29,0.0,0,0,0,2.916262472128479
Raymond Wang,1,548.12,0.0,0,0,1,6.81599414665076
Read Montague,1,171.75,0.0,0,0,1,6.141000476822094
Alexander Wagner,1,669.68,0.0,0,0,1,7.034003633337722
Rebecca Collyer,1,918.23,0.0,0,0,0,1.6464056348170977
Rebecca Darwent,1,1199.26,0.0,0,0,0,2.1504135818690666
Rebecca Firth,1,920.82,0.0,0,0,0,1.6510506214123528
Rebecca Galemba,1,1304.39,0.0,0,0,0,2.3389569952896045
Rebecca Henderson,1,959.68,0.0,0,0,1,7.554098657516889
Rebecca Knill,1,1496.73,0.0,0,0,0,2.6839055364986417
Rebecca Love,1,87.57,0.0,0,0,0,0.15667414245617922
Alexandr Wang,1,1534.79,0.0,0,0,1,8.58551882770889
Rebecca McMackin,1,2153.79,0.0,0,0,0,3.8622973867992045
Rebecca Newberger Goldstein,1,279.85,0.0,0,0,1,6.334870380662673
Alexandra Auer,1,1051.12,0.0,0,0,0,1.884734696069406
Rebecca Saxe,1,611.28,0.0,0,0,1,6.929267256054746
Rebekah Shirley,1,1313.7,0.0,0,0,0,2.3556538389968735
Reed Hastings,1,926.09,0.0,0,0,1,7.493857306268
Reed J. Williams,1,827.1,0.0,0,0,0,1.4829702570465892
Reed Kroloff,1,53.58,0.0,0,0,0,0.09571541876014522
Reeps One,1,273.92,0.0,0,0,1,6.3242353341337685
Alexandra Sacks,1,902.21,0.0,0,0,0,1.6176748683089937
Alexandria Holder,1,24.6,0.0,0,0,0,0.04374178496458576
Regina Dugan,1,364.58,0.0,0,0,1,6.486827799278883
Regina Mossotti,1,17.93,0.0,0,0,0,0.03177959940846493
Rei,1,221.79,0.0,0,0,1,6.230743769959767
Reid Hoffman,1,25.99,0.0,0,0,1,5.879589957082937
Renata Salecl,1,406.59,0.0,0,0,1,6.562169840540147
Renata di Tullio,1,3.41,0.0,0,0,0,0.005738979577149422
Renee Montgomery,1,810.62,0.0,0,0,1,7.286769815088798
Reniqua Allen,1,961.38,0.0,0,0,0,1.7237921875527216
Alexis Charpentier,1,361.5,0.0,0,0,0,0.6479487285713483
Renzo Piano,1,613.56,0.0,0,0,1,6.933356279003465
Alexis Gambis,1,19.68,0.0,0,0,1,5.868273406729245
Renée Lertzman,1,1076.6,0.0,0,0,0,1.9304313209524582
Reshma Saujani,1,1689.01,0.0,0,0,1,8.862101774705135
Alexis Jones,1,435.79,0.0,0,0,1,6.614538029181635
Resson Kantai Duff,1,1237.83,0.0,0,0,1,8.052941522949425
Reuben Jonathan Miller,1,1239.51,0.0,0,0,1,8.055954487227426
Reuben Margolin,1,145.57,0.0,0,0,0,0.26069314729201254
Rev. Liz Theoharis,1,6.41,0.0,0,0,0,0.011119272930727007
Rev. William Barber,1,6.41,0.0,0,0,0,0.011119272930727007
Reza Varzidehkar,1,64.84,0.0,0,0,0,0.11590945314723976
Rha Goddess,1,1966.95,0.0,0,0,0,3.5272127167383918
Rhaina Cohen,1,1716.6,0.0,0,0,0,3.0782272363823426
Rhiannon Giddens,1,547.25,0.0,0,0,1,6.814433861578221
Ric Elias,1,1670.3,0.0,0,0,1,8.828546678489989
Ricardo Coler,1,59.53,0.0,0,0,0,0.10638633391140742
Ricardo Iacub,1,428.75,0.0,0,0,0,0.7685569712473792
Ricardo Semler,1,1017.39,0.0,0,0,1,7.657597567328543
Riccardo Loconte,1,1182.96,0.0,0,0,0,2.1211806546479623
Riccardo Sabatini,1,607.23,0.0,0,0,0,1.088648557162888
Rich Benjamin,1,1043.78,0.0,0,0,1,7.704926214528847
Rich Powell,1,949.77,0.0,0,0,0,1.7029704522743765
Richard Baraniuk,1,166.25,0.0,0,0,1,6.131136605673868
Richard Bona,1,408.95,0.0,0,0,1,6.566402337978294
Richard Branson,1,306.38,0.0,0,0,1,6.382450108219477
Richard Browning,1,509.09,0.0,0,0,0,0.9126412272561869
Alexis Nikole Nelson,1,1780.74,0.0,0,0,1,9.026613211146358
Richard J. Berry,1,473.24,0.0,0,0,1,6.681702024545462
Richard Ledgett,1,303.77,0.0,0,0,1,6.3777692530018655
Richard Neville,1,12.15,0.0,0,0,0,0.021413567547238783
Richard Preston,1,135.0,0.0,0,0,1,6.075091883240768
Richard Pyle,1,77.88,0.0,0,0,1,5.972651097788651
Richard Reeves,1,1398.54,0.0,0,0,0,2.5078085350360473
Richard Resnick,1,213.44,0.0,0,0,0,0.382413317261116
Richard Sears,1,127.77,0.0,0,0,0,0.22877007339411884
Richard Seymour,1,233.58,0.0,0,0,1,6.251888322839328
Richard Socher,1,29.41,0.0,0,0,0,0.052368188641488476
Alexis Ohanian,1,416.86,0.0,0,0,1,6.580588378120561
Richard Thompson Ford,1,1163.32,0.0,0,0,1,7.919312970357735
Richard Turere,1,708.42,0.0,0,0,1,7.103481154843588
Richard Weller,1,267.78,0.0,0,0,1,6.313223667070112
Alexis Powell-Howard,1,133.42,0.0,0,0,0,0.2389029592100233
Rick Doblin,1,1830.94,0.0,0,0,1,9.11664345326289
Rick Falkvinge,1,46.84,0.0,0,0,1,5.916982995890301
Rick Guidotti,1,43.5,0.0,0,0,0,0.07763763309212453
Rick Warren,1,630.93,0.0,0,0,1,6.9645081775206785
Riitta Ikonen,1,95.7,0.0,0,0,0,0.1712547374443745
Riley Moynes,1,1431.72,0.0,0,0,0,2.5673145795266152
Risa Wechsler,1,453.98,0.0,0,0,1,6.647160541215494
Rishi Manchanda,1,600.14,0.0,0,0,0,1.0759331305372666
Rita Pierson,1,3673.53,100.0,1,1,0,42.42131468287948
Ali Carr-Chellman,1,284.34,0.0,0,0,0,0.509567583517333
Rob Bredow,1,2865.81,100.0,1,1,1,46.80607980322678
Rob Cooke,1,1503.49,0.0,0,0,0,2.69602913085537
Rob Dunbar,1,122.39,0.0,0,0,0,0.2191214139800364
Rob Forbes,1,73.73,0.0,0,0,1,5.965208358649535
Rob Harmon,1,134.76,0.0,0,0,0,0.24130615690795462
Rob Hopkins,1,169.62,0.0,0,0,1,6.137180468541054
Rob Knight,1,593.47,0.0,0,0,0,1.0639709449811456
Rob Legato,1,432.06,0.0,0,0,1,6.607848531112021
Ali Hajimiri,1,1499.45,0.0,0,0,1,8.522138972003745
Rob Toews,1,1112.1,0.0,0,0,0,1.9940981256364592
Rob Wang,1,52.59,0.0,0,0,0,0.09393992195346462
Robb Willer,1,932.72,0.0,0,0,1,7.505747754579405
Robert Ballard,1,282.94,0.0,0,0,1,6.340412082816857
Robert C. Green,1,3658.49,100.0,1,1,1,48.2276967817314
Robert Fischell,1,81.64,0.0,0,0,1,5.979394398791802
Ali Kashani,1,821.49,0.0,0,0,0,1.4729091084753991
Robert Gordon,1,285.87,0.0,0,0,0,0.5123115331276575
Ali Noorani,1,1322.25,0.0,0,0,1,8.204342977919096
Robert Gupta + Joshua Roman,1,178.3,0.0,0,0,0,0.31939214777954394
Robert Hakiza,1,350.21,0.0,0,0,1,6.461056194115246
Robert Hammond,1,185.99,0.0,0,0,0,0.3331836330758812
Robert Katzschmann,1,1291.42,0.0,0,0,0,2.315696193690971
Robert Lang,1,469.28,0.0,0,0,0,0.8412447344542124
Alice Bows-Larkin,1,364.08,0.0,0,0,1,6.485931083719952
Alice Dreger,1,255.55,0.0,0,0,1,6.291290004498694
Robert Prill,1,3.33,0.0,0,0,0,0.005595505087720687
Robert Sapolsky,1,929.14,0.0,0,0,1,7.499327271177469
Robert Strong,1,9.33,0.0,0,0,0,0.016356091794875852
Robert Swan,1,281.66,0.0,0,0,1,6.338116490985998
Alice Goffman,1,609.22,0.0,0,0,1,6.925572787951956
Robert Waldinger,1,8558.23,100.0,1,1,1,57.015042967150805
Alice Gorman,1,22.24,0.0,0,0,1,5.872864590390965
Roberto D'Angelo + Francesca Fedeli,1,287.0,0.0,0,0,1,6.3476934131553655
Alice Pailhès,1,217.33,0.0,0,0,0,0.3893897643095883
Robin Hanson,1,500.72,0.0,0,0,1,6.730985511664232
Alice Rawsthorn,1,346.58,0.0,0,0,1,6.454546039157416
Robin Hooker,1,3.86,0.0,0,0,0,0.0065460235801860596
Robin Ince,1,168.39,0.0,0,0,1,6.134974548266086
Robin Kramer,1,1100.7,0.0,0,0,0,1.973653010892865
Robin Morgan,1,298.25,0.0,0,0,1,6.367869513231282
Robin Murphy,1,331.24,0.0,0,0,1,6.427034805809456
Robin Nagle,1,422.85,0.0,0,0,0,0.75797572765201
Alicia Chong Rodriguez,1,1272.32,0.0,0,0,1,8.114796962204387
Robyn Stein DeLuca,1,418.03,0.0,0,0,0,0.7493313896639286
Rochelle King,1,47.23,0.0,0,0,0,0.08432713116173932
Rocío Lorenzo,1,847.49,0.0,0,0,0,1.5195383175397381
Rodin Lyasoff,1,627.5,0.0,0,0,0,1.125001405921894
Alicia Eggert,1,119.38,0.0,0,0,1,6.047078489179808
Rodney Mullen,1,754.65,0.0,0,0,1,7.186391475422218
Rodrigo,1,1011.52,0.0,0,0,1,7.647070126666709
Rodrigo Bijou,1,406.23,0.0,0,0,0,0.7281689024731902
Rodrigo Canales,1,585.62,0.0,0,0,0,1.049892510705951
Roger Antonsen,1,1352.81,0.0,0,0,0,2.4257949300163464
Roger Doiron,1,100.77,0.0,0,0,0,0.1803474332119206
Roger Ebert,1,254.24,0.0,0,0,1,6.288940609734299
Roger Hanlon,1,426.18,0.0,0,0,1,6.5973031561390085
Roger Hu,1,1564.72,0.0,0,0,0,2.8058409182018886
Roger McNamee,1,79.85,0.0,0,0,1,5.976184157090833
Roger Stein,1,225.5,0.0,0,0,0,0.404042096542498
Rogier van der Heide,1,124.86,0.0,0,0,1,6.056906491705676
Rohan Pavuluri,1,987.62,0.0,0,0,0,1.7708518200853471
Alicia Garza,1,472.15,0.0,0,0,1,6.679747184626995
Rola Hallam,1,443.86,0.0,0,0,1,6.6290110183027595
Romain Lacombe,1,795.88,0.0,0,0,0,1.4269793375470252
Romaine Seguin,1,8.61,0.0,0,0,0,0.015064821390017235
Alicia Malone,1,20.92,0.0,0,0,1,5.870497261315391
Roman Mars,1,1855.06,0.0,0,0,1,9.159901011825653
Romina Libster,1,210.79,0.0,0,0,0,0.3776607247987892
Romulus Whitaker,1,93.26,0.0,0,0,1,6.000234068381325
Ron Eglash,1,287.12,0.0,0,0,1,6.347908624889509
Ron Finley,1,995.53,0.0,0,0,1,7.618393163092141
Ron Gutman,1,1244.58,0.0,0,0,0,2.2316918801304455
Ron McCallum,1,170.35,0.0,0,0,1,6.13848967325709
Ronald Murray,1,73.62,0.0,0,0,1,5.965011081226571
Ronald Rael,1,682.97,0.0,0,0,1,7.057838332894072
Ronald Sullivan,1,317.22,0.0,0,0,0,0.5685355986725433
Ronny Edry,1,458.27,0.0,0,0,1,6.65485436071111
Rory Bremner,1,212.97,0.0,0,0,1,6.214925707500249
Aline Sousa,1,914.63,0.0,0,0,0,1.6399492827928048
Alisa Kazarina,1,12.42,0.0,0,0,0,0.021897793949060766
Rosalind G. Brewer,1,961.77,0.0,0,0,1,7.557846928553215
Rosalind Picard,1,850.09,0.0,0,0,1,7.357556541310699
Rosamund Adoo-Kissi-Debrah,1,1254.42,0.0,0,0,1,8.082694545194707
Rosanne Cash,1,1300.87,0.0,0,0,1,8.165999420619267
Rosanne Haggerty,1,15.41,0.0,0,0,1,5.860615455855987
Rosario Perazolo Masjoan,1,43.29,0.0,0,0,0,0.0772610125573741
Alisa Miller,1,370.55,0.0,0,0,0,0.6641792801879741
Rose Goslinga,1,187.91,0.0,0,0,1,6.169982323686699
Alison Darcy,1,1750.9,0.0,0,0,1,8.973097226589442
Roselinde Kaiser,1,97.26,0.0,0,0,0,0.17405248998823486
Roselinde Torres,1,1739.3,0.0,0,0,0,3.118938122757746
Rosie King,1,805.22,0.0,0,0,1,7.277085287052357
Rosie Sargeant,1,1712.04,0.0,0,0,0,3.0700491904849048
Rosita Najmi,1,1233.92,0.0,0,0,0,2.212573904414067
Ross Lovegrove,1,194.06,0.0,0,0,1,6.181011925061532
Rowan Fitzpatrick,1,1.04,0.0,0,0,0,0.0014885478278231317
Roxane Gay,1,569.08,0.0,0,0,1,6.853584462881088
Roy Bahat,1,908.09,0.0,0,0,1,7.461575546146533
Roy Gould + Curtis Wong,1,179.7,0.0,0,0,1,6.155258254209074
Roz Savage,1,128.21,0.0,0,0,1,6.062914485950504
RuPaul Charles,1,971.78,0.0,0,0,1,7.5757991740429835
Ruby Sales,1,732.95,0.0,0,0,1,7.147474020164673
Ruby Wax,1,671.56,0.0,0,0,1,7.037375283839298
Ruchi Shah,1,6.74,0.0,0,0,0,0.01171110519962054
Rufus Griscom + Alisa Volkman,1,497.3,0.0,0,0,0,0.891496674376627
Rufus Wainwright,1,9.58,0.0,0,0,1,5.850159752438868
Ruha Benjamin,1,1127.68,0.0,0,0,1,7.855395085317234
Rumman Chowdhury,1,1003.39,0.0,0,0,1,7.632489531678514
Rupal Patel,1,241.84,0.0,0,0,1,6.266702063872845
Russ Altman,1,525.49,0.0,0,0,1,6.775408800453604
Russell Foster,1,2026.31,0.0,0,0,1,9.467026090759042
Russell Wilson,1,1507.94,0.0,0,0,1,8.537365202194371
Rutger Bregman,1,1392.35,0.0,0,0,1,8.330062499281027
Ruth Chang,1,2415.84,100.0,1,1,1,45.99908960312367
Ryah Whalen,1,1296.83,0.0,0,0,0,2.3253986560385886
Ryan Gersava,1,1292.5,0.0,0,0,0,2.3176330992982583
Ryan Gilliam,1,1318.41,0.0,0,0,0,2.3641008995619903
Ryan Gravel,1,281.07,0.0,0,0,1,6.337058366626461
Ryan Heffington,1,1464.46,0.0,0,0,1,8.459386817189854
Ryan Holladay,1,319.47,0.0,0,0,0,0.5725708186877265
Ryan Lobo,1,106.41,0.0,0,0,0,0.19046238471664645
Alison Gopnik,1,1104.35,0.0,0,0,1,7.813554337337577
Ryan Merkley,1,156.48,0.0,0,0,0,0.28025948078785634
Ryan Panchadsaram,1,1097.41,0.0,0,0,1,7.801107925379636
Ryan Pfluger,1,25.27,0.0,0,0,0,0.04494338381355141
Ryan Phelan,1,1192.25,0.0,0,0,1,7.971196932597402
Ryan Pullen,1,988.91,0.0,0,0,0,1.7731653462273855
Rébecca Kleinberger,1,1527.62,0.0,0,0,0,2.739304623729312
Saad Bhamla,1,1309.29,0.0,0,0,0,2.347744807767114
Saamra Mekuria-Grillo,1,1129.54,0.0,0,0,0,2.025375564331924
Sabine Doebel,1,2080.02,0.0,0,0,0,3.7299959732347316
Sadasivan Shankar,1,2.81,0.0,0,0,0,0.0046629209064339055
Safeena Husain,1,850.66,0.0,0,0,1,7.35857879704788
Safi Rauf,1,1396.16,0.0,0,0,1,8.336895471840071
Safiya Sinclair,1,1922.43,0.0,0,0,1,9.28072446623583
Safwat Saleem,1,535.56,0.0,0,0,0,0.9601133489459197
Sagar Goel,1,954.88,0.0,0,0,0,1.7121348852866374
Sahar Zand,1,1256.99,0.0,0,0,1,8.087303663167607
Sahil Sethi,1,4.28,0.0,0,0,0,0.007299264649686923
Sajay Samuel,1,411.29,0.0,0,0,0,0.7372436639295576
Sakena Yacoobi,1,448.76,0.0,0,0,1,6.637798830780269
Saket Soni,1,839.32,0.0,0,0,0,1.5048859853068286
Saki Mafundikwa,1,185.45,0.0,0,0,0,0.3322151802722372
Alison Jackson,1,116.65,0.0,0,0,0,0.20882711936352463
Alison Ledgerwood,1,2871.58,100.0,1,1,0,40.983072597912305
Saleem Ali,1,980.91,0.0,0,0,0,1.758817897284512
Salil Dudani,1,382.61,0.0,0,0,0,0.685808059469356
Alison Quirk,1,4.22,0.0,0,0,0,0.00719165878261537
Sally Murphy,1,5.68,0.0,0,0,1,5.843165371079218
Salome Agbaroji,1,1379.64,100.0,1,1,0,38.307380975933455
Salvatore Cali,1,898.65,0.0,0,0,0,1.6112902535294145
Salvatore Iaconesi,1,317.73,0.0,0,0,0,0.5694502485426515
Sam Afoullouss,1,1484.84,0.0,0,0,0,2.662581640507296
Sam Altman,1,10825.08,100.0,1,1,1,61.080482296669935
Sam Berns,1,17673.89,100.0,1,1,1,73.36335127097516
Sam Gregory,1,1167.06,0.0,0,0,0,2.092665099874001
Alison Sander,1,20.56,0.0,0,0,0,0.0364963232484346
Sam Hester,1,1365.48,0.0,0,0,0,2.4485177022796227
Alix Generous,1,586.17,0.0,0,0,0,1.0508788978207733
Sam Martin,1,167.08,0.0,0,0,0,0.2992698506371638
Sam Richards,1,367.56,0.0,0,0,0,0.6588169211455751
Sam Rodriques,1,644.39,0.0,0,0,0,1.1552924575025358
Sam Van Aken,1,314.31,0.0,0,0,1,6.396672016984101
Sam Wang,1,1131.3,0.0,0,0,0,2.028532003099356
Samantha Nutt,1,335.53,0.0,0,0,1,6.434728625305072
Samantha Power,1,101.11,0.0,0,0,1,6.01431250265652
Samar Ali,1,896.71,0.0,0,0,0,1.607810997160768
Samir Ibrahim,1,1295.06,0.0,0,0,0,2.322224282959978
Samora Pinderhughes,1,83.3,0.0,0,0,1,5.982371494447449
Samuel Cohen,1,742.01,0.0,0,0,0,1.3303672032279505
Samy Nour Younes,1,887.27,0.0,0,0,0,1.5908810074081772
Sana Amanat,1,38.78,0.0,0,0,1,5.902527941080357
Sandeep Jauhar,1,1970.73,0.0,0,0,1,9.367347189228429
Sandersan Onie,1,1105.03,0.0,0,0,0,1.981418567633195
Sandi Toksvig,1,308.68,0.0,0,0,1,6.386574999790554
Sandra Aamodt,1,1254.5,0.0,0,0,0,2.249482716819609
Sandra Fisher-Martins,1,74.17,0.0,0,0,0,0.13264216547686605
Sandra Rey,1,8.12,0.0,0,0,0,0.014186040142266229
Sandrine Dixson-Declève,1,8.91,0.0,0,0,1,5.848958153589902
Sandrine Thuret,1,4038.17,100.0,1,1,0,43.07527140569565
Sanford Biggers,1,373.37,0.0,0,0,1,6.502592058804864
Sangeeta Bhatia,1,278.71,0.0,0,0,1,6.332825869188313
Allan Jones,1,284.62,0.0,0,0,0,0.5100697442303335
Sanjay Dastoor,1,429.95,0.0,0,0,0,0.7707090885888103
Sanjay Pradhan,1,112.51,0.0,0,0,0,0.20140231453558755
Sara DeWitt,1,644.72,0.0,0,0,0,1.1558842897714294
Sara Giusto,1,1210.83,0.0,0,0,0,2.171163579902698
Sara Jones,1,1063.55,0.0,0,0,0,1.907027044864396
Sara Lewis,1,256.13,0.0,0,0,1,6.292330194547052
Sara Lomelin,1,1317.88,0.0,0,0,0,2.363150381069525
Sara Menker,1,639.66,0.0,0,0,1,6.9801648311795885
Sara Ramirez,1,413.09,0.0,0,0,1,6.5738271428062305
Sara Sanford,1,1174.23,0.0,0,0,0,2.1055240009890515
Sara Seager,1,415.63,0.0,0,0,1,6.578382457845594
Sara Valencia Botto,1,398.44,0.0,0,0,0,0.7141980740650671
Sara-Jane Dunn,1,1211.69,0.0,0,0,0,2.1727059306640566
Sarah Aviram,1,1083.97,0.0,0,0,0,1.9436489082910808
Sarah Barmak,1,1071.26,0.0,0,0,0,1.9208543987830902
Sarah Bergbreiter,1,441.69,0.0,0,0,1,6.625119272777004
Sarah Blaffer Hrdy,1,1690.4,0.0,0,0,1,8.864594643958961
Sarah Brosnan,1,853.21,0.0,0,0,1,7.363152046398421
Sarah Cairns-Smith,1,4.08,0.0,0,0,0,0.006940578426115083
Sarah Corbett,1,448.88,0.0,0,0,1,6.638014042514412
Sarah Crawford-Bohl,1,2796.4,100.0,1,1,0,40.848242446471644
Sarah Donnelly,1,365.7,0.0,0,0,1,6.488836442130886
Sarah Dudas,1,39.16,0.0,0,0,0,0.06985414204061562
Sarah Edmondson,1,1877.82,0.0,0,0,1,9.200719504068129
Sarah Elizabeth Charles,1,108.14,0.0,0,0,1,6.02692032341507
Sarah Ellis,1,1223.01,0.0,0,0,0,2.1930075709182226
Sarah Gray,1,456.37,0.0,0,0,1,6.651446841587178
Sarah Guo,1,43.24,0.0,0,0,1,5.9105266438660085
Sarah J. Doherty,1,872.55,0.0,0,0,0,1.5644817013532895
Allan Savory,1,1949.24,0.0,0,0,1,9.328806354505632
Sarah Kaminsky,1,134.27,0.0,0,0,0,0.24042737566020364
Allison Hunt,1,98.59,0.0,0,0,0,0.17643775337498757
Sarah Kessans,1,20.87,0.0,0,0,0,0.03705228689497096
Sarah Klein,1,5.05,0.0,0,0,1,5.842035509474966
Sarah Kurnick,1,1086.96,0.0,0,0,0,1.9490112673334798
Sarah Lake,1,1411.8,0.0,0,0,0,2.53158943165886
Sarah Lewis,1,732.34,0.0,0,0,0,1.313024724318252
Sarah Longwell,1,939.87,0.0,0,0,1,7.518570787072099
Sarah Montana,1,459.37,0.0,0,0,0,0.8234718320762278
Sarah Murray,1,434.03,0.0,0,0,0,0.7780262875496757
Allison O'Brien,1,1109.96,0.0,0,0,0,1.9902601830442412
Sarah Rugheimer,1,1072.77,0.0,0,0,1,7.756917782635584
Sarah Sze,1,171.73,0.0,0,0,1,6.140964608199736
Sarah T. Stewart,1,1331.48,0.0,0,0,1,8.220896347136938
Sarah Willersdorf,1,23.4,0.0,0,0,0,0.041589667623154726
Sarah-Jayne Blakemore,1,944.09,0.0,0,0,1,7.526139066389464
Sarina Petersen,1,1733.83,0.0,0,0,0,3.1091280545430564
Sarvesh Subramanian,1,19.07,0.0,0,0,0,0.03382411088282441
Sasa Vucinic,1,101.77,0.0,0,0,1,6.015496167194308
Sasha Luccioni,1,3119.51,100.0,1,1,1,47.261073277827656
Sasha Sarago,1,1073.39,0.0,0,0,0,1.9246744070641304
Sathya Raghu Mokkapati,1,1292.94,0.0,0,0,0,2.3184222089901168
Allyson Felix,1,1293.06,0.0,0,0,1,8.151992723588787
Sauti Sol,1,126.07,0.0,0,0,1,6.0590765433582865
Sayu Bhojwani,1,321.97,0.0,0,0,1,6.410409699346902
Scarlet Keys,1,1584.21,0.0,0,0,0,2.840794890688964
Schuyler Bailar,1,19.29,0.0,0,0,1,5.86757396859328
Scilla Elworthy,1,272.35,0.0,0,0,1,6.321419647278728
Scott Dinsmore,1,2114.6,0.0,0,0,0,3.7920128212903017
Scott Fitsimones,1,1364.83,0.0,0,0,0,2.447351972053014
Scott Fraser,1,335.54,0.0,0,0,0,0.6013912567517238
Almudena Toral,1,1118.43,0.0,0,0,0,2.0054505446125086
Scott Loarie,1,2534.49,100.0,1,1,1,46.21188020525767
Scott McCloud,1,220.01,0.0,0,0,1,6.227551462569979
Scott Nguyen,1,7.76,0.0,0,0,1,5.846895707804364
Scott Rickard,1,911.06,0.0,0,0,0,1.633546733702047
Scott Shigeoka,1,1309.58,0.0,0,0,0,2.348264902791293
Scott Summit,1,42.6,0.0,0,0,1,5.909378847950579
Scott Szwast,1,52.02,0.0,0,0,0,0.09291766621628487
Alok Sharma,1,545.84,0.0,0,0,1,6.81190512370204
Sean Carroll,1,351.63,0.0,0,0,0,0.6302475634380782
Sean Davis,1,866.98,0.0,0,0,0,1.5544922900268139
Sean Follmer,1,452.55,0.0,0,0,0,0.8112406318524281
Sean Goode,1,95.19,0.0,0,0,0,0.17034008757426633
Alona Fyshe,1,1522.41,0.0,0,0,0,2.729960847605266
Sean Sherman,1,1385.89,0.0,0,0,1,8.318476934259655
Sebastian Deterding,1,141.03,0.0,0,0,1,6.085906272881459
Sebastian Guo,1,14.93,0.0,0,0,0,0.026399306054887346
Alua Arthur,1,2407.54,100.0,1,1,0,40.150848821980915
Sebastian Kraves,1,369.05,0.0,0,0,0,0.6614891335111852
Sebastian Seung,1,238.58,0.0,0,0,1,6.260855478428623
Alvin Irby,1,523.7,0.0,0,0,0,0.9388432558881098
Alwar Balasubramaniam,1,90.02,0.0,0,0,1,5.994423351559462
Sebastien de Halleux,1,702.99,0.0,0,0,0,1.2603875210090847
Sebastián Bortnik,1,189.53,0.0,0,0,0,0.3395323792331027
Sebastián Kind,1,3663.75,100.0,1,1,0,42.40377492654682
Sebastião Salgado,1,472.71,0.0,0,0,1,6.680751506052997
Seema Bansal,1,503.21,0.0,0,0,0,0.9020958522831749
Selina Neirok Leem,1,1278.09,0.0,0,0,0,2.2917897568899073
Sendhil Mullainathan,1,114.04,0.0,0,0,1,6.037501567010439
Serena Williams,1,893.63,0.0,0,0,1,7.435642532182289
Sergei Lupashin,1,319.11,0.0,0,0,0,0.5719251834852972
Sergey Brin,1,481.51,0.0,0,0,1,6.696533699890157
Sergey Brin + Larry Page,1,294.47,0.0,0,0,1,6.361090343605774
Sergio Feferovich,1,185.43,0.0,0,0,0,0.33217931164988
Sergiu P. Pasca,1,3597.49,100.0,1,1,0,42.28494218067747
Alysa McCall,1,1525.9,0.0,0,0,0,2.7362199222065944
Seth Darling,1,19.41,0.0,0,0,1,5.867789180327424
Alyson McGregor,1,508.81,0.0,0,0,0,0.9121390665431862
Seth Priebatsch,1,175.16,0.0,0,0,0,0.31376077406946606
Seth Shostak,1,204.94,0.0,0,0,1,6.200524455623841
Sethembile Msezane,1,415.7,0.0,0,0,1,6.578507998023844
Severine Autesserre,1,208.3,0.0,0,0,0,0.3731950813153198
Severn Cullis-Suzuki,1,864.04,0.0,0,0,1,7.382574905404835
Seyi Oyesola,1,44.87,0.0,0,0,1,5.913449936588119
Alyssa Birnbaum,1,4659.29,100.0,1,1,0,44.18920734162036
Shad Begum,1,674.58,0.0,0,0,1,7.042791445815233
Shadé Zahrai,1,31.71,0.0,0,0,0,0.05649308021256462
Shaffi Mather,1,109.44,0.0,0,0,1,6.029251783868287
Shah Rukh Khan,1,4401.31,100.0,1,1,1,49.55989328469957
Shahed Alam,1,1411.77,0.0,0,0,0,2.5315356287253246
Shahram Izadi,1,4242.12,100.0,1,1,0,43.44104168218304
Shai Agassi,1,223.77,0.0,0,0,1,6.234294763573129
Shai Reshef,1,1565.73,0.0,0,0,1,8.641007586495453
Alyssa Loorya,1,15.28,0.0,0,0,0,0.027027006946138056
Shalewa Sharpe,1,1898.99,0.0,0,0,0,3.4053311379686813
Shalinee Sharma,1,2134.21,0.0,0,0,0,3.8271820055115215
Shalini Unnikrishnan,1,7.57,0.0,0,0,0,0.013199653027443673
Shameem Akhtar,1,536.85,0.0,0,0,1,6.7957821779524865
Shameran Abed,1,1045.86,0.0,0,0,0,1.8753012483894667
Shane Battier,1,1762.55,0.0,0,0,1,8.9939906991125
Shane Campbell-Staton,1,1226.82,0.0,0,0,1,8.033195846341794
Shane Griffin,1,5.01,0.0,0,0,0,0.008608469365724134
Shane Koyczan,1,1700.1,0.0,0,0,1,8.881990925802194
Shane Legg,1,1127.21,0.0,0,0,1,7.8545521726918395
Shane Wickes,1,20.91,0.0,0,0,0,0.03712402413968533
Shankar Vedantam,1,4036.85,100.0,1,1,1,48.90625937948461
Shannon Lee,1,1124.66,0.0,0,0,1,7.8499789233412995
Shantell Martin,1,1181.81,0.0,0,0,1,7.952473511726951
Alyssa Monks,1,449.91,0.0,0,0,1,6.639861276565807
Shari Davis,1,937.12,0.0,0,0,0,1.680283548633458
Shari Liu,1,781.16,0.0,0,0,0,1.4005800314921377
Sharif El-Mekki,1,175.42,0.0,0,0,0,0.3142270661601095
Alyssa-Amor Gibbons,1,1150.96,0.0,0,0,0,2.0637908588764677
Sharon Brous,1,467.18,0.0,0,0,1,6.670833831971235
Sharon Terry,1,456.6,0.0,0,0,1,6.651859330744285
Sharon Weinberger,1,940.75,0.0,0,0,1,7.5201490064558145
Sharon Zicherman,1,1343.56,0.0,0,0,0,2.409205692176149
Shashi Tharoor,1,443.28,0.0,0,0,1,6.6279708282544005
Shawn Achor,1,5343.48,100.0,1,1,1,51.24961028101297
Shawn Martinbrough,1,5.52,0.0,0,0,1,5.84287842210036
Shawnee,1,3.03,0.0,0,0,1,5.83841277861689
Shea Hembrey,1,321.45,0.0,0,0,1,6.409477115165614
Amanda Bennett,1,309.93,0.0,0,0,1,6.388816788687877
Sheena Meade,1,1195.35,0.0,0,0,0,2.1434012661982376
Sheetal DeCaria,1,1366.93,0.0,0,0,0,2.4511181774005184
Sheikha Al Mayassa,1,170.57,0.0,0,0,1,6.13888422810302
Sheila Ngozi Oparaocha,1,1013.86,0.0,0,0,0,1.8179114526179725
Sheila Nirenberg,1,100.15,0.0,0,0,1,6.012590808783376
Sheila Patek,1,277.31,0.0,0,0,0,0.49695976275878284
Shekhar Kapur,1,166.73,0.0,0,0,1,6.131997452610441
Shekinah Elmore,1,149.3,0.0,0,0,1,6.100737948226154
Sheku Kanneh-Mason,1,2.09,0.0,0,0,1,5.836726953366103
Shelley Shott,1,4.03,0.0,0,0,0,0.006850906870222125
Sheperd Doeleman,1,1655.52,0.0,0,0,1,8.802039766568031
Amanda Burden,1,390.35,0.0,0,0,1,6.533044519186114
Sherry Turkle,1,1709.01,0.0,0,0,1,8.897970397062318
Shervin Khodabandeh,1,1386.16,0.0,0,0,0,2.485605857796951
Amanda Gorman,1,1851.72,0.0,0,0,1,9.153910951892005
Sheryl Lee Ralph,1,3828.29,100.0,1,1,1,48.53222138554389
Amanda Little,1,952.3,0.0,0,0,0,1.7075078330025604
Sheryl WuDunn,1,234.24,0.0,0,0,1,6.2530719873771154
Shigeru Ban,1,431.54,0.0,0,0,1,6.606915946930733
Shih Chieh Huang,1,210.38,0.0,0,0,1,6.210280720904994
Amanda Renteria,1,1256.51,0.0,0,0,1,8.086442816231033
Shimon Steinberg,1,86.82,0.0,0,0,0,0.15532906911778485
Shimpei Takahashi,1,521.36,0.0,0,0,0,0.9346466270723192
Shirin Neshat,1,171.15,0.0,0,0,1,6.139924418151378
Shiv Soin,1,247.78,0.0,0,0,0,0.4439997418484008
Shivani Siroya,1,526.01,0.0,0,0,1,6.776341384634891
Shlomo Benartzi,1,415.43,0.0,0,0,1,6.578023771622021
Shoel Perelman,1,4.94,0.0,0,0,0,0.008482929187473991
Amanda Schneider,1,1853.19,0.0,0,0,0,3.3231919927707305
Amanda Schochet,1,964.29,0.0,0,0,1,7.562366374970219
Shou Chew,1,3872.96,100.0,1,1,1,48.61233395357866
Shree Bose + Naomi Shah,1,220.42,0.0,0,0,1,6.2282867693283
Shreya Joshi,1,1837.73,0.0,0,0,0,3.2954655476886274
Shruthi Baskaran-Makanju,1,794.58,0.0,0,0,0,1.4246478770938085
Shu Takada,1,252.27,0.0,0,0,0,0.45205224756758855
Amanda Williams,1,154.68,0.0,0,0,0,0.2770313047757098
Shukla Bose,1,231.16,0.0,0,0,1,6.247548219534108
Shweta Narayan,1,1251.68,0.0,0,0,0,2.244425241067246
Shyam Sankar,1,213.83,0.0,0,0,0,0.3831127553970812
Siamak Hariri,1,483.41,0.0,0,0,1,6.699941219014091
Sian Leah Beilock,1,972.57,0.0,0,0,0,1.7438606817615665
Siawn Ou,1,11.67,0.0,0,0,0,0.020552720610666365
Sid Thatham,1,25.32,0.0,0,0,0,0.04503305536944437
Siddhartha Mukherjee,1,471.58,0.0,0,0,1,6.6787249288898165
Siddhartha Roy,1,357.13,0.0,0,0,1,6.473466737450831
Siddharthan Chandran,1,390.93,0.0,0,0,0,0.7007294063699445
Siegfried Woldhek,1,217.32,0.0,0,0,1,6.2227271328629365
Sierra Hull,1,5.35,0.0,0,0,1,5.842573538810323
Silk Road Ensemble,1,244.39,0.0,0,0,1,6.271275313223384
Silk Road Ensemble + Rhiannon Giddens,1,323.19,0.0,0,0,1,6.412597685310691
Amar Inamdar,1,608.37,0.0,0,0,0,1.0906930686372476
Simon Berrow,1,123.35,0.0,0,0,0,0.2208431078531812
Amara Berry,1,7.14,0.0,0,0,0,0.012428477646764217
Simon Stiell,1,1081.74,0.0,0,0,1,7.773004859762782
Simona Abdallah,1,3.36,0.0,0,0,0,0.005649308021256462
Amaryllis Liampoti,1,1280.61,0.0,0,0,0,2.296309203306912
Simone Bianco,1,421.86,0.0,0,0,1,6.589555533709857
Simone George,1,862.28,0.0,0,0,0,1.5460631637728757
Simone Giertz,1,1678.52,0.0,0,0,1,8.843288682278793
Simone Stolzoff,1,1653.08,0.0,0,0,0,2.9643084917759266
Sims Witherspoon,1,1092.16,0.0,0,0,0,1.9583371091463475
Sinan Aral,1,1216.16,0.0,0,0,0,2.1807225677608875
Sinéad Burke,1,545.66,0.0,0,0,1,6.811582306100824
Siphumeze Khundayi,1,545.33,0.0,0,0,0,0.977635170967404
Amaury Guichon,1,5064.83,100.0,1,1,1,50.7498707000215
Sirena Huang,1,489.08,0.0,0,0,1,6.710109973452353
Sirisha Bandla,1,40.26,0.0,0,0,1,5.9051822191347885
Sisonke Msimang,1,474.99,0.0,0,0,1,6.684840529001715
Sister True Dedication,1,2138.21,0.0,0,0,0,3.834355729982958
Sitawa Wafula,1,302.26,0.0,0,0,0,0.5417058691493697
Sitoyo Lopokoiyit,1,2144.15,0.0,0,0,0,3.8450087108230417
Sivamani,1,103.66,0.0,0,0,0,0.18553044914253367
Sixto Cancel,1,1410.88,0.0,0,0,0,2.52993947503043
Siyanda Mohutsiwa,1,328.92,0.0,0,0,1,6.422874045616024
Amber Cabral,1,1161.2,0.0,0,0,0,2.0821555935233462
Slava Balbek,1,825.91,0.0,0,0,1,7.314191376880864
Amber Case,1,400.2,0.0,0,0,1,6.550709815697027
Smita Sharma,1,1298.19,0.0,0,0,0,2.3278377223588773
Smruti Jukur Johari,1,260.42,0.0,0,0,0,0.46666871117814107
Snow Raven,1,1474.8,0.0,0,0,0,2.644575592083989
Sofi Tukker,1,665.52,0.0,0,0,1,7.026542959887429
Sofia Crespo,1,346.48,0.0,0,0,1,6.454366696045631
Sofia Jawed-Wessel,1,826.12,0.0,0,0,0,1.4812126945510873
Sofia Ongele,1,997.97,0.0,0,0,1,7.622769135019718
Soka Moses,1,340.7,0.0,0,0,0,0.6106453613198771
Solitaire Townsend,1,1338.04,0.0,0,0,1,8.232661255270093
Solomon Goldstein-Rose,1,1191.35,0.0,0,0,1,7.969582844591329
Amber Galloway-Gallego,1,108.19,0.0,0,0,0,0.19365469210643585
Sonia Livingstone,1,25.34,0.0,0,0,1,5.878424226856329
Sonia Park,1,14.44,0.0,0,0,0,0.025520524807136336
Sonia Shah,1,1005.83,0.0,0,0,1,7.6368655036060895
Sonia Vallabh,1,2367.12,100.0,1,1,1,45.911713639061574
Sophal Ear,1,132.82,0.0,0,0,1,6.071182203403835
Sophia Kianni,1,1824.56,0.0,0,0,1,9.10520136273095
Sophia Wallace,1,486.43,0.0,0,0,1,6.705357380990025
Sophie Andrews,1,649.41,0.0,0,0,0,1.1642954817141888
Sophie Howe,1,981.48,0.0,0,0,1,7.593195455886219
Sophie Hunger,1,113.38,0.0,0,0,1,6.0363179024726525
Sophie Rose,1,1012.01,0.0,0,0,0,1.8145936050499327
Amber McReynolds,1,806.4,0.0,0,0,1,7.279201535771432
Sophie Williams,1,941.6,0.0,0,0,1,7.5216734229059945
Soraya Chemaly,1,1025.97,0.0,0,0,1,7.672985206319775
Sorren Maclean,1,3.19,0.0,0,0,0,0.005344424731220399
Sougwen Chung,1,150.17,0.0,0,0,1,6.102298233298693
Soyapi Mumba,1,385.41,0.0,0,0,0,0.6908296665993618
Spencer J. Cox,1,1332.46,0.0,0,0,1,8.22265390963244
Srdja Popovic,1,82.44,0.0,0,0,0,0.1474738408215616
Srishti Bakshi,1,1409.41,0.0,0,0,0,2.527303131287177
Stacey A. Gibson,1,9.05,0.0,0,0,0,0.015853931081875283
Stacey Abrams,1,2724.77,100.0,1,1,1,46.55313427836391
Stacey Baker,1,663.12,0.0,0,0,0,1.1888834223400386
Stacey Kramer,1,823.25,0.0,0,0,0,1.4760655472428312
Stacy Kauk,1,1273.18,0.0,0,0,0,2.2829840101012184
Stacy Smith,1,401.02,0.0,0,0,0,0.7188251263491438
Stacy Spikes,1,11.31,0.0,0,0,1,5.853262388272764
Stan Lee,1,174.89,0.0,0,0,1,6.146631850532171
Ameera Harouda,1,332.08,0.0,0,0,0,0.595185985083931
Stefaan Verhulst,1,2.58,0.0,0,0,1,5.837605734613853
Stefan Gross-Selbeck,1,43.07,0.0,0,0,0,0.07686645771144507
Stefan Larsson,1,209.8,0.0,0,0,1,6.209240530856635
Amel Karboul,1,604.65,0.0,0,0,1,6.917376807743339
Stefan Wolff,1,71.05,0.0,0,0,1,5.960401963253672
Stefana Broadbent,1,256.41,0.0,0,0,0,0.45947705239552566
Stefano Mancuso,1,275.69,0.0,0,0,1,6.327409707212378
Stefen Chow,1,3.81,0.0,0,0,1,5.839811654888821
Stefon Harris,1,164.81,0.0,0,0,1,6.128554064864151
Stella Young,1,1157.44,0.0,0,0,1,7.908767595384723
Stephanie Braccini Slade,1,18.79,0.0,0,0,0,0.03332195016982383
Stephanie Busari,1,516.41,0.0,0,0,1,6.759124445903443
Stephanie Kelton,1,1549.99,0.0,0,0,1,8.61277898070035
Stephanie Lepp,1,277.52,0.0,0,0,0,0.49733638329353325
Stephanie Mehta,1,1410.61,0.0,0,0,1,8.362810551493135
Stephanie Pacheco,1,4.37,0.0,0,0,0,0.00746067345029425
Stephanie R. Yates-Anyabwile,1,2733.09,100.0,1,1,0,40.73470032239998
Stephanie Winters,1,4.83,0.0,0,0,0,0.00828565176450948
Stephen Burt,1,373.1,0.0,0,0,1,6.502107832403042
Stephen Cave,1,619.16,0.0,0,0,1,6.943399493263476
Stephen Coleman,1,110.39,0.0,0,0,1,6.030955543430253
Stephen DeBerry,1,649.26,0.0,0,0,0,1.1640264670465101
Stephen Doyle,1,9.37,0.0,0,0,0,0.016427829039590218
Stephen Friend,1,253.65,0.0,0,0,1,6.2878824853747615
Stephen Gianotti,1,77.9,0.0,0,0,0,0.13933166354648086
Stephen Hawking,1,2134.62,0.0,0,0,1,9.66127261513437
Stephen Lawler,1,52.99,0.0,0,0,0,0.0946572944006083
Stephen Lawrence,1,11.91,0.0,0,0,1,5.85433844694348
Stephen Palumbi,1,84.91,0.0,0,0,1,5.985258918547201
Amelia Laytham,1,8.71,0.0,0,0,0,0.015244164501803157
Stephen Ritz,1,310.04,0.0,0,0,0,0.5556587632463142
America Ferrera,1,1724.42,0.0,0,0,1,8.92560717058853
Stephen Webb,1,2504.16,100.0,1,1,1,46.157485439453
Ami Klin,1,157.31,0.0,0,0,1,6.115103331480206
Amie McNee,1,2574.56,100.0,1,1,0,40.45038768728576
Steve Boyes,1,547.79,0.0,0,0,0,0.9820470115173375
Amina J. Mohammed,1,1279.93,0.0,0,0,1,8.128444973011296
Steve Howard,1,304.67,0.0,0,0,1,6.379383341007938
Steve Jurvetson,1,74.52,0.0,0,0,1,5.966625169232644
Steve Keil,1,149.16,0.0,0,0,0,0.267131565005127
Steve Long,1,851.05,0.0,0,0,1,7.359278235183845
Steve McCarroll,1,606.9,0.0,0,0,1,6.921412027758523
Steve Presley,1,1158.99,0.0,0,0,1,7.911547413617407
Steve Ramirez,1,278.77,0.0,0,0,1,6.332933475055384
Steve Silberman,1,532.24,0.0,0,0,1,6.787514460499155
Steve Simpson,1,27.53,0.0,0,0,0,0.0489965381399132
Steve Truglia,1,109.23,0.0,0,0,1,6.028875163333537
Steven Addis,1,342.51,0.0,0,0,0,0.6138914716432022
Steven Allison,1,791.93,0.0,0,0,0,1.4198952846314812
Steven Cowley,1,152.46,0.0,0,0,1,6.106405190558589
Amishi Jha,1,1945.64,0.0,0,0,1,9.322350002481341
Amit Kalra,1,473.19,0.0,0,0,0,0.8482570501250418
Steven Petrow,1,784.07,0.0,0,0,0,1.4057989160451083
Amjad Masad,1,158.38,0.0,0,0,1,6.117022302776316
Steven Schwaitzberg,1,113.77,0.0,0,0,0,0.20366203774409014
Steven Sharp Nelson,1,1764.87,0.0,0,0,1,8.998151459305934
Steven Strogatz,1,140.34,0.0,0,0,1,6.0846688054101365
Steven Wise,1,310.91,0.0,0,0,1,6.390574351183378
Stew,1,109.78,0.0,0,0,1,6.029861550448359
Amos Winter,1,304.31,0.0,0,0,0,0.5453824029409811
Stewart Brand + Mark Z. Jacobson,1,328.15,0.0,0,0,1,6.421493103655271
Sting,1,663.08,0.0,0,0,0,1.1888116850953243
Storybook Maze,1,896.72,0.0,0,0,0,1.6078289314719465
Stuart Duncan,1,454.2,0.0,0,0,1,6.647555096061423
Stuart Firestein,1,737.52,0.0,0,0,1,7.1556700003732905
Stuart Kauffman,1,1097.88,0.0,0,0,1,7.8019508380050295
Stuart Oda,1,1252.64,0.0,0,0,0,2.246146934940391
Stuart Russell,1,517.39,0.0,0,0,0,0.9275267055344181
Su Kahumbu,1,369.34,0.0,0,0,0,0.6620092285353645
Su Santidad el Papa Francisco,1,5.23,0.0,0,0,0,0.009003024211653157
Suchitra Krishnan-Sarin,1,1219.52,0.0,0,0,0,2.1867484963168944
Sue Austin,1,565.91,0.0,0,0,1,6.847899286237473
Sue Desmond-Hellmann,1,349.75,0.0,0,0,1,6.46023121580103
Sue Jaye Johnson,1,1311.5,0.0,0,0,0,2.3517082905375832
Sue Klebold,1,4595.83,100.0,1,1,1,49.90875150574554
Sue Natali,1,1297.3,0.0,0,0,1,8.15959687152851
Amy Adele Hasinoff,1,520.34,0.0,0,0,0,0.9328173273321028
Suheir Hammad,1,168.31,0.0,0,0,1,6.134831073776658
Suki Kim,1,1530.14,0.0,0,0,1,8.577179373010845
Suleika Jaouad,1,1600.94,100.0,1,1,1,44.537622585180216
Sunitha Krishnan,1,865.32,0.0,0,0,1,7.3848704972356956
Sunni Brown,1,330.3,0.0,0,0,1,6.425348980558669
Sunni Patterson,1,160.37,0.0,0,0,0,0.2872359278363286
Supasorn Suwajanakorn,1,889.02,0.0,0,0,0,1.5940195118644307
Surya Ganguli,1,1437.64,0.0,0,0,1,8.411286994608869
Surya Mattu,1,820.89,0.0,0,0,0,1.4718330498046839
Susan Blackmore,1,152.16,0.0,0,0,1,6.105867161223231
Amy Barnes,1,3449.96,100.0,1,1,1,47.85371259072423
Susan Colantuono,1,1128.24,0.0,0,0,0,2.023044103878707
Susan David,1,2710.85,100.0,1,1,1,46.52816971720332
Susan Emmett,1,475.68,0.0,0,0,0,0.8527226936085113
Susan Etlinger,1,367.01,0.0,0,0,0,0.6578305340307525
Susan Graham,1,420.42,0.0,0,0,1,6.586972992900139
Susan Lozier,1,1018.44,0.0,0,0,1,7.659480670002294
Susan Pinker,1,1143.33,0.0,0,0,1,7.88346228231173
Susan Robinson,1,512.13,0.0,0,0,1,6.751448560719006
Susan Ruffo,1,1237.2,0.0,0,0,0,2.218456358480645
Susan Savage-Rumbaugh,1,449.33,0.0,0,0,1,6.638821086517449
Susan Shaw,1,70.22,0.0,0,0,1,5.95891341542585
Susan Solomon,1,208.05,0.0,0,0,1,6.206102026400383
Susannah Temko,1,969.99,0.0,0,0,0,1.7392336294774897
Sutu,1,254.65,0.0,0,0,0,0.45632061362809345
Suzana Herculano-Houzel,1,861.4,0.0,0,0,1,7.377840247253688
Suzanne Barakat,1,668.23,0.0,0,0,1,7.0314031582168255
Suzanne Case,1,2.81,0.0,0,0,1,5.838018223770961
Suzanne Duncan,1,14.03,0.0,0,0,0,0.024785218048814065
Amy Baxter,1,1753.05,0.0,0,0,1,8.976953103492837
Suzanne Simard,1,1096.41,0.0,0,0,1,7.799314494261776
Suzanne Talhouk,1,379.9,0.0,0,0,0,0.6809478611399575
Suzie Sheehy,1,768.8,0.0,0,0,1,7.2117685257399256
Svante Pääbo,1,324.2,0.0,0,0,1,6.414409050739728
Sviatlana Tsikhanouskaya,1,954.28,0.0,0,0,1,7.544414129480447
Swizz Beatz,1,952.63,0.0,0,0,1,7.541454968135981
Sxip Shirey + Rachelle Garniez,1,37.86,0.0,0,0,1,5.900877984451927
Sydney Chaffee,1,538.48,0.0,0,0,0,0.9653501678100687
Sydney Jensen,1,1306.75,0.0,0,0,0,2.343189492727752
Sylvain Duranton,1,1153.98,0.0,0,0,0,2.069207020852403
Sylvester Chauke,1,1072.33,0.0,0,0,0,1.9227733700791994
Sylvia Earle,1,572.73,0.0,0,0,1,6.860130486461273
Sō Percussion,1,270.35,0.0,0,0,1,6.317832785043011
T. Boone Pickens,1,143.71,0.0,0,0,1,6.090712668277322
Amy Cuddy,1,15708.1,100.0,1,1,1,69.83784231379873
Tabetha Boyajian,1,2459.69,100.0,1,1,1,46.0777315576418
Tai Simpson,1,722.89,0.0,0,0,0,1.2960768002544825
Taika Waititi,1,1247.11,0.0,0,0,1,8.069584563723156
Taiye Selasi,1,978.88,0.0,0,0,1,7.588532534979786
Takaharu Tezuka,1,1559.19,0.0,0,0,1,8.629278546984654
Tal Danino,1,309.46,0.0,0,0,1,6.387973876062484
Tal Golesworthy,1,298.17,0.0,0,0,0,0.5343707358773255
Tal Zaks,1,50.49,0.0,0,0,0,0.0901737166059603
Tali Sharot,1,569.87,0.0,0,0,1,6.855001273464197
Talithia Williams,1,483.47,0.0,0,0,1,6.700048824881162
Tamana Ayazi,1,1257.2,0.0,0,0,0,2.2543249808378287
Tamas Kocsis,1,705.71,0.0,0,0,0,1.2652656536496618
Tameka Montgomery,1,1762.15,0.0,0,0,0,3.159918023800829
Tamekia MizLadi Smith,1,824.26,0.0,0,0,0,1.477876912671869
Tammy Lally,1,873.64,0.0,0,0,0,1.566436541271756
Tammy Ma,1,1164.31,0.0,0,0,1,7.921088467164415
Amy Edmondson,1,1393.3,0.0,0,0,1,8.331766258842993
Tania Douglas,1,445.31,0.0,0,0,1,6.631611493423654
Tania Luna,1,420.67,0.0,0,0,0,0.7540660478150769
Tania Simoncelli,1,330.26,0.0,0,0,1,6.425277243313955
Tanishia Lavette Williams,1,1022.0,0.0,0,0,0,1.8325099819173458
Tanmay Bakshi,1,36.28,0.0,0,0,0,0.06468906042118114
Tanya Berger-Wolf,1,1084.52,0.0,0,0,0,1.9446352954059034
Tanya Menon,1,868.6,0.0,0,0,0,1.557397648437746
Tao Zhang,1,908.08,0.0,0,0,0,1.628202308970827
Tapiwa Chiwewe,1,592.56,0.0,0,0,0,1.0623389226638937
Tara Boroushaki,1,947.01,0.0,0,0,0,1.6980205823890853
Tara Djokic,1,1379.55,0.0,0,0,0,2.473751278107901
Tara Houska,1,503.42,0.0,0,0,1,6.735827775682453
Tara Winkler,1,411.25,0.0,0,0,0,0.7371719266848433
Tarana Burke,1,811.26,0.0,0,0,1,7.287917611004227
Tarje Nissen-Meyer,1,5.43,0.0,0,0,0,0.009361710435224995
Tarveen Forrester,1,2223.75,100.0,1,1,0,39.82123411682958
Amy Green,1,581.01,0.0,0,0,1,6.874980096117148
Tasha Eurich,1,1785.74,0.0,0,0,0,3.2022250638711274
Tashka,1,119.48,0.0,0,0,1,6.047257832291594
Tasos Frantzolas,1,493.52,0.0,0,0,0,0.8847175047511192
Tasoulla Hadjiyanni,1,26.86,0.0,0,0,0,0.04779493929094753
Tasso Azevedo,1,252.66,0.0,0,0,0,0.4527516857035537
Tavares Strachan,1,1537.57,0.0,0,0,1,8.59050456621654
Tavi Gevinson,1,413.22,0.0,0,0,1,6.574060288851554
Tawanda Kanhema,1,792.67,0.0,0,0,1,7.254577726523224
Taylor Cassidy,1,199.09,0.0,0,0,1,6.190032883584363
Taylor Lynn Carpenter,1,1946.86,0.0,0,0,0,3.491182685580601
Amy Herman,1,373.98,0.0,0,0,0,0.6703307489222311
Tea Uglow,1,477.53,0.0,0,0,0,0.8560405411765507
Ted Dintersmith,1,299.5,0.0,0,0,0,0.5367559992640784
Ted Halstead,1,541.55,0.0,0,0,1,6.804211304206424
Teddy Cruz,1,174.49,0.0,0,0,1,6.145914478085028
Teitur,1,310.82,0.0,0,0,1,6.390412942382771
Temie Giwa-Tubosun,1,1250.15,0.0,0,0,1,8.075036594321448
Temple Grandin,1,1247.56,0.0,0,0,1,8.070391607726194
Teresa Bejan,1,689.75,0.0,0,0,1,7.069997795873157
Teresa Njoroge,1,504.03,0.0,0,0,0,0.9035664657998193
Teri Hofford,1,1705.64,0.0,0,0,0,3.058571231330606
Terri Conley,1,153.09,0.0,0,0,1,6.1075350521628415
Amy Kurzweil,1,1216.79,0.0,0,0,1,8.015207732229666
Tessa Clarke,1,1393.71,0.0,0,0,0,2.4991462627367875
Tessa Khan,1,1200.96,0.0,0,0,1,7.986817717633955
Tessa West,1,5849.87,100.0,1,1,0,46.32443056192116
Thandiswa Mazwai,1,155.3,0.0,0,0,1,6.11149853493331
Thandiwe Newton,1,698.87,0.0,0,0,1,7.086353887668031
The Bloom Twins,1,2.46,0.0,0,0,1,5.83739052287971
The Ferocious Few,1,1.29,0.0,0,0,0,0.0019369056072879298
The Holladay Brothers,1,2.06,0.0,0,0,0,0.0033178475680395096
The LXD,1,736.56,0.0,0,0,1,7.153948306500145
The Lady Lifers,1,380.7,0.0,0,0,0,0.6823826060342449
The Merian Ensemble,1,117.71,0.0,0,0,0,0.21072815634845538
The Nature Conservancy,1,841.75,0.0,0,0,1,7.342599325787753
The QTribe,1,67.33,0.0,0,0,0,0.12037509663070917
The Soul Rebels,1,81.01,0.0,0,0,1,5.978264537187551
Thea Holcomb,1,138.97,0.0,0,0,0,0.24885650191414188
Thea Knight,1,16.0,0.0,0,0,0,0.02831827735099668
Theaster Gates,1,360.82,0.0,0,0,1,6.4800844982757315
Thelma Golden,1,151.8,0.0,0,0,1,6.105221526020803
Thema Bryant,1,81.13,0.0,0,0,1,5.978479748921693
Theo E.J. Wilson,1,1599.84,0.0,0,0,0,2.8688262190611034
Theo Jansen,1,836.64,0.0,0,0,1,7.333434892775494
Theresa Fyffe,1,1695.34,0.0,0,0,0,3.0400988908166564
They Might Be Giants,1,72.05,0.0,0,0,1,5.962195394371532
Thom Mayne,1,135.02,0.0,0,0,1,6.075127751863126
Thomas Abt,1,120.69,0.0,0,0,1,6.049427883944203
Thomas Barnett,1,215.09,0.0,0,0,0,0.3853724786055837
Thomas Crowther,1,1102.63,0.0,0,0,0,1.9771143329503333
Thomas Curran,1,1327.19,0.0,0,0,0,2.379847224776794
Thomas Dambo,1,103.18,0.0,0,0,1,6.018024905070488
Amy Lockwood,1,188.25,0.0,0,0,0,0.33723678740224294
Thomas Dolby,1,112.39,0.0,0,0,1,6.034542405665972
Thomas Goetz,1,118.15,0.0,0,0,0,0.21151726604031343
Amy Milton,1,1219.17,0.0,0,0,0,2.186120795425644
Thomas Hellum,1,622.22,0.0,0,0,0,1.1155320896195977
Thomas Insel,1,369.14,0.0,0,0,1,6.49500584517632
Thomas Lloyd,1,1804.76,0.0,0,0,0,3.2363361237328094
Thomas Madrecki,1,8.03,0.0,0,0,0,0.0140246313416589
Thomas P. Campbell,1,151.59,0.0,0,0,1,6.104844905486052
Thomas Piketty,1,445.65,0.0,0,0,1,6.632221260003727
Thomas Pogge,1,66.02,0.0,0,0,1,5.951381004730841
Thomas Suarez,1,2903.81,100.0,1,1,0,41.0408748828409
Thomas Thwaites,1,303.99,0.0,0,0,1,6.378163807847794
Thordis Elva,1,2088.74,0.0,0,0,1,9.57898999544699
Thulasiraj Ravilla,1,68.26,0.0,0,0,0,0.12204298757031819
Amy Padnani,1,886.36,0.0,0,0,1,7.422604287955452
Tierney Thys,1,2084.79,0.0,0,0,1,9.571905942531448
Tiffani Ashley Bell,1,1340.37,0.0,0,0,0,2.4034846469101776
Tiffany Kagure Mugo,1,545.33,0.0,0,0,0,0.977635170967404
Tiffany Watt Smith,1,1629.08,0.0,0,0,0,2.921266144947306
Tilak Mandadi,1,843.35,0.0,0,0,0,1.512113512711801
Amy Powney,1,939.21,0.0,0,0,0,1.6840318196697834
Tim Brown,1,431.93,0.0,0,0,0,0.7742600822021715
Amy Price Azano,1,14.96,0.0,0,0,1,5.859808411852951
Tim Ferriss,1,4135.16,100.0,1,1,1,49.08257159268134
Tim Flannery,1,1428.14,0.0,0,0,1,8.394249398989208
Tim Guinee,1,697.42,0.0,0,0,1,7.083753412547137
Amy Purdy,1,457.88,0.0,0,0,1,6.654154922575145
Tim Jackson,1,220.85,0.0,0,0,0,0.3957026418444527
Tim Kruger,1,578.26,0.0,0,0,1,6.8700481605430355
Amy Shoenthal,1,1557.58,0.0,0,0,0,2.793035820020374
Tim Nevius,1,861.24,0.0,0,0,0,1.5441979954103022
Tim Urban,1,21681.89,100.0,1,1,1,80.55142319135481
Tima Kurdi,1,32.38,0.0,0,0,1,5.8910499819260576
Timothy Bartik,1,104.59,0.0,0,0,1,6.020553642946671
Timothy Graf,1,7.35,0.0,0,0,0,0.012805098181514648
Timothy Ihrig,1,436.37,0.0,0,0,0,0.7822229163654663
Timothy Prestero,1,235.89,0.0,0,0,0,0.4226758458570549
Tina Arrowood,1,839.39,0.0,0,0,0,1.5050115254850787
Tina Seelig,1,1298.25,0.0,0,0,1,8.161300631090477
Tina Yong,1,2695.54,100.0,1,1,0,40.66735698392437
Tiq Milan,1,549.54,0.0,0,0,1,6.818540818838119
Tito Deler,1,83.25,0.0,0,0,0,0.14892652002702753
Amy Smith,1,271.02,0.0,0,0,0,0.48567908102744844
Toby Eccles,1,231.94,0.0,0,0,0,0.4155917929415112
Toby Kiers,1,907.65,0.0,0,0,1,7.460786436454675
Toby Shapshak,1,367.02,0.0,0,0,1,6.491203771206458
Tod Machover + Dan Ellsey,1,97.87,0.0,0,0,1,6.008501785834657
Todd Almond,1,1660.73,0.0,0,0,0,2.9780282398275495
Todd Coleman,1,465.66,0.0,0,0,1,6.668107816672091
Todd Gershkowitz,1,3.09,0.0,0,0,0,0.00516508161943448
Todd Humphreys,1,168.91,0.0,0,0,0,0.3025518295828461
Todd Kuiken,1,198.95,0.0,0,0,0,0.35642650036333634
Todd Scott,1,377.62,0.0,0,0,1,6.510214141055766
Todd Sickafoose,1,17.62,0.0,0,0,1,5.8645789386264555
Tolliver,1,91.89,0.0,0,0,1,5.997777067749858
Tolu Oyekan,1,1429.46,0.0,0,0,0,2.563261425200254
Tom Chatfield,1,254.68,0.0,0,0,1,6.289729719426155
Tom Graham,1,1552.03,0.0,0,0,0,2.783082277316255
Tom Griffiths,1,1665.34,0.0,0,0,0,2.98629595728088
Tom Gruber,1,788.06,0.0,0,0,1,7.2463100090698935
Tom Honey,1,106.18,0.0,0,0,0,0.19004989555953886
Tom Hulme,1,502.08,0.0,0,0,0,0.900069275119994
Tom Nash,1,1286.13,0.0,0,0,1,8.139564245942022
Tom Osborn,1,1340.72,0.0,0,0,0,2.4041123478014286
Tom Oxley,1,1529.06,0.0,0,0,1,8.575242467403557
Tom Rielly,1,104.11,0.0,0,0,1,6.019692796010098
Tom Rivett-Carnac,1,1473.61,0.0,0,0,1,8.475796711918264
Tom Schuler,1,832.79,0.0,0,0,1,7.326530182971737
Amy Tan,1,584.79,0.0,0,0,1,6.881759265742655
Tom Stranger,1,2088.74,0.0,0,0,1,9.57898999544699
Tom Teves,1,950.35,0.0,0,0,0,1.7040106423227348
Amy Webb,1,1923.16,0.0,0,0,1,9.282033670951865
Anab Jain,1,626.59,0.0,0,0,0,1.1233693836046423
Tom Zimmerman,1,421.86,0.0,0,0,0,0.7562002308453294
Tomas Elemans,1,28.02,0.0,0,0,0,0.049875319387664194
Tomás Saraceno,1,288.25,0.0,0,0,1,6.34993520205269
Tombo Banda,1,869.34,0.0,0,0,0,1.5587247874649617
Tomer Garzberg,1,3.94,0.0,0,0,0,0.006689498069614796
Tommy McCall,1,394.64,0.0,0,0,1,6.54073833868173
Toni Griffin,1,211.41,0.0,0,0,0,0.37877265209186184
Tony Fadell,1,1085.0,0.0,0,0,1,7.778851445207004
Tony Long,1,1204.6,0.0,0,0,0,2.1599905040384346
Tony Luciani,1,292.67,0.0,0,0,0,0.5245068647291001
Tony Porter,1,662.37,0.0,0,0,1,7.020893651866171
Tony Salvador,1,53.46,0.0,0,0,0,0.0955002070260021
Tony Testa,1,171.39,0.0,0,0,1,6.140354841619664
Tony Wyss-Coray,1,511.0,0.0,0,0,0,0.9160666806912977
Topher White,1,387.02,0.0,0,0,0,0.693717090699115
Torsten Reil,1,59.04,0.0,0,0,0,0.10550755266365641
Touria El Glaoui,1,337.2,0.0,0,0,1,6.437723655271897
Tracee Ellis Ross,1,617.26,0.0,0,0,1,6.939991974139543
Tracey McNamara,1,47.65,0.0,0,0,0,0.08508037223124018
Tracie Keesee,1,556.06,0.0,0,0,0,0.9968786868620331
Tracie Revis,1,856.73,0.0,0,0,0,1.5361096210687573
Tracy Chevalier,1,326.86,0.0,0,0,1,6.4191795775132325
Tracy Edwards,1,1306.01,0.0,0,0,1,8.175217656565064
Tracy Young,1,984.92,0.0,0,0,1,7.599364858931655
Travis Kalanick,1,572.77,0.0,0,0,1,6.860202223705988
Travis Rieder,1,1059.92,0.0,0,0,0,1.9005168899065668
Trebor Scholz,1,1239.78,0.0,0,0,0,2.2230834107647217
Trevor Aaronson,1,364.34,0.0,0,0,1,6.486397375810596
Trevor Copp,1,239.57,0.0,0,0,1,6.262630975235305
Trevor Timm,1,448.01,0.0,0,0,0,0.8030984545773473
Tricia Wang,1,688.88,0.0,0,0,0,1.2350822079360915
Trillion Small,1,712.22,0.0,0,0,0,1.276940890226925
Triona McGrath,1,541.71,0.0,0,0,0,0.9711429503207538
Trish Millines Dziko,1,1730.1,0.0,0,0,1,8.935793859337968
Anand Agarawala,1,256.24,0.0,0,0,0,0.4591721691054896
Tristram Stuart,1,422.59,0.0,0,0,1,6.5908647384258945
Tristram Wyatt,1,373.85,0.0,0,0,1,6.503452905741438
Trita Parsi,1,189.26,0.0,0,0,1,6.172403455695808
Truls Nord,1,4.39,0.0,0,0,0,0.007496542072651432
Anand Varma,1,740.12,0.0,0,0,0,1.3269776184151965
Tunde Olaniran,1,127.98,0.0,0,0,1,6.062501996793397
Tyler Cowen,1,115.26,0.0,0,0,1,6.039689552974227
Tyler DeWitt,1,441.79,0.0,0,0,0,0.7919433130242632
Tyler DeWitt,1,1035.34,0.0,0,0,0,1.8564343530295877
Tyler Dewitt,1,441.79,0.0,0,0,0,0.7919433130242632
Tyler Dewitt,1,1035.34,0.0,0,0,0,1.8564343530295877
Tyrone Hayes + Penelope Jagessar Chaffer,1,131.31,0.0,0,0,1,6.068474122415868
Tzeporah Berman,1,2100.28,0.0,0,0,1,9.599686190547086
UMI,1,32.5,0.0,0,0,0,0.05790989079567339
Ueli Gegenschatz,1,320.15,0.0,0,0,1,6.407145654712398
Ananda Shankar Jayant,1,161.33,0.0,0,0,1,6.1223129245740004
Uma Adwani,1,59.78,0.0,0,0,0,0.10683469169087223
Uma Valeti,1,1295.81,0.0,0,0,1,8.1569246591629
Anant Agarwal,1,397.85,0.0,0,0,1,6.5464952525700575
Uri Hasson,1,1046.39,0.0,0,0,0,1.8762517668819323
Ursula von der Leyen,1,889.62,0.0,0,0,1,7.428450873399672
Ursus Wehrli,1,261.01,0.0,0,0,1,6.301082138402206
Usman Riaz,1,236.9,0.0,0,0,0,0.42448721128609274
Usman Riaz + Preston Reed,1,1122.08,0.0,0,0,0,2.0119965681926946
Uğur Şahin,1,1518.1,0.0,0,0,1,8.555586462351819
VS Ramachandran,1,869.14,0.0,0,0,1,7.391721404105916
Vaitea Cowan,1,1814.37,0.0,0,0,0,3.253570996775436
Valarie Kaur,1,1181.68,0.0,0,0,1,7.9522403656816305
Valerie June,1,3.53,0.0,0,0,1,5.8393094941758195
Valerie Montgomery Rice,1,1353.42,0.0,0,0,1,8.260244225862769
Valorie Kondos Field,1,1990.92,0.0,0,0,1,9.403556563498004
Valérie Courtois,1,1266.76,0.0,0,0,1,8.10482548518909
Van Jones,1,1946.55,0.0,0,0,1,9.323982024798593
Vandana Singh,1,1286.61,0.0,0,0,1,8.140425092878594
Vanessa Garrison,1,742.73,0.0,0,0,0,1.3316584736328092
Vanessa Nakate,1,1282.26,0.0,0,0,1,8.132623667515908
Vanessa Renae,1,476.46,0.0,0,0,0,0.8541215698804413
Vanessa Ruiz,1,1040.17,0.0,0,0,1,7.698451928193377
Varun Sivaram,1,848.48,0.0,0,0,1,7.354669117210945
Veerle Provoost,1,382.25,0.0,0,0,0,0.6851624242669268
Vera Songwe,1,1233.01,0.0,0,0,1,8.044297184961342
Vernā Myers,1,1252.57,0.0,0,0,1,8.07937669762667
Veronica Barassi,1,1040.11,0.0,0,0,0,1.8649890194617758
Veronica Chau,1,1288.54,0.0,0,0,0,2.3105311120715357
Vicki Arroyo,1,264.79,0.0,0,0,0,0.47450600516318575
Victor Ochen,1,992.53,0.0,0,0,0,1.7796575668740358
Victor Rios,1,548.12,0.0,0,0,1,6.81599414665076
Victor Riparbelli,1,1771.15,0.0,0,0,0,3.1760589038615623
Victor Vescovo,1,447.6,0.0,0,0,1,6.635718450683553
Victoria Gill,1,817.66,0.0,0,0,0,1.4660402672939983
Victoria Pratt,1,218.62,0.0,0,0,1,6.225058593316154
Vidhya Ramalingam,1,1131.78,0.0,0,0,0,2.029392850035929
Ananya Grover,1,884.9,0.0,0,0,0,1.5866305756588504
Vik Muniz,1,223.06,0.0,0,0,1,6.233021427479449
Vikas Jaitely,1,4.26,0.0,0,0,0,0.007263396027329737
Vikram Bhalla,1,28.1,0.0,0,0,0,0.05001879387709294
Vikram Patel,1,313.78,0.0,0,0,1,6.3957214984916355
Vikram Sharma,1,457.8,0.0,0,0,0,0.8206561452211889
Vilayanur Ramachandran,1,432.77,0.0,0,0,1,6.6091218672057
Villy Wang,1,10.95,0.0,0,0,0,0.01926145020580775
Vinay Shandal,1,688.86,0.0,0,0,0,1.2350463393137343
Vinay Venkatraman,1,134.9,0.0,0,0,0,0.24155723726445494
Vincent Cochetel,1,313.08,0.0,0,0,1,6.394466096709134
Vincent Moon,1,285.45,0.0,0,0,0,0.5115582920581567
Vincent Yeow Lim,1,1402.69,0.0,0,0,0,2.515251274175163
Vinith Misra,1,4.35,0.0,0,0,0,0.007424804827937064
Vinod Khosla,1,1606.92,0.0,0,0,1,8.714879014240076
Vint Cerf,1,176.93,0.0,0,0,1,6.150290450012604
Vinu Daniel,1,1119.38,0.0,0,0,0,2.0071543041744753
Viola Llewellyn,1,25.08,0.0,0,0,0,0.04460263190115816
Virginia Postrel,1,71.47,0.0,0,0,1,5.961155204323173
Virginia Santy,1,65.19,0.0,0,0,0,0.11653715403849046
Virginia Smith,1,1212.7,0.0,0,0,0,2.1745172960930947
Virginia Wotring,1,11.4,0.0,0,0,0,0.02006849420884439
Anas Aremeyaw Anas,1,338.97,0.0,0,0,1,6.440898028350508
Vishal Sikka,1,4.67,0.0,0,0,1,5.84135400565018
Vishal Vaid,1,84.63,0.0,0,0,0,0.15140145496967322
Vittorio Loreto,1,588.18,0.0,0,0,0,1.0544836943676703
Vivek Kumbhari,1,1052.83,0.0,0,0,0,1.887801463280945
Vivek Maru,1,467.17,0.0,0,0,1,6.670815897660057
Viviana Alvarez,1,12.17,0.0,0,0,0,0.021449436169595965
Anastasia Penright,1,1388.11,0.0,0,0,0,2.4891030484767755
Víctor Demaría Pesce,1,6.25,0.0,0,0,0,0.010832323951869534
WOLF,1,3.73,0.0,0,0,1,5.839668180399392
Wadah Khanfar,1,188.42,0.0,0,0,1,6.170896973556806
Anastasia Taylor-Lind,1,194.25,0.0,0,0,1,6.181352676973925
Anathea Chino,1,1007.58,0.0,0,0,0,1.8066487051978168
Wajahat Ali,1,1152.37,0.0,0,0,1,7.899674899617176
Wale Elegbede,1,830.1,0.0,0,0,0,1.4883505504001668
Walter De Brouwer,1,41.26,0.0,0,0,1,5.906975650252648
Walter Hood,1,569.97,0.0,0,0,1,6.855180616575981
Walé Oyéjidé,1,335.31,0.0,0,0,1,6.434334070459142
Wan Faridah Akmal Jusoh,1,1021.05,0.0,0,0,0,1.83080622235538
Wanda Diaz Merced,1,318.4,0.0,0,0,1,6.404007150256144
Wanda Irving,1,172.37,0.0,0,0,0,0.30875710125063893
Wangechi Mutu,1,1347.61,0.0,0,0,1,8.249824391068007
Anders Fjellberg,1,371.75,0.0,0,0,0,0.6663313975294052
Anders Ynnerman,1,113.43,0.0,0,0,0,0.20305227116401803
Wanuri Kahiu,1,705.32,0.0,0,0,1,7.097921518378223
Warren Valdmanis,1,1439.81,0.0,0,0,0,2.581823437270096
Washington Wachira,1,385.76,0.0,0,0,0,0.6914573674906124
Wawira Njiru,1,2374.07,100.0,1,1,1,45.9241779853307
Wayne McGregor,1,270.17,0.0,0,0,1,6.317509967441795
Wendell Pierce,1,6.48,0.0,0,0,1,5.844600115973504
Wendy Chung,1,1115.86,0.0,0,0,1,7.8341967295041375
Wendy Freedman,1,408.61,0.0,0,0,1,6.565792571398223
Wendy Hawkins,1,4.75,0.0,0,0,0,0.008142177275080743
Wendy MacNaughton,1,2673.38,100.0,1,1,1,46.46096985321713
Wendy Suzuki,1,3815.09,100.0,1,1,1,48.50854809478815
Wendy Troxel,1,875.69,0.0,0,0,0,1.5701130750633678
Wendy Whelan,1,1491.67,0.0,0,0,1,8.508186077906801
Andika Putraditama,1,1612.66,0.0,0,0,0,2.891818005992058
Werner Reich,1,1240.17,0.0,0,0,0,2.2237828489006866
Wes Moore,1,490.45,0.0,0,0,1,6.71256697408382
Wesley Saint Clair,1,22.4,0.0,0,0,0,0.039796236505295526
Whitney Pennington Rodgers,1,1258.73,0.0,0,0,0,2.2570689304481535
Will Cathcart,1,123.46,0.0,0,0,0,0.2210403852761457
Will Guidara,1,2408.43,100.0,1,1,1,45.98580027854034
Will Hurd,1,848.81,0.0,0,0,1,7.35526094947984
Will Jenkins,1,7.22,0.0,0,0,1,5.845927255000721
Will MacAskill,1,983.6,0.0,0,0,1,7.596997529856081
Andras Forgacs,1,343.16,0.0,0,0,1,6.448412504734338
Andrea Driessen,1,1595.27,0.0,0,0,0,2.8606302388524867
Will Wright,1,221.76,0.0,0,0,0,0.3973346641617045
Willard Wigan,1,139.08,0.0,0,0,1,6.082409082201634
"William ""Sandy"" Darity",1,938.01,0.0,0,0,0,1.6818797023283525
William Black,1,390.88,0.0,0,0,0,0.7006397348140515
William Collis,1,918.08,0.0,0,0,1,7.4794919230139465
Andrea Ghez,1,170.11,0.0,0,0,1,6.138059249788804
William Li,1,1007.45,0.0,0,0,1,7.639770862017022
William McDonough,1,308.54,0.0,0,0,1,6.386323919434053
William Noel,1,228.19,0.0,0,0,0,0.4088664262495391
William Sieghart,1,29.63,0.0,0,0,1,5.886118046351944
William Ury,1,554.47,0.0,0,0,1,6.827382434249165
Willie Smits,1,148.11,0.0,0,0,1,6.098603765195903
Willie Williams,1,1091.76,0.0,0,0,0,1.9576197366992034
Wingham Rowan,1,250.1,0.0,0,0,0,0.4481605020418341
Winnie Harlow,1,621.31,0.0,0,0,1,6.947255370166873
Winona Guo,1,637.09,0.0,0,0,0,1.1422004103421637
Wobbly World,1,2.63,0.0,0,0,0,0.00434010330521925
Wolfgang Kessling,1,156.97,0.0,0,0,0,0.2811382620356074
Woody Norris,1,233.29,0.0,0,0,1,6.2513682278151474
Xavier Cortada,1,1292.6,0.0,0,0,1,8.151167745274572
Xavier De Kestelier,1,444.26,0.0,0,0,0,0.7963730878853752
Xavier Vilalta,1,246.26,0.0,0,0,1,6.2746290294137825
"Xiaojun ""Tom"" Wang",1,844.13,0.0,0,0,0,1.5135123889837314
Xiaowei R. Wang,1,1312.23,0.0,0,0,0,2.3530174952536203
Ximena Loría,1,697.42,0.0,0,0,0,1.250398109682609
Xiuhtezcatl,1,82.39,0.0,0,0,0,0.1473841692656686
Andrea Vilallonga,1,1268.66,0.0,0,0,0,2.2748777014484958
Xu Hao,1,4563.79,100.0,1,1,0,44.01793466986481
Xu Liu,1,278.77,0.0,0,0,0,0.49957817219085715
Y-Vonne Hutchinson,1,1172.17,0.0,0,0,0,2.1018295328862617
Yale Fox,1,254.62,0.0,0,0,0,0.45626681069455766
Yami Joshi,1,20.76,0.0,0,0,0,0.03685500947200645
Yana Buhrer Tavanier,1,753.21,0.0,0,0,0,1.3504536317479734
Yancey Strickler,1,3088.37,100.0,1,1,1,47.20522583281752
Yang Lan,1,424.17,0.0,0,0,1,6.593698359592111
Yanis Varoufakis,1,975.45,0.0,0,0,1,7.582381066245529
Yaniv Erlich,1,883.19,0.0,0,0,1,7.416919111311839
Yann Arthus-Bertrand,1,154.7,0.0,0,0,1,6.110422476262594
Yann Dall'Aglio,1,1075.86,0.0,0,0,1,7.762459484789769
Yann LeCun,1,140.47,0.0,0,0,1,6.084901951455459
Yannick Roudaut,1,162.37,0.0,0,0,0,0.290822790072047
Yara Shahidi,1,1705.73,0.0,0,0,1,8.89208794299574
Yasheng Huang,1,226.97,0.0,0,0,1,6.240033743150279
Yasin Kakande,1,409.06,0.0,0,0,0,0.7332443125367316
Yasmin Green,1,1065.3,0.0,0,0,1,7.743520852185178
Yasmin Hurd,1,108.01,0.0,0,0,1,6.026687177369749
Yassmin Abdel-Magied,1,756.83,0.0,0,0,1,7.190301155259152
Yat Siu,1,2008.84,0.0,0,0,1,9.43569484913004
Yaël Eisenstat,1,1050.68,0.0,0,0,1,7.717300889242075
YeYoon Kim,1,1020.82,0.0,0,0,0,1.8303937331982725
Yejin Choi,1,2327.09,100.0,1,1,1,45.839922591413675
Yelle,1,101.27,0.0,0,0,1,6.014599451635378
Yeonmi Park,1,2355.88,100.0,1,1,1,45.89155547329684
Yifat Susskind,1,1108.72,0.0,0,0,0,1.9880363284580957
Yijia Tu,1,3305.65,100.0,1,1,1,47.59490254610596
Yoav Medan,1,175.01,0.0,0,0,0,0.3134917594017872
Yochai Benkler,1,148.92,0.0,0,0,1,6.100056444401368
Yohei Nakajima,1,20.78,0.0,0,0,1,5.87024618095889
Yongey Mingyur Rinpoche,1,2773.38,100.0,1,1,1,46.64031296500305
Yoram Yovell,1,1338.01,0.0,0,0,1,8.232607452336559
Andreas Ekström,1,469.1,0.0,0,0,0,0.8409219168529978
테사 우드바르헬리(Tessza Udvarhelyi),1,849.8,0.0,0,0,0,1.5236811434219928
Yoshua Bengio,1,4811.94,100.0,1,1,1,50.29632990462609
Yossi Vardi,1,172.28,0.0,0,0,1,6.141950995314559
Young-ha Kim,1,466.79,0.0,0,0,1,6.670134393835269
Youssef Nader,1,1198.53,0.0,0,0,0,2.14910437715303
Yue Xiu Lim,1,3.98,0.0,0,0,0,0.006761235314329163
Yuko Morita,1,24.07,0.0,0,0,0,0.042791266472120386
Andreas Raptopoulos,1,251.17,0.0,0,0,0,0.4500794733379434
Yusuf Nurbhai,1,14.39,0.0,0,0,0,0.02543085325124338
Andreas Schleicher,1,203.33,0.0,0,0,1,6.197637031524087
Yve Blake,1,704.36,0.0,0,0,1,7.09619982450508
Andrei Adam,1,87.71,0.0,0,0,0,0.1569252228126795
Andrej Levin,1,21.91,0.0,0,0,0,0.038917455257544524
Yves Rossy,1,1723.26,0.0,0,0,1,8.923526790491811
Yvette Alberdingk Thijm,1,411.51,0.0,0,0,0,0.7376382187754867
Yvette Cabrera,1,910.51,0.0,0,0,0,1.6325603465872245
Andres Lozano,1,346.31,0.0,0,0,0,0.6207065098910672
Yvonne Newbold,1,1471.54,0.0,0,0,0,2.6387290066397684
Yvonne van Amerongen,1,819.28,0.0,0,0,0,1.4689456257049305
Zac Goldsmith,1,76.89,0.0,0,0,1,5.970875600981971
Zach Kaplan + Keith Schacht,1,75.34,0.0,0,0,1,5.968095782749288
Zach King,1,415.91,0.0,0,0,1,6.578884618558595
Zachariah Mampilly,1,341.71,0.0,0,0,0,0.6124567267489149
Zachary R. Wood,1,1562.53,0.0,0,0,0,2.8019133040537767
A. Dara Dotz,1,4.87,0.0,0,0,0,0.008357389009223845
Zahra Biabani,1,1335.88,0.0,0,0,0,2.3954321411909905
Zahra' Langhi,1,121.23,0.0,0,0,1,6.0503963367478475
Zainab Salbi,1,116.0,0.0,0,0,1,6.041016692001444
Zainab Usman,1,912.81,0.0,0,0,0,1.6366852381583006
Zak Ebrahim,1,1638.19,0.0,0,0,1,8.77095960529553
Zaria Forman,1,510.82,0.0,0,0,1,6.749099165954611
Zarlasht Halaimzai,1,1259.36,0.0,0,0,1,8.091554094916933
A Tribe Called Red,1,124.56,0.0,0,0,1,6.056368462370318
Zelalem Adefris,1,727.69,0.0,0,0,0,1.3046852696202067
Zeresenay Alemseged,1,191.11,0.0,0,0,1,6.175721303263848
Zeynep Ton,1,1042.38,0.0,0,0,0,1.8690601080993168
Andrew Arruda,1,34.53,0.0,0,0,0,0.061550555964927554
Ziauddin Yousafzai,1,692.56,0.0,0,0,1,7.075037337314341
Zineb Sqalli,1,1445.87,0.0,0,0,0,2.5926916298443228
Ziyah Gafić,1,262.49,0.0,0,0,0,0.4703811135921096
Zoya Lytvyn,1,1570.6,0.0,0,0,0,2.8163862931749004
Zoë Karl-Waithaka,1,1326.68,0.0,0,0,0,2.378932574906686
Zubaida Bai,1,325.28,0.0,0,0,1,6.4163459563470155
Zulfat Suara,1,33.55,0.0,0,0,1,5.893148296333953
adrienne maree brown,1,937.56,0.0,0,0,1,7.514427961189845
Andrew Bird,1,278.04,0.0,0,0,1,6.331624270339348
iO Tillett Wright,1,691.27,0.0,0,0,1,7.072723811172302
members of the Alvin Ailey American Dance Theater,1,155.34,0.0,0,0,0,0.2782149693134969
phillip agnew,1,1347.33,0.0,0,0,0,2.415966927490478
the Teresa Carreño Youth Orchestra,1,504.68,0.0,0,0,0,0.9047321960264278
tobacco brown,1,499.52,0.0,0,0,0,0.8954780914582744
Özlem Cekic,1,812.0,0.0,0,0,1,7.289244750031443
Özlem Türeci,1,1518.1,0.0,0,0,1,8.555586462351819
מוניקה לווינסקי,1,5736.04,100.0,1,1,0,46.12028429777524
روبن بكلي,1,1176.48,0.0,0,0,0,2.109559221004235
伊尔亚·苏茨克维,1,1971.72,0.0,0,0,0,3.535767383170581
AC Coppens,1,952.21,0.0,0,0,0,1.7073464242019534
Iseult Gillespie,56,2143.2,25.0,14,1,0,24.260048511286918
Alex Gendler,54,2953.83,38.88888888888889,21,1,0,36.408342300275415
TED-Ed,47,2192.8,36.17021276595745,17,1,1,36.591956605456005
Elizabeth Cox,21,1323.01,9.523809523809524,2,1,0,7.372369513730879
Emma Bryce,19,4249.06,63.1578947368421,12,1,0,39.72540387802456
Shannon Odell,18,3036.21,27.77777777777778,5,1,0,19.333798071117002
Stephanie Honchell Smith,17,1618.38,35.294117647058826,6,1,0,20.25508296319665
George Zaidan,15,1235.74,20.0,3,1,0,11.715873727999371
Fabio Pacucci,12,1123.53,8.333333333333332,1,1,1,11.59796646944817
Dan Kwartler,12,2078.04,41.66666666666667,5,1,0,22.476515595971634
Daniel Finkel,12,1463.05,8.333333333333332,1,1,0,6.373516899719197
Wendy De La Rosa,9,425.68,0.0,0,0,0,0.7630511377155516
Cella Wright,8,1345.66,12.5,1,1,0,7.621324846509838
Carolyn Beans,8,3376.27,50.0,4,1,0,26.888142855704444
Soraya Field Fiorio,8,1140.28,12.5,1,1,0,7.252989963523916
Ilan Stavans,7,654.26,0.0,0,0,1,7.006348925500333
Mark Robinson,7,2127.76,28.57142857142857,2,1,0,15.482324980530382
Eleanor Nelsen,7,3054.52,42.857142857142854,3,1,0,22.977760506182094
Sajan Saini,7,1016.58,14.285714285714285,1,1,0,7.656144888123076
Anees Bahji,6,2656.54,33.33333333333333,2,1,0,18.09732843070754
TED Countdown,6,887.68,0.0,0,0,0,1.5916163141664992
Kenny Coogan,6,1212.64,16.666666666666664,1,1,0,8.84110146492834
Mia Nacamulli,6,5044.51,66.66666666666666,4,1,0,35.713371686626395
Max G. Levy,6,2552.08,16.666666666666664,1,1,0,11.243294841433658
Noah Charney,6,921.43,0.0,0,0,1,7.485499917258774
Joy Lin,6,1006.1,16.666666666666664,1,1,0,8.470686201845702
Luka Seamus Wright,5,687.54,0.0,0,0,0,1.23267901023816
Kristen Bell + Giant Ant,5,184.03,0.0,0,0,1,6.163023810949405
Christina Greer,5,1348.32,20.0,1,1,1,16.084460562436902
Rose Eveleth,5,1784.88,20.0,1,1,1,16.867400851249513
Colm Kelleher,5,740.91,0.0,0,0,1,7.161749731862832
Michael Vazquez,5,3999.63,20.0,1,1,0,15.00604711666364
Claudia Aguirre,4,2443.03,50.0,2,1,0,23.547768255597955
Krishna Sudhir,4,3614.0,50.0,2,1,0,25.647822291677535
Amy Adkins,4,3636.08,75.0,3,1,0,35.27079067689444
Henri Picciotto,4,1133.73,0.0,0,0,0,2.032890040715754
Dennis Shasha,4,2527.34,50.0,2,1,1,29.53232773600919
Sarah Stroud,4,4525.12,25.0,1,1,0,17.698483825646825
Sheila Marie Orfano,4,630.34,0.0,0,0,0,1.1300947502966143
Shunan Teng,4,1944.52,50.0,2,1,0,22.65372490903397
Stefan Al,4,1321.43,0.0,0,0,0,2.369517061537925
TED,4,1135.13,25.0,1,1,0,11.618770270415336
Jeff Dekofsky,4,3118.74,25.0,1,1,0,15.176238170112011
Jean-Baptiste P. Koehl,3,455.09,0.0,0,0,0,0.8157959468917904
Helen M. Farrell,3,5369.7,66.66666666666666,2,1,0,34.62990460816744
Hyunsoo Joshua No,3,1501.12,33.33333333333333,1,1,0,15.191825776672882
Brian A. Pavlac,3,2005.19,33.33333333333333,1,1,0,16.095840600252167
Charles Wallace,3,852.24,0.0,0,0,0,1.5280571153495692
Christopher Warner,3,962.73,0.0,0,0,0,1.7262133195618319
Melvin Sanicas,3,2077.58,33.33333333333333,1,1,0,16.225667078873997
Dan Katz,3,1936.93,33.33333333333333,1,1,1,21.806776295011627
Pen-Pen Chen,3,3533.72,100.0,3,1,0,43.83724802196717
Rachel Yang,3,2800.71,66.66666666666666,2,1,1,35.855953303562885
Lindsay DeMarchi,3,2454.56,33.33333333333333,1,1,0,16.901754741684552
Lisa Winer,3,4528.85,100.0,3,1,0,45.621945130282384
Rod Phillips,3,1504.11,33.33333333333333,1,1,0,15.197188135715281
Chad Orzel,3,2732.79,66.66666666666666,2,1,1,35.734143462037885
Kayla Wolf,3,858.58,0.0,0,0,0,1.5394274686367968
Elise Cutts,3,1579.73,33.33333333333333,1,1,0,15.332807396847794
Tien Nguyen,3,9798.2,100.0,3,1,0,55.072161391173736
Tom Whyntie,3,966.02,0.0,0,0,0,1.7321137079395885
Judy Grisel,3,2697.55,33.33333333333333,1,1,0,17.33754056901316
Matt Anticole,3,2104.07,66.66666666666666,2,1,0,28.773222146752925
Ivan Seah Yu Jun,2,3850.75,50.0,1,1,0,25.23908063699291
Céline Valéry,2,1711.93,0.0,0,0,0,3.0698519130619406
Allison Leigh,2,444.77,0.0,0,0,0,0.7972877377554834
James Tanton,2,982.7,0.0,0,0,1,7.595383441850008
Charles Morton,2,770.04,0.0,0,0,0,1.3806370774615435
Dan Van der Vieren,2,4024.21,100.0,2,1,0,43.88357157912814
Hayley Levitt,2,951.21,0.0,0,0,0,1.7055529930840938
Gabriel Prieto,2,389.91,0.0,0,0,0,0.6989001066297282
Dennis E. Shasha,2,1237.25,0.0,0,0,0,2.218546030036538
Dennis Wildfogel,2,734.52,0.0,0,0,0,1.316934404155185
Densho,2,708.28,0.0,0,0,1,7.103230074487088
Jonathan J. O'Sullivan,2,4534.63,100.0,2,1,0,44.798974690305826
Chris A. Kniesly,2,1577.11,0.0,0,0,0,2.8280615297521634
Heba Shaheed,2,7861.99,100.0,2,1,0,50.7663656546258
Andrew Pontzen,2,1171.7,0.0,0,0,1,7.934341923125395
Bill Schutt,2,1437.67,50.0,1,1,0,20.91138787510925
Hei Man Chan,2,3876.49,100.0,2,1,1,49.45200123726251
Jay Van Bavel,2,341.76,0.0,0,0,0,0.612546398304808
Birte Kristiansen,2,1301.84,0.0,0,0,0,2.334383745939063
Andy Peterson,2,4647.59,100.0,2,1,1,50.83491597224372
Kanawat Senanan,2,1390.7,0.0,0,0,0,2.493748035072031
Kate Slabosky,2,1692.63,50.0,1,1,0,21.368641072918628
Kenneth C. Davis,2,2082.16,50.0,1,1,1,27.900591599122848
Kim Preshoff,2,5534.15,50.0,1,1,0,28.25814258079708
Christian Moro,2,1622.91,50.0,1,1,0,21.24360305538148
Joseph Lacey,2,1643.19,50.0,1,1,0,21.279973838451667
Joshua W. Pate,2,626.38,0.0,0,0,0,1.1229927630698917
Lucas Husted,2,1642.58,50.0,1,1,0,21.278879845469774
Lucy McGowan,2,318.68,0.0,0,0,0,0.5711540081046177
Marco A. Sotomayor,2,2549.75,50.0,1,1,0,22.905826752658097
Jessica Oreck,2,44.93,0.0,0,0,1,5.91355754245519
Jonathan Smith,2,538.7,0.0,0,0,0,0.9657447226559975
Adam Clulow,2,774.28,0.0,0,0,0,1.3882412254012666
Matthew Borths,2,2168.65,50.0,1,1,0,22.22235015364196
Megan Campisi,2,3306.38,100.0,2,1,0,42.596192919795264
Mel Rosenberg,2,2068.64,50.0,1,1,1,27.876344410409388
Brian Christian,2,2040.0,50.0,1,1,1,27.824980543193906
Michael Molina,2,6535.75,50.0,1,1,0,30.054443188444846
Ming Luke,2,274.45,0.0,0,0,1,6.325185852626233
Monica Menesini,2,4990.94,50.0,1,1,0,27.283932863264788
Mostafa Minawi,2,1786.55,50.0,1,1,0,21.53708012350796
Murat Dalkilinç,2,5489.33,100.0,2,1,0,46.511163378526
Anne F. Broadbridge,2,1820.43,50.0,1,1,0,21.59784156978103
Nassim Assefi,2,1353.45,0.0,0,0,0,2.4269427259317764
Nathan S. Jacobs,2,445.67,0.0,0,0,0,0.7989018257615568
Noah R. Bressman,2,430.08,0.0,0,0,0,0.7709422346341319
Noah Tavlin,2,15641.48,50.0,1,1,0,46.38494272126884
Adrienne Mayor,2,1312.63,0.0,0,0,1,8.187090170565291
Peta Greenfield,2,2529.66,50.0,1,1,0,22.869796721500308
Peter Campbell,2,6650.57,100.0,2,1,0,48.593767329828815
Peter Paccone,2,962.64,0.0,0,0,0,1.7260519107612244
Petra Sijpesteijn,2,1301.84,0.0,0,0,1,8.167739048803591
Philip Freeman,2,786.48,0.0,0,0,1,7.243476387903676
Rachael Teel,2,44.93,0.0,0,0,0,0.08020223959066318
Raiana McKinney,2,919.93,0.0,0,0,0,1.6494544677174583
Ray Laurence,2,4576.23,100.0,2,1,1,50.70693672767329
Richard Coffin,2,862.88,0.0,0,0,0,1.5471392224435911
Richard E. Cytowic,2,1304.31,0.0,0,0,0,2.3388135208001755
James Earle,2,6723.92,50.0,1,1,1,36.22526842475694
Rolf Landua,2,2061.44,50.0,1,1,0,22.030076403496277
Ji Hao,2,2477.33,50.0,1,1,0,22.77594647110274
Rusha Modi,2,6501.1,50.0,1,1,0,29.992300800211027
Jeff Leek,2,318.68,0.0,0,0,1,6.404509310969145
Erez Garty,2,3929.91,50.0,1,1,0,25.381048644282643
Sarthak Sinha,2,2070.55,50.0,1,1,0,22.046414560979972
Sascha Morrell,2,432.48,0.0,0,0,0,0.775246469316994
Scott A. Mellor,2,12524.35,100.0,2,1,0,59.127987161287784
Scott Gass,2,1011.46,0.0,0,0,0,1.8136072179351104
Armand D'Angour,2,2405.89,50.0,1,1,1,28.4811790549074
Hanako Sawada,2,960.53,0.0,0,0,0,1.7222677711025414
Stephen Esposito,2,2306.56,100.0,2,1,0,40.803084619537294
Sydney Iaukea,2,586.64,0.0,0,0,0,1.0517218104461674
David Lunney,2,2009.74,50.0,1,1,0,21.937356014702956
Alexandra Horowitz,2,1386.04,0.0,0,0,1,8.318745948927335
Vivian Jiang,2,2269.23,50.0,1,1,0,22.402733455476238
Jill Dash,2,5350.68,50.0,1,1,0,27.929101773603453
Yuan-Sen Ting,2,7978.17,100.0,2,1,0,50.97472648189868
Zack Patterson,2,4647.59,100.0,2,1,0,45.001560669379195
Anne Savage,1,793.87,0.0,0,0,0,1.4233745410001282
Anneliese Mehnert,1,673.4,0.0,0,0,0,1.207319894231631
Annie Bosler,1,6625.08,100.0,1,1,0,47.71471629879679
Antara Raychaudhuri,1,2013.96,0.0,0,0,0,3.6115219135889527
Anthony Fauci,1,1392.97,0.0,0,0,1,8.3311744265741
Anthony Hazard,1,5133.12,100.0,1,1,0,45.03898880819558
Antonio Cataldo,1,637.75,0.0,0,0,0,1.1433840748799506
Antonio Machado-Allison,1,1740.2,0.0,0,0,0,3.1205522107638197
Anuradha Bhagwat,1,9434.12,100.0,1,1,0,52.75253604610798
April Gudenrath,1,956.32,0.0,0,0,0,1.7147174260963545
Aracelis Girmay,1,105.13,0.0,0,0,1,6.0215220957503135
Arash Shadman,1,14753.03,100.0,1,1,0,62.291634753200434
Ariel Anbar,1,167.19,0.0,0,0,1,6.132822430924655
Arika Okrent,1,1150.44,0.0,0,0,1,7.896213577559709
Arinjay Banerjee,1,849.78,0.0,0,0,0,1.5236452747996356
Arleen Sugano,1,911.8,0.0,0,0,0,1.634873872729263
Asaf Bar-Yosef,1,931.49,0.0,0,0,0,1.6701865314399107
Ashkbiz Danehkar,1,403.07,0.0,0,0,0,0.7225016601407551
Ashley Ward,1,1259.1,0.0,0,0,1,8.091087802826289
Ashley Whillans,1,2737.18,100.0,1,1,1,46.57539075853655
Astrid J. Hsu,1,1360.79,0.0,0,0,0,2.4401065103368627
Audra A. Diptée,1,380.01,0.0,0,0,0,0.6811451385629221
Augusto Carballido,1,260.83,0.0,0,0,0,0.46740401793646336
Ayana Jamieson,1,208.19,0.0,0,0,0,0.37299780389235526
Balsher Singh Sidhu,1,757.69,0.0,0,0,0,1.3584882031559826
Barbara Thorne,1,433.62,0.0,0,0,1,6.610646283655881
Barry Cooper,1,5682.17,100.0,1,1,0,46.023672163456176
Beatrice K. Otto,1,1650.75,0.0,0,0,0,2.960129797271315
Belinda Stutzman,1,1865.68,0.0,0,0,0,3.345591947432792
Ben Longdon,1,792.75,0.0,0,0,0,1.4213658981481259
Ben Proudfoot,1,1045.34,0.0,0,0,1,7.707723967072706
Bence Nanay,1,212.4,0.0,0,0,1,6.213903451763071
Benjamin Hudson,1,1629.51,0.0,0,0,1,8.755392623192513
Benjamin Seibold,1,364.32,0.0,0,0,0,0.6530062043237114
Bethany Rickwald,1,1405.76,0.0,0,0,0,2.5207571077069906
Betsy Schwarm,1,1662.2,0.0,0,0,0,2.9806645835708028
Bettina Bair,1,1558.35,0.0,0,0,0,2.7944167619811253
Bill Keegan,1,707.49,0.0,0,0,1,7.101813263903978
Bill Shillito,1,229.16,0.0,0,0,1,6.2439613572983905
Bill Shribman,1,165.25,0.0,0,0,0,0.2959878716914815
Brad Troeger,1,858.16,0.0,0,0,0,1.5386742275672958
Bradley Voytek,1,294.39,0.0,0,0,0,0.5275915662518178
Brandon Rodriguez,1,287.09,0.0,0,0,0,0.5144995190914458
Breeanna Elliott,1,3857.44,100.0,1,1,0,42.75114459976497
Brendan Constantine,1,298.14,0.0,0,0,0,0.5343169329437898
Brendan Rogers,1,391.45,0.0,0,0,1,6.535017293415758
Brent Loken,1,1453.73,0.0,0,0,1,8.440143301295224
Brian A. Levine,1,1169.69,0.0,0,0,0,2.0973818237139707
Brian Crim,1,1017.89,0.0,0,0,0,1.8251389800229452
Brian D. Avery,1,1014.06,0.0,0,0,0,1.818270138841544
Brian Jones,1,72.2,0.0,0,0,1,5.96246440903921
Briana Brownell,1,554.89,0.0,0,0,0,0.994780372454138
Brooke Buddemeier,1,865.88,0.0,0,0,0,1.5525195157971687
Bruce A. Schulte,1,178.1,0.0,0,0,0,0.3190334615559721
Cameron Morin,1,538.41,0.0,0,0,0,0.9652246276318184
Cameron Paterson,1,445.6,0.0,0,0,0,0.7987762855833067
Camille Defrenne,1,471.56,0.0,0,0,0,0.8453337574029314
Camille Langston,1,1739.27,0.0,0,0,0,3.1188843198242107
Camilo Ramirez,1,283.34,0.0,0,0,0,0.5077741523994737
Carl Zimmer,1,422.3,0.0,0,0,1,6.590344643401715
Carlos Reif,1,704.97,0.0,0,0,0,1.263938514622446
Carly Anne York,1,259.52,0.0,0,0,0,0.46505462317206775
Carol Farbotko,1,418.92,0.0,0,0,0,0.7509275433588233
Caroline Weaver,1,563.26,0.0,0,0,0,1.0097913909106195
Carolyn Harris,1,1804.05,0.0,0,0,1,9.068418090503656
Carolyn Marshall,1,1089.94,0.0,0,0,0,1.9543556920647003
Carvens Lissaint,1,83.44,0.0,0,0,0,0.1492672719394208
Catalina Pimiento,1,1736.74,0.0,0,0,0,3.1143469390960266
Catharine Young,1,1641.14,0.0,0,0,0,2.942894924228688
Chand John,1,1633.07,0.0,0,0,0,2.928421935107564
Charita Gainey,1,184.77,0.0,0,0,0,0.33099564711209295
Chase LaDue,1,178.1,0.0,0,0,0,0.3190334615559721
Chiara Decaroli,1,201.62,0.0,0,0,0,0.3612149614480204
Chinyanta Kabaso,1,288.49,0.0,0,0,0,0.5170103226564485
Chip Berlet,1,2417.49,100.0,1,1,1,46.00204876446814
Chris Anderson (TED),1,5989.88,100.0,1,1,1,52.40888415559716
Chris Roe,1,201.69,0.0,0,0,1,6.194695804490799
Christian Jarrett,1,1553.94,0.0,0,0,0,2.7865077307513664
Christian Rudder,1,536.7,0.0,0,0,1,6.795513163284807
Christian Sardet,1,440.88,0.0,0,0,0,0.7903112907070112
Christine Ladwig,1,1474.86,0.0,0,0,0,2.644683197951061
Christopher Danielson,1,685.81,0.0,0,0,0,1.2295763744042636
Christopher E. Gaw,1,421.09,0.0,0,0,0,0.7548192888845778
Christopher M. Moreman,1,861.75,0.0,0,0,1,7.378467948144937
Cindy J. Aaronson,1,2953.09,100.0,1,1,0,41.129255168329
Cindy Solomon,1,2061.29,0.0,0,0,0,3.696405008397229
Claire Bowern,1,2628.32,100.0,1,1,1,46.3801578470464
Claire Simeone,1,223.16,0.0,0,0,1,6.233200770591235
Claudia Vega,1,4820.17,100.0,1,1,0,44.477734539861544
Clay Routledge,1,1115.46,0.0,0,0,0,2.000124054192467
Clifford Robbins,1,1158.88,0.0,0,0,0,2.0779948333299125
Cláudio Guerra,1,2377.45,100.0,1,1,0,40.09688447964454
Cláudio L. Guerra,1,5539.03,100.0,1,1,0,45.766960433245806
Clément Vidal,1,393.57,0.0,0,0,1,6.538819367385621
Congrui Jin,1,660.01,0.0,0,0,0,1.1833058515634967
Conor Heffernan,1,1674.22,0.0,0,0,0,3.00222162560747
Constantine N. Vaporis,1,795.82,0.0,0,0,0,1.4268717316799537
Cory Combs,1,868.21,0.0,0,0,0,1.5566982103017808
Courtney Stephens,1,714.24,0.0,0,0,0,1.2805636210850007
Craig A. Kohn,1,1049.96,0.0,0,0,0,1.8826543159726896
Craig Thomson,1,881.71,0.0,0,0,0,1.5809095303928797
Craig Zimmer,1,15034.36,100.0,1,1,0,62.79618072958776
Cristin O'Keefe Aptowicz,1,93.79,0.0,0,0,1,6.001184586873791
Cynthia Fay Davis,1,1598.08,0.0,0,0,0,2.865669780293671
Daina Ramey Berry,1,302.57,0.0,0,0,1,6.375617135660433
Damion Searls,1,3026.1,100.0,1,1,1,47.09354887710843
Damon Brown,1,869.94,0.0,0,0,0,1.5598008461356772
Dan Adams,1,1663.07,0.0,0,0,1,8.815580171507868
Dan Clay,1,1054.22,0.0,0,0,0,1.8902943325347694
Dan Reinstein,1,3132.56,100.0,1,1,1,47.28447755391572
Dan Sayers,1,235.37,0.0,0,0,0,0.42174326167576814
Dan Shipper,1,1863.93,0.0,0,0,0,3.342453442976538
Dani Rabaiotti,1,1435.0,0.0,0,0,1,8.406552336457722
Daniel Dulek,1,1274.8,0.0,0,0,0,2.2858893685121506
Daniel Engber,1,279.36,0.0,0,0,0,0.5006362965503942
Daniel Garrie,1,68.17,0.0,0,0,0,0.12188157876971087
Daniel Gregory,1,893.77,0.0,0,0,0,1.6025383096742618
Daniel H. Pink,1,2464.89,100.0,1,1,1,46.08705739945467
Daniel L. Schacter,1,1255.03,0.0,0,0,1,8.083788538176602
Daniel M. Abrams,1,4469.27,100.0,1,1,0,43.84841956060476
Daniel Nickrent,1,620.98,0.0,0,0,0,1.113308235033452
Daniel Sperling,1,423.91,0.0,0,0,1,6.593232067501469
Daniele Zanzi,1,1855.01,0.0,0,0,0,3.3264560374052343
Danielle Allen,1,1061.53,0.0,0,0,1,7.736759616870846
Darien Satterfield,1,268.3,0.0,0,0,0,0.48080094838687154
Daro Sulakauri,1,1095.46,0.0,0,0,1,7.79761073469981
Darren Croft,1,713.11,0.0,0,0,0,1.2785370439218195
Darren Parker,1,481.92,0.0,0,0,0,0.8639137037839526
Dasha Savage,1,1111.55,0.0,0,0,0,1.993111738521637
David Dunning,1,5251.23,100.0,1,1,1,51.08416626039046
David Friedberg,1,911.07,0.0,0,0,1,7.466919970877754
David Ian Howe,1,1551.65,0.0,0,0,1,8.615756076355996
David J. Malan,1,1121.87,0.0,0,0,1,7.844975250522471
David Kessler,1,1061.8,0.0,0,0,0,1.903888540408142
David L. Hu,1,212.51,0.0,0,0,1,6.214100729186034
David L. Suskind,1,428.76,0.0,0,0,0,0.7685749055585578
David R. Flum,1,4381.54,100.0,1,1,0,43.69108184863497
David Schwartz,1,319.63,0.0,0,0,1,6.406213070531111
Dawn Maslar,1,3103.27,100.0,1,1,0,41.3985926536091
Deanna Pucciarelli,1,4503.96,100.0,1,1,0,43.91063368608329
Delaney Thull,1,593.57,0.0,0,0,0,1.0641502880929317
Denice Frohman,1,174.83,0.0,0,0,1,6.1465242446651
Derek Abbott,1,1939.41,0.0,0,0,1,9.311176926617078
Devin Shuman,1,1508.54,0.0,0,0,0,2.7050859580005584
Diana Sierra Becerra,1,215.22,0.0,0,0,1,6.218960927515433
Diane J. Rayor,1,534.15,0.0,0,0,0,0.9575846110697381
Dion Dawson,1,2532.56,100.0,1,1,0,40.37506358033568
Dominic Packer,1,304.52,0.0,0,0,0,0.5457590234757315
Don Cheadle,1,13.85,0.0,0,0,1,5.8578177033121275
Don Greene,1,6625.08,100.0,1,1,0,47.71471629879679
Don Lincoln,1,218.61,0.0,0,0,1,6.225040659004975
Doug Levinson,1,1334.58,0.0,0,0,0,2.3931006807377733
Doug MacKay,1,1736.7,0.0,0,0,0,3.1142752018513127
Douglas Fudge,1,294.66,0.0,0,0,0,0.5280757926536399
Douglas J. Casa,1,1140.75,0.0,0,0,0,2.0454799271631257
Douglas L. Oliver,1,486.39,0.0,0,0,0,0.8719303408807833
Douglas MacLean,1,800.81,0.0,0,0,1,7.2691762558225985
Dr. Matt J. Carlson,1,104.52,0.0,0,0,0,0.18707279990389258
Dr. Natascha M. Santos,1,5000.78,100.0,1,1,0,44.801646134058096
Dustin Tahmahkera,1,187.22,0.0,0,0,0,0.335389553350848
Eden Girma,1,1997.01,0.0,0,0,0,3.5811232561412396
Edmond Hui,1,1842.62,0.0,0,0,0,3.304235425854958
Edwin Meyer,1,1085.59,0.0,0,0,0,1.9465542667020121
Einav Zamir Dembin,1,845.55,0.0,0,0,0,1.5160590611710913
Eldridge Adams,1,315.37,0.0,0,0,0,0.5652177511045038
Elizabeth Brauer,1,2279.07,100.0,1,1,0,39.920446726269546
Elizabeth Carlen,1,563.79,0.0,0,0,0,1.0107419094030847
Elizabeth Hellmuth Margulis,1,680.8,0.0,0,0,0,1.220591284503789
Elizabeth Leane,1,173.95,0.0,0,0,0,0.3115907224168564
Elizabeth Margulis,1,4720.79,100.0,1,1,0,44.2995033553687
Elizabeth Waters,1,584.54,0.0,0,0,0,1.047955605098663
Elyse Cox,1,230.37,0.0,0,0,0,0.41277610608647225
Emily A. Geest,1,1126.61,0.0,0,0,0,2.0201208111565965
Emily Dickinson,1,214.91,0.0,0,0,1,6.218404963868896
Emily M. Godfrey,1,1537.21,0.0,0,0,0,2.7565036281495816
Emily Zobel Marshall,1,659.68,0.0,0,0,0,1.1827140192946028
Emma Lazarus,1,154.06,0.0,0,0,1,6.1092746803471645
Emmanuel During,1,421.44,0.0,0,0,0,0.7554469897758286
Enda Butler,1,9495.94,100.0,1,1,0,52.86340595781404
Erick Wilberding,1,4467.91,100.0,1,1,0,43.84598049428447
Erika Bachiochi,1,1339.52,0.0,0,0,1,8.235315533324526
Erika Moore,1,999.7,0.0,0,0,0,1.7925164679890864
Erin Meezan,1,257.1,0.0,0,0,0,0.4607145198668484
Esther Choo,1,166.1,0.0,0,0,1,6.130867591006189
Esther Wozniak,1,506.09,0.0,0,0,0,0.9072609339026092
Eva-Maria Geigl,1,4072.99,100.0,1,1,0,43.13771867721952
Evan Zodl,1,279.72,0.0,0,0,0,0.5012819317528235
Eve Gaus,1,1586.88,0.0,0,0,0,2.8455833517736484
Evelien Borgman,1,792.1,0.0,0,0,0,1.4202001679215175
Ewandro Magalhaes,1,744.49,0.0,0,0,0,1.3348149124002413
Fan Zhang,1,786.69,0.0,0,0,1,7.2438530084384265
Fareed Zakaria,1,499.35,0.0,0,0,1,6.728528511032766
Fiona Radford,1,2546.11,100.0,1,1,0,40.39936457198267
Flavio dos Santos Gomes,1,246.35,0.0,0,0,0,0.4414351353498621
Francesca Barbero,1,1107.07,0.0,0,0,0,1.9850771671136278
Francesca Bot,1,490.08,0.0,0,0,0,0.8785481017056836
Francisco Díez-Buzo,1,1529.79,0.0,0,0,0,2.7431963692550667
Frank Cogliano,1,604.82,0.0,0,0,0,1.0843263881688476
Frank G. Gress,1,3025.78,100.0,1,1,0,41.259619676286185
Franziska Naether,1,1191.27,0.0,0,0,0,2.136084067237372
G. Richard Scott,1,4587.49,100.0,1,1,0,44.06043898735807
Gala Jackson,1,1773.44,0.0,0,0,0,3.1801658611214596
Gale E. Ridge,1,1969.97,0.0,0,0,0,3.532628878714327
Ganesh Pai,1,4064.95,100.0,1,1,0,43.12329949103193
Gareth Gaskell,1,417.69,0.0,0,0,0,0.7487216230838565
Garth Sundem,1,2259.48,100.0,1,1,0,39.88531341067068
Gary Devore,1,1724.58,0.0,0,0,0,3.092538816702859
Gayathri Vasudevan,1,124.19,0.0,0,0,0,0.22234958999218296
Geoff Emberling,1,741.87,0.0,0,0,0,1.3301161228714502
Geoffrey E. Braswell,1,620.0,0.0,0,0,0,1.1115506725379503
George Siedel,1,1474.86,0.0,0,0,1,8.478038500815588
Georges Nzongola-Ntalaja,1,1143.85,0.0,0,0,1,7.884394866493016
Gerd Gigerenzer,1,434.3,0.0,0,0,1,6.6118658168160245
Gerry Wright,1,644.49,0.0,0,0,1,6.988827103478849
Gil Tal,1,423.91,0.0,0,0,0,0.7598767646369408
Gil Weinberg,1,235.7,0.0,0,0,1,6.2556903968091895
Gil Winch,1,203.35,0.0,0,0,0,0.3643175972819168
Gilad Bino,1,930.92,0.0,0,0,0,1.6691642757027307
Gillian Gibb,1,917.88,0.0,0,0,0,1.6457779339258471
Gina Cooke,1,290.11,0.0,0,0,0,0.5199156810673805
Gina Marie Elia,1,3083.1,100.0,1,1,0,41.36241914796187
Ginnie Nguyen,1,14686.04,100.0,1,1,0,62.171492802615035
Glynnis Hood,1,541.85,0.0,0,0,0,0.9713940306772542
GoodBye Monkey,1,110.3,0.0,0,0,0,0.19743883176511873
Gordon Hamilton,1,480.83,0.0,0,0,0,0.861958863865486
Gordon Williamson,1,1086.64,0.0,0,0,0,1.9484373693757648
Gorick Ng,1,596.9,0.0,0,0,0,1.0701224137154026
Grace E. Cunningham,1,3439.38,100.0,1,1,0,42.00138278663275
Grace Smith-Viduarre,1,1270.24,0.0,0,0,0,2.2777113226147128
Graeme Anderson,1,1068.06,0.0,0,0,1,7.748470722070469
Graham Baird,1,1554.34,0.0,0,0,0,2.7872251031985096
Grantly Galland,1,1333.77,0.0,0,0,0,2.391648001532307
Haimanti Roy,1,2781.78,100.0,1,1,0,40.82202248352854
Hanan Qasim,1,12806.37,100.0,1,1,0,58.80043413330864
Hanna-Ilona Härmävaara,1,1017.52,0.0,0,0,0,1.824475410509337
Hannah Stocking,1,3.43,0.0,0,0,1,5.839130151064034
Hannibal Person,1,2803.67,100.0,1,1,0,40.86128069069848
Hazel Cottle,1,297.48,0.0,0,0,0,0.5331332684060027
Heather J. Faust,1,259.53,0.0,0,0,0,0.4650725574832463
Heather Malyuk,1,449.82,0.0,0,0,0,0.8063445649006724
Hector Lanz,1,448.79,0.0,0,0,0,0.8044973308492775
Helen Farr,1,569.95,0.0,0,0,1,6.8551447479536245
Henry Ou,1,2075.56,0.0,0,0,0,3.7219972704490796
Henry Richardson,1,309.51,0.0,0,0,0,0.554708244753849
Hilary Coller,1,9966.52,100.0,1,1,0,53.70735877325621
Hortensia Jiménez Díaz,1,2274.12,100.0,1,1,0,39.91156924223615
Hosted by Al Gore,1,6.28,0.0,0,0,0,0.010886126885405311
Hosted by Chris Hemsworth,1,8.37,0.0,0,0,0,0.014634397921731027
Hosted by Jane Fonda,1,3.92,0.0,0,0,0,0.0066536294472576115
Hosted by Mark Ruffalo,1,13.85,0.0,0,0,0,0.02446240044759941
Hosted by Prajakta Koli,1,3.43,0.0,0,0,0,0.0057748481995066065
Hugo Mercier,1,905.23,0.0,0,0,0,1.6230910302849282
Huiyi Lin,1,869.93,0.0,0,0,0,1.5597829118244984
Hélène Morlon,1,229.06,0.0,0,0,1,6.243782014186604
Imogen Ellen Napper,1,463.4,0.0,0,0,0,0.8306993594812002
Imran Razik,1,3149.25,100.0,1,1,0,41.48105461640826
Ingrid Boas,1,418.92,0.0,0,0,0,0.7509275433588233
Ioannis Papachimonas,1,223.08,0.0,0,0,0,0.39970199323727873
J. V. Maranto,1,3419.35,100.0,1,1,0,41.96546036134203
Jac de Haan,1,2828.0,100.0,1,1,0,40.904914869796
Jack Cooper,1,1736.74,0.0,0,0,0,3.1143469390960266
Jacob Soboroff,1,20.45,0.0,0,0,1,5.8696543486899975
Jacqueline Doan,1,678.81,0.0,0,0,0,1.2170223565792493
Jacques S. Abramowicz,1,288.38,0.0,0,0,0,0.5168130452334841
Jaden Smith,1,6.28,0.0,0,0,1,5.844241429749932
Jakob Christensen-Dalsgaard,1,508.02,0.0,0,0,0,0.9107222559600775
Jamelle Bouie,1,21.8,0.0,0,0,1,5.872075480699108
James A. Smith,1,590.71,0.0,0,0,0,1.0590210750958544
James Gillies,1,1286.48,0.0,0,0,1,8.140191946833273
James McManus,1,2205.15,100.0,1,1,1,45.62123160090192
James Spann,1,18299.52,100.0,1,1,1,74.48537558124141
James Zucker,1,1093.57,0.0,0,0,0,1.9608658470225286
Jamie Bernthal,1,901.7,0.0,0,0,0,1.6167602184388852
Jan Bill,1,610.24,0.0,0,0,0,1.0940467848276445
Jan Stejskal,1,596.4,0.0,0,0,1,6.902581001021001
Jane Hirshfield,1,774.13,0.0,0,0,1,7.221327513598115
Janell Hobson,1,815.46,0.0,0,0,0,1.4620947188347082
Janelle Peters,1,510.06,0.0,0,0,0,0.9143808554405103
Janja Lalich,1,2464.75,100.0,1,1,1,46.086806319098166
Jason Hoellwarth,1,7846.9,100.0,1,1,0,49.90596630721951
Jason Keam,1,9.71,0.0,0,0,0,0.01703759561966235
Jason Robert Jaffe,1,194.76,0.0,0,0,0,0.3489120239795063
Jaspal Ricky Singh,1,1370.01,0.0,0,0,0,2.4566419452435246
Javier Antonio Quinones,1,1500.05,0.0,0,0,0,2.6898597278099343
Jean-François Bastin,1,2388.37,100.0,1,1,0,40.11646874745156
Jeff Steers,1,833.1,0.0,0,0,0,1.4937308437537444
Jeffrey A. Lockwood,1,409.61,0.0,0,0,1,6.567586002516082
Jeffrey D. Means,1,619.78,0.0,0,0,0,1.111156117692021
Jeffrey Siegel,1,9528.51,100.0,1,1,0,52.921818009322706
Jenell Johnson,1,3695.02,100.0,1,1,0,42.45985551760227
Jennifer Holmgren,1,23.78,0.0,0,0,1,5.875626474312468
Jennifer Jacquet,1,900.31,0.0,0,0,1,7.447622652049588
Jennifer Lu,1,3697.08,100.0,1,1,0,42.463549985705065
Jennifer Petriglieri,1,201.86,0.0,0,0,0,0.3616453849163066
Jennifer Verduin,1,1403.62,0.0,0,0,0,2.5169191651147718
Jesse Byock,1,405.92,0.0,0,0,1,6.560968241691182
Jesse Kroll,1,266.9,0.0,0,0,0,0.4782901448218686
Jessica Howard,1,391.45,0.0,0,0,1,6.535017293415758
Jessica S. Wieder,1,865.88,0.0,0,0,0,1.5525195157971687
Jessica Smith,1,3511.84,100.0,1,1,0,42.13133480543283
Jessica Tomkins,1,924.12,0.0,0,0,0,1.6569689441012885
Jessica Whited,1,1287.97,0.0,0,0,0,2.3095088563343564
Jim Schulz,1,5545.68,100.0,1,1,0,45.77888675017957
Joanna Moles,1,563.79,0.0,0,0,0,1.0107419094030847
Joao Pedro de Magalhaes,1,2471.76,100.0,1,1,1,46.099378271234364
Jodie Houlston-Lau,1,341.56,0.0,0,0,0,0.612187712081236
Joel Bervell,1,1290.36,0.0,0,0,1,8.147150459570568
Joelle Rabow Maletis,1,1503.64,0.0,0,0,0,2.696298145523049
John C. Moore,1,377.51,0.0,0,0,1,6.5100168636328
John Cameron,1,1357.36,0.0,0,0,0,2.433955041602606
John David Walters,1,8157.77,100.0,1,1,0,50.46349023882839
John Kerry,1,932.91,0.0,0,0,1,7.506088506491798
John Kitching,1,1509.23,0.0,0,0,0,2.7063234254718815
John Lewis,1,1404.05,0.0,0,0,1,8.35104564335998
John Marshall,1,782.79,0.0,0,0,1,7.236858627078776
John Soluri,1,1778.04,0.0,0,0,0,3.188415644263612
John Varney,1,1048.16,0.0,0,0,0,1.8794261399605432
Jon Adams,1,569.95,0.0,0,0,1,6.8551447479536245
Jon Bergmann,1,1705.36,0.0,0,0,0,3.0580690706176052
Jon Kung,1,1336.52,0.0,0,0,1,8.229935239970947
Jonathan Butterworth,1,594.9,0.0,0,0,0,1.0665355514796844
Jonathan Morris,1,4096.47,100.0,1,1,0,43.179828439866846
Jordana Moore Saggese,1,520.41,0.0,0,0,0,0.9329428675103527
Joseph Goffman,1,1678.37,0.0,0,0,0,3.0096643647465853
Joseph Isaac,1,475.29,0.0,0,0,1,6.685378558337074
Josh Samani,1,925.78,0.0,0,0,0,1.6599460397569346
Joshua Borths,1,5699.86,100.0,1,1,0,46.0553979599311
Joshua Harvey,1,658.38,0.0,0,0,0,1.1803825588413859
Joshua Paul Dale,1,1362.68,0.0,0,0,0,2.4434960951496167
Joshua Roman,1,1535.82,0.0,0,0,1,8.587366061760287
José Américano N L F de Freitas,1,616.47,0.0,0,0,0,1.1052198606919073
Joëlle Rollo-Koster,1,1680.51,0.0,0,0,1,8.846857610203331
Judd A. Schorr,1,3013.11,100.0,1,1,0,41.23689690402291
Judy Cebra-Thomas,1,451.36,0.0,0,0,0,0.8091064488221756
Julie Dreyfuss,1,1553.03,0.0,0,0,0,2.7848757084341145
Julissa Prado,1,2343.19,100.0,1,1,0,40.03544152954668
June Tangney,1,131.98,0.0,0,0,0,0.23632041840030604
Jung von Matt,1,17.1,0.0,0,0,1,5.86364635444517
Justin Schmidt,1,1167.37,0.0,0,0,0,2.093221063520537
Justin Trudeau,1,1165.24,0.0,0,0,1,7.922756358104026
Juwen Zhang,1,1997.05,0.0,0,0,0,3.581194993385954
K. Erica Dodge,1,249.36,0.0,0,0,0,0.4468333630146184
AJ Hikes,1,1657.43,0.0,0,0,1,8.805465220003143
AKQA,1,17.1,0.0,0,0,1,5.86364635444517
Karen D. Davis,1,1245.21,0.0,0,0,0,2.232821741734697
Karen Guillemin,1,843.17,0.0,0,0,1,7.345145997975114
Karen L. Cox,1,1591.84,0.0,0,0,1,8.687834072982756
Karli Büchling,1,221.57,0.0,0,0,0,0.39699391224931135
Karlos Hill,1,1687.7,0.0,0,0,0,3.0263970770762123
Kate Gardoqui,1,669.0,0.0,0,0,0,1.1994287973130509
Kate Green,1,10584.36,100.0,1,1,1,60.648767557978864
Kate Messner,1,3225.17,100.0,1,1,0,41.617211906876136
Katerina Kaouri,1,2126.07,0.0,0,0,0,3.812583476212148
Katharina Brecht,1,8370.28,100.0,1,1,0,50.844612285684654
Katharina Ribbeck,1,4449.42,100.0,1,1,1,49.646175255779774
Katherine Hampsten,1,1751.06,0.0,0,0,0,3.1400288727037706
Kathleen Morrill Pirovich,1,3985.0,100.0,1,1,0,42.97991467315908
Kathryn M. Stephenson,1,428.76,0.0,0,0,0,0.7685749055585578
Kathryn Tempest,1,17751.38,100.0,1,1,0,67.66896894543353
Katie McGinty,1,316.8,0.0,0,0,1,6.401137660467569
Kay Almere Read,1,958.78,0.0,0,0,0,1.7191292666462878
Kay Read,1,774.62,0.0,0,0,0,1.3888509919813388
Kayla Mandel Sheets,1,2012.6,0.0,0,0,0,3.6090828472686645
Keenan Norris,1,300.56,0.0,0,0,0,0.5386570362490091
Keith Eggener,1,2521.6,100.0,1,1,0,40.35540757528394
Kelli Sandman-Hurley,1,3383.74,100.0,1,1,0,41.901596279235065
Kenneth Kostel,1,404.06,0.0,0,0,0,0.7242771569474358
Aaron Perzanowski,1,2131.99,0.0,0,0,1,9.656555891294401
Kevin Ehrman-Solberg,1,354.11,0.0,0,0,0,0.6346952726103691
Aaron Reedy,1,1742.04,0.0,0,0,0,3.1238521240206807
Kevin P. Boyd,1,8976.43,100.0,1,1,0,51.93170055777501
Aaron Sams,1,1073.1,0.0,0,0,1,7.757509614904477
Aaron Slepkov,1,2780.29,100.0,1,1,0,40.81935027116293
Aatish Bhatia,1,1787.38,0.0,0,0,0,3.2051662909044167
Kirsten Delegard,1,354.11,0.0,0,0,0,0.6346952726103691
Kit Brooks,1,998.38,0.0,0,0,0,1.7901491389135122
Kostas Karpouzis,1,186.21,0.0,0,0,0,0.3335781879218102
Abdallah Ewis,1,894.65,0.0,0,0,0,1.6041165290579777
Kristiina J. Hurme,1,661.39,0.0,0,0,0,1.185780786506142
Krystian Aparta,1,847.24,0.0,0,0,0,1.5190899597602734
Kylan Gibbs,1,1326.33,0.0,0,0,0,2.3783048740154347
Larry Lagerstrom,1,929.68,0.0,0,0,0,1.6669404211165855
Lars Brownworth,1,646.93,0.0,0,0,1,6.993203075406426
Laura Aitken-Burt,1,2965.37,100.0,1,1,0,41.151278502456314
Laura Shin,1,394.85,0.0,0,0,0,0.7077596563519526
Laura Wright,1,366.4,0.0,0,0,1,6.490091843913386
Laurence Hurst,1,1380.83,0.0,0,0,1,8.309402172803287
Lea Gaslowitz,1,1885.75,0.0,0,0,0,3.3815861099682256
Leah Lagos,1,1370.01,0.0,0,0,0,2.4566419452435246
Achmad Ariefiandy,1,4050.22,100.0,1,1,0,43.09688225066586
LeeAnn Renninger,1,1614.19,0.0,0,0,0,2.8945619556023825
Lehua Kamalu,1,838.49,0.0,0,0,0,1.5033974374790056
Leo Q. Wan,1,503.85,0.0,0,0,0,0.9032436481986048
Leon Claessens,1,1041.53,0.0,0,0,0,1.8675356916491364
Leonora Neville,1,638.92,0.0,0,0,0,1.145482389287846
Leslie Kenna,1,994.95,0.0,0,0,0,1.7839976701792553
Lewis Carroll,1,596.56,0.0,0,0,1,6.902867949999858
Liesbeth Demuyser,1,1205.5,0.0,0,0,0,2.1616045920445086
Lieven Scheire,1,237.8,0.0,0,0,1,6.2594566021566935
Lijun Zhang,1,1388.72,0.0,0,0,1,8.323552344323199
Lillian Faderman,1,126.23,0.0,0,0,1,6.059363492337143
Lina Marieth Hoyos,1,569.81,0.0,0,0,0,1.021538364732597
Linda T. Elkins-Tanton,1,1755.79,0.0,0,0,1,8.981867104755773
Lisa Damour,1,1652.98,0.0,0,0,1,8.797484451528668
Lisa Janae Bacon,1,296.37,0.0,0,0,0,0.531142559865179
Lisa Krause,1,966.29,0.0,0,0,0,1.7325979343414104
Liz Fosslien,1,574.91,0.0,0,0,1,6.8640401662982065
Lorenzo García-Amaya,1,1641.98,0.0,0,0,0,2.9444014063676898
Lori Marino,1,11163.79,100.0,1,1,1,61.68793535060002
Lorin Swint Matthews,1,121.8,0.0,0,0,1,6.051418592485026
Lorraine Lisiecki,1,6461.06,100.0,1,1,1,53.25391302971004
Lou Serico,1,1645.98,0.0,0,0,0,2.9515751308391263
Louise Thwaites,1,15523.71,100.0,1,1,0,63.67379624711214
Lucas C. Majure,1,469.59,0.0,0,0,0,0.8418006981007488
Adam Pritchard,1,3210.36,100.0,1,1,0,41.59065119202064
Lucia Carminati,1,776.24,0.0,0,0,0,1.3917563503922707
Luis Zambrano,1,2502.22,100.0,1,1,1,46.154006183084356
Adam Zeman,1,6333.47,100.0,1,1,0,47.19173385051787
Lukas Rieppel,1,760.37,0.0,0,0,0,1.3632945985518454
Luke M. Jacobus,1,644.45,0.0,0,0,0,1.1554000633696075
Addison Anderson,1,1271.43,0.0,0,0,0,2.2798455056449654
Adeline Cuvelier,1,5839.86,100.0,1,1,0,46.30647831643139
Lyla Latif,1,445.8,0.0,0,0,0,0.7991349718068785
M Jackson,1,223.14,0.0,0,0,1,6.233164901968878
M. Alejandra Perotti,1,1397.77,0.0,0,0,0,2.506427593075296
Madhavi Venkatesan,1,294.73,0.0,0,0,1,6.3615566356964175
Malachy McHugh,1,11121.65,100.0,1,1,0,55.779004860428905
Malay Bera,1,1694.98,0.0,0,0,0,3.039453255614227
Aditi Nerurkar,1,2171.37,100.0,1,1,0,39.727294194876116
Manish Kumar,1,4477.34,100.0,1,1,1,49.69624785259041
Mar Hershenson,1,933.37,0.0,0,0,1,7.506913484806013
Marc Adam Hertzman,1,246.35,0.0,0,0,0,0.4414351353498621
Marc Fagelson,1,3834.66,100.0,1,1,0,42.710290238900136
Marcos Salazar,1,2073.53,0.0,0,0,0,3.7183566052798254
Marcus Samuelsson,1,904.7,0.0,0,0,1,7.45549581465699
Margaret Hamilton,1,223.0,0.0,0,0,0,0.3995585187478499
Adrián Paenza,1,2482.89,100.0,1,1,1,46.119339159576136
Maria Elena De Obaldia,1,1856.04,0.0,0,0,1,9.161658574321157
Maria R. D’Orsogna,1,381.7,0.0,0,0,0,0.6841760371521041
Marianne Schwarz,1,2411.75,100.0,1,1,0,40.15839916698711
Marie Brodsky,1,1481.72,0.0,0,0,0,2.6569861354195754
Mariela Pajuelo,1,1500.05,0.0,0,0,0,2.6898597278099343
Marisa G. Franco,1,1979.82,0.0,0,0,0,3.5502941752252397
Marjee Chmiel,1,271.61,0.0,0,0,0,0.4867372053869854
Mark Changizi,1,73.07,0.0,0,0,1,5.964024694111749
Mark Hopwood,1,1066.07,0.0,0,0,0,1.911546491281401
Mark Liddell,1,792.55,0.0,0,0,0,1.421007211924554
Mark Lytle,1,268.98,0.0,0,0,0,0.4820204815470157
Mark S. Micale,1,1185.46,0.0,0,0,1,7.959019535307138
Mark T. Rivera,1,434.1,0.0,0,0,0,0.7781518277279259
Marko Russiver,1,126.05,0.0,0,0,0,0.22568537187140103
Marlene Daut,1,303.26,0.0,0,0,0,0.5434993002672288
Martin Hilpert,1,610.02,0.0,0,0,0,1.0936522299817153
Maruša Brada,1,428.66,0.0,0,0,0,0.768395562446772
Mary Staicu,1,712.86,0.0,0,0,0,1.278088686142355
Mary Ziegler,1,1339.52,0.0,0,0,1,8.235315533324526
Masako Tamaki,1,1066.9,0.0,0,0,0,1.9130350391092243
Aimée Eubanks Davis,1,278.86,0.0,0,0,0,0.4997395809914646
Matt Mullenweg,1,1385.65,0.0,0,0,1,8.31804651079137
Matt Porter,1,223.0,0.0,0,0,0,0.3995585187478499
Matteo Fadel,1,181.14,0.0,0,0,0,0.32448549215426403
Matteo Salvadore,1,716.2,0.0,0,0,0,1.2840787460760046
Matthew Winkler,1,3376.79,100.0,1,1,0,41.889131932965945
Meg Jacobs,1,388.17,0.0,0,0,1,6.52913483934918
Akshita Agarwal,1,1054.07,0.0,0,0,0,1.8900253178670903
Megan Davis,1,297.71,0.0,0,0,1,6.3669010604276375
Melanie E. Peffer,1,338.66,0.0,0,0,0,0.6069867618394444
Melody Smith,1,513.89,0.0,0,0,0,0.9212496966219109
Merve Emre,1,778.23,0.0,0,0,1,7.2286805811813375
Micah Eames,1,144.6,0.0,0,0,0,0.25895351910768916
Michael Beug,1,2443.0,100.0,1,1,0,40.2144438894202
Michael C. Bush,1,1657.11,0.0,0,0,0,2.971536019180899
Michael Corballis,1,409.75,0.0,0,0,1,6.567837082872581
Michael D'Emic,1,3210.36,100.0,1,1,0,41.59065119202064
Michael Marder,1,3421.71,100.0,1,1,1,47.8030481616447
Michael Mauser,1,9350.08,100.0,1,1,0,52.60181609496309
Alan Lupack,1,1230.96,0.0,0,0,0,2.207265348305204
Michael R. Stiff,1,1123.61,0.0,0,0,0,2.014740517803019
Michael S. A. Graziano,1,758.55,0.0,0,0,0,1.3600305539173414
Michael S.A. Graziano,1,296.25,0.0,0,0,0,0.5309273481310359
Michael Staff,1,3716.68,100.0,1,1,0,42.49870123561511
Alan Stern,1,7625.43,100.0,1,1,1,55.34213042041176
Michelle Brown,1,400.11,0.0,0,0,0,0.7171931040318918
Michelle Mehrtens,1,292.47,0.0,0,0,0,0.5241481785055282
Michelle R. Weise,1,298.22,0.0,0,0,0,0.5344604074332187
Michelle Weise,1,2117.13,0.0,0,0,0,3.7965502020184867
Mikael Cho,1,688.64,0.0,0,0,0,1.2346517844678053
Mike Davis,1,1600.32,0.0,0,0,0,2.8696870659976756
Miles Zhang,1,693.54,0.0,0,0,0,1.2434395969453151
Alayna Vaughan,1,350.36,0.0,0,0,0,0.627969905918397
Miranda Brown,1,905.18,0.0,0,0,0,1.623001358729035
Mohamed Aburawi,1,910.22,0.0,0,0,0,1.6320402515630457
Mollie Godfrey,1,862.76,0.0,0,0,0,1.5469240107094482
Albert Zink,1,1900.81,0.0,0,0,0,3.408595182603185
Molly Hemstreet,1,3886.56,100.0,1,1,0,42.80336931391703
Molly Wright,1,9441.08,100.0,1,1,0,52.765018326688285
Monica Malta,1,1067.61,0.0,0,0,1,7.747663678067432
Monique Ruff-Bell,1,892.9,0.0,0,0,0,1.6009780246017242
Morra Aarons-Mele,1,669.43,0.0,0,0,0,1.20019997269373
Moya Bailey,1,208.19,0.0,0,0,1,6.206353106756883
Alejandro Rico-Guevara,1,661.39,0.0,0,0,1,7.0191360893706705
Murry Gans,1,8411.04,100.0,1,1,0,50.9177125380486
NWHunter,1,859.78,0.0,0,0,0,1.5415795859782278
Nadia Frontier,1,278.48,0.0,0,0,0,0.49905807716667805
Nadia Kalman,1,1608.74,0.0,0,0,0,2.8847877560100503
Naomi R. Mercer,1,5595.43,100.0,1,1,0,45.86810994829307
Natalie Lira,1,1221.12,0.0,0,0,0,2.1896179861054685
Natalya St. Clair,1,3272.99,100.0,1,1,0,41.702973782932155
Nathan D. Horowitz,1,769.88,0.0,0,0,0,1.380350128482686
Alex Hofeldt,1,2537.83,100.0,1,1,0,40.3845149623268
Alex Kazachek,1,678.81,0.0,0,0,0,1.2170223565792493
Nazzy Pakpour,1,954.14,0.0,0,0,0,1.7108077462594213
Ned Blackhawk,1,619.78,0.0,0,0,1,6.944511420556548
Nedra Glover Tawwab,1,1884.9,0.0,0,0,1,9.213416996382573
Neil Bradbury,1,1935.83,0.0,0,0,0,3.471401140350614
Neil R. Jeyasingam,1,2493.05,100.0,1,1,0,40.304205116869056
Netta Schramm,1,7010.86,100.0,1,1,0,48.4065861554445
Nicaila Matthews Okome,1,1031.91,0.0,0,0,0,1.850282884295331
Nicholas Amendolare,1,6183.99,100.0,1,1,0,46.923651767020274
Alex Soojung-Kim Pang,1,465.15,0.0,0,0,0,0.8338378639374538
Nick Caruso,1,1435.0,0.0,0,0,0,2.5731970335931935
Nick Pizzo,1,314.78,0.0,0,0,0,0.5641596267449668
Nicki Beaman Griffin,1,458.42,0.0,0,0,0,0.8217680725142615
Nicola Storelli,1,1855.01,0.0,0,0,0,3.3264560374052343
Nicole Avena,1,6442.92,100.0,1,1,0,47.38802488636756
Nidhi Upadhyaya,1,2052.5,0.0,0,0,0,3.6806407488712467
Nigel Hughes,1,363.23,0.0,0,0,1,6.484406667269773
Nigel Rothfels,1,268.84,0.0,0,0,0,0.48176940119051537
Alex Worsnip,1,821.95,0.0,0,0,0,1.4737340867896145
Niko Zlotnik,1,1253.73,0.0,0,0,0,2.2481017748588576
Nina G. Jablonski,1,3364.96,100.0,1,1,1,47.7012709457062
Nina Klietsch,1,1074.92,0.0,0,0,0,1.9274183566744552
Nina Medvinskaya,1,1785.68,0.0,0,0,0,3.2021174580040563
Nina Westbrook,1,962.56,0.0,0,0,0,1.7259084362717958
Alexander H. Toledo,1,975.02,0.0,0,0,0,1.748254588000321
Noa Kageyama,1,3988.4,100.0,1,1,0,42.9860123389598
Noah Zandan,1,10210.59,100.0,1,1,0,54.145081506192106
Alexandra Minna Stern,1,1221.12,0.0,0,0,1,8.022973288969997
Norah Magero,1,909.45,0.0,0,0,1,7.464014612466821
Alexandros Charalambides,1,351.04,0.0,0,0,0,0.6291894390785412
Oliver Elfenbaum,1,5245.57,100.0,1,1,0,45.240660137398855
OpenAI,1,2.08,0.0,0,0,1,5.836709019054924
Oren Zaslansky,1,215.67,0.0,0,0,0,0.386412668653942
Orisanmi Burton,1,180.76,0.0,0,0,0,0.32380398832947754
Paco de Leon,1,353.75,0.0,0,0,0,0.6340496374079396
Pall Thordarson,1,2916.59,100.0,1,1,0,41.063794932527145
Paschal Kyiiripuo Kyoore,1,1087.03,0.0,0,0,0,1.9491368075117292
Patrice Gordon,1,247.32,0.0,0,0,0,0.4431747635341855
Ali Abu Awwad,1,1045.72,0.0,0,0,1,7.708405470897493
Patrick Lin,1,829.1,0.0,0,0,0,1.4865571192823077
Patrick McGinnis,1,751.78,0.0,0,0,1,7.181244328113961
PatrickJMT,1,1002.16,0.0,0,0,0,1.7969283085390197
Paul CJ Taylor,1,1049.18,0.0,0,0,0,1.8812554397007593
Paul Jennings,1,327.79,0.0,0,0,0,0.587492165588315
Paul S. Kindstedt,1,7801.53,100.0,1,1,0,49.82459833740223
Paul Trillo,1,2.08,0.0,0,0,0,0.0033537161903966937
Paule Joseph,1,1108.32,0.0,0,0,0,1.987318956010952
Pazit Cahlon,1,1400.21,0.0,0,0,0,2.510803565002872
Pedro Brugarolas,1,166.68,0.0,0,0,0,0.2985524781900201
Peggy Andover,1,1511.63,0.0,0,0,0,2.710627660154744
Pekka Hämäläinen,1,429.54,0.0,0,0,1,6.603329084695016
Percy Tussamba,1,143.72,0.0,0,0,0,0.25737529972397305
Peter Bohacek,1,181.8,0.0,0,0,0,0.32566915669205115
Peter Lorge,1,742.95,0.0,0,0,0,1.332053028478738
Peter Mende-Siedlecki,1,1441.55,0.0,0,0,0,2.584944007415171
Peter Schwartzstein,1,986.96,0.0,0,0,0,1.7696681555475602
Philip A. Chan,1,410.33,0.0,0,0,0,0.7355219700564128
Philip Renaud,1,404.06,0.0,0,0,0,0.7242771569474358
Plankton Chronicles Project,1,417.58,0.0,0,0,0,0.748524345660892
Prateek Singh,1,648.27,0.0,0,0,1,6.995606273104357
Pratik Aghor,1,1434.51,0.0,0,0,0,2.5723182523454424
Priyanka Chopra Jonas,1,8.37,0.0,0,0,1,5.8479897007862585
Priyanka Jain,1,402.45,0.0,0,0,0,0.7213897328476824
Puqun Li,1,1202.25,0.0,0,0,0,2.155775940911466
R. Saravanan,1,378.01,0.0,0,0,0,0.6775582763272037
Allison Ramsey,1,712.86,0.0,0,0,0,1.278088686142355
Rahaf Harfoush,1,419.35,0.0,0,0,0,0.7516987187395028
Ralitsa Petrova,1,712.1,0.0,0,0,0,1.2767256784927818
Ram Neta,1,536.07,0.0,0,0,0,0.9610279988160279
Ramin Hasani,1,1350.28,0.0,0,0,0,2.4212575492881627
Ramon Glazov,1,1370.86,0.0,0,0,0,2.4581663616937046
Randall Hayes,1,2061.28,0.0,0,0,0,3.6963870740860507
Raye Ploeger,1,1403.8,0.0,0,0,0,2.5172419827159866
Raye Zaragoza,1,30.15,0.0,0,0,1,5.887050630533231
Raymond Adkins,1,2190.84,100.0,1,1,0,39.762212298740835
Rebecca J. Barthelmie,1,906.16,0.0,0,0,0,1.624758921224537
Rebecca Kaplan,1,4471.77,100.0,1,1,1,49.68625844126393
Rebecca L. Walker,1,980.37,0.0,0,0,0,1.7578494444808679
Rebecca Tarvin,1,1005.77,0.0,0,0,0,1.8034025948744914
Rebecca Webster,1,1094.85,0.0,0,0,1,7.796516741717917
Rebekah Bergman,1,684.69,0.0,0,0,0,1.2275677315522613
Rene Laufer,1,291.06,0.0,0,0,0,0.5216194406293467
Amanda Mattes,1,456.64,0.0,0,0,0,0.8185757651244722
Reynaldo Lopes,1,714.36,0.0,0,0,0,1.2807788328191436
Richard J. Wood,1,2901.29,100.0,1,1,1,46.869710739288415
Richard Saul Wurman,1,845.27,0.0,0,0,1,7.348912203322619
Riché D. Richardson,1,342.15,0.0,0,0,0,0.613245836440773
Amber M. Yates,1,629.4,0.0,0,0,0,1.1284089250458267
Rob Cross,1,1653.51,0.0,0,0,1,8.798434970021134
Amber Stuver,1,2541.24,100.0,1,1,0,40.390630562438695
Rob Ulrich,1,1428.17,0.0,0,0,0,2.560947899058215
Robert A. Belle,1,1389.65,0.0,0,0,0,2.491864932398279
Robert Chang,1,795.8,0.0,0,0,1,7.260191165922124
Robert Frost,1,881.4,0.0,0,0,1,7.413708869610872
Robert Garland,1,10198.13,100.0,1,1,0,54.12273535446358
Robert Lustig,1,698.02,0.0,0,0,1,7.0848294712178514
Amelia Nagoski,1,1611.08,0.0,0,0,0,2.8889843848258407
Robert Palmer,1,324.16,0.0,0,0,1,6.414337313495014
Robert Reffkin,1,443.63,0.0,0,0,1,6.628598529145652
Robert Siddall,1,1053.27,0.0,0,0,0,1.8885905729728032
Ameya Gondhalekar,1,3169.66,100.0,1,1,0,41.517658545523766
Ami Angelowicz,1,437.62,0.0,0,0,0,0.7844647052627903
Ami Dar,1,1045.72,0.0,0,0,1,7.708405470897493
Robyn J. Crook,1,1558.93,0.0,0,0,0,2.795456952029484
Roey Tzezana,1,299.44,0.0,0,0,0,0.5366483933970068
Amit H. Sachdev,1,3025.78,100.0,1,1,0,41.259619676286185
Ron Shaneyfelt,1,159.81,0.0,0,0,0,0.28623160641032747
Roni Shanoada,1,2980.81,100.0,1,1,0,41.17896907891606
Amy C. Edmondson,1,533.55,0.0,0,0,0,0.9565085523990227
Roy Wood Jr.,1,1120.99,0.0,0,0,1,7.843397031138755
Royal Ramey,1,1235.27,0.0,0,0,0,2.214995036423177
Ruchi Sinha,1,2752.14,100.0,1,1,0,40.768865185195196
Rumaitha Al Busaidi,1,846.83,0.0,0,0,1,7.351709955866478
Safia Elhillo,1,182.16,0.0,0,0,1,6.159670094759007
Sahaj Kaur Kohli,1,797.78,0.0,0,0,0,1.4303868566709577
Sahba Aminikia,1,699.28,0.0,0,0,1,7.087089194426355
Amy Hrdina,1,266.9,0.0,0,0,0,0.4782901448218686
Sally Frampton,1,2671.35,100.0,1,1,0,40.623973885183354
Amy Nicole Baker,1,1054.58,0.0,0,0,0,1.8909399677371985
Sam Kean,1,2115.76,0.0,0,0,1,9.627448504251547
Samantha Agoos,1,4977.76,100.0,1,1,0,44.76036134972498
Sara C. Mednick,1,3456.12,100.0,1,1,0,42.031404823545714
Sara C. Pryor,1,906.16,0.0,0,0,0,1.624758921224537
Sara Garofalo,1,1120.76,0.0,0,0,0,2.0096292391171207
Sarah E. Tracy,1,2830.44,100.0,1,1,0,40.909290841723575
Anais Rassat,1,3452.06,100.0,1,1,0,42.024123493207206
Sasha Winkler,1,2144.96,0.0,0,0,0,3.846461390028508
Scott Hershberger,1,551.85,0.0,0,0,0,0.989328341855846
Scott Laderman,1,5323.38,100.0,1,1,0,45.38020701267948
Scott Peeples,1,1023.16,0.0,0,0,0,1.8345903620140631
Sean P. S. Gulick,1,335.64,0.0,0,0,0,0.6015705998635096
Seena Mathew,1,605.63,0.0,0,0,0,1.0857790673743135
Shahar Erez,1,434.22,0.0,0,0,0,0.7783670394620692
Shai Marcu,1,2629.03,100.0,1,1,0,40.548075880275555
Shai Weiss,1,30.01,0.0,0,0,0,0.053444247312204
Shane Gero,1,406.99,0.0,0,0,0,0.7295319101227632
Shannon N. Tessier,1,1115.29,0.0,0,0,0,1.9998191709024302
Andrea Berchowitz,1,1080.85,0.0,0,0,0,1.9380534032033598
Shannon Zhao,1,943.34,0.0,0,0,0,1.691438690186542
Sharmi Surianarain,1,274.6,0.0,0,0,0,0.4920995644293844
Sharon Horesh Bergquist,1,3671.42,100.0,1,1,0,42.4175305432208
Sharon N. DeWitte,1,3290.96,100.0,1,1,1,47.56855704298461
Shaylin Schundler,1,683.74,0.0,0,0,0,1.225863971990295
Andrea Gibson,1,131.5,0.0,0,0,1,6.068814874328261
Andrea M. Henle,1,806.89,0.0,0,0,0,1.446725014154655
Shilpa Ravella,1,2945.12,100.0,1,1,0,41.11496152231967
Andreea S. Calude,1,1124.95,0.0,0,0,0,2.0171437155009504
Shrabani Basu,1,636.44,0.0,0,0,1,6.974389982980083
Shravan S K,1,3666.32,100.0,1,1,0,42.408384044519714
Shu Matsuo Post,1,1235.47,0.0,0,0,0,2.215353722646749
Silvia Moreno-García,1,1069.62,0.0,0,0,0,1.9179131717498008
Andrew C. Isenberg,1,454.34,0.0,0,0,1,6.647806176417924
Siska De Baerdemaeker,1,525.3,0.0,0,0,0,0.9417127456766842
Skye C. Cleary,1,3148.57,100.0,1,1,0,41.479835083248126
Andrew Leland,1,1194.55,0.0,0,0,0,2.14196652130395
Sophie Zadeh,1,212.79,0.0,0,0,0,0.38124758703450756
Andrew Lovering,1,1535.19,0.0,0,0,0,2.752880897291506
Stacie Bosley,1,2663.63,100.0,1,1,0,40.61012859695348
Andrew McDonald,1,775.51,0.0,0,0,0,1.3904471456762335
Stefan C. Dombrowski,1,1312.67,0.0,0,0,0,2.3538066049454787
Sten Odenwald,1,2313.48,100.0,1,1,1,45.81551399389961
Stephanie Sardelis,1,553.29,0.0,0,0,0,0.9919108826655633
Stephanie Warren,1,1629.46,0.0,0,0,0,2.921947648772093
Stephen Bax,1,4057.88,100.0,1,1,0,43.110619933028666
Andrew Smith,1,1574.55,0.0,0,0,0,2.823470346090444
Andrew Vanden Heuvel,1,341.43,0.0,0,0,1,6.445309868900441
Andrew Whitworth,1,1286.17,0.0,0,0,1,8.139635983186738
Steve Rothstein,1,1678.28,0.0,0,0,1,8.842858258810507
Steven Anderson,1,1308.3,0.0,0,0,1,8.17932461382496
Andrew Zimmerman Jones,1,3044.36,100.0,1,1,0,41.292941626456006
Steven Zheng,1,7960.94,100.0,1,1,0,50.110489191900164
Andrey Vyshedskiy,1,490.09,0.0,0,0,0,0.8785660360168621
Susan Freitas,1,481.92,0.0,0,0,0,0.8639137037839526
Susan G. Wardle,1,515.08,0.0,0,0,0,0.9233838796521634
Susan Lupack,1,486.4,0.0,0,0,0,0.8719482751919617
Susan M. Reverby,1,473.68,0.0,0,0,1,6.68249113423732
Susanne Buckley-Zistel,1,2035.83,0.0,0,0,0,3.6507442521365343
Sílvia Bravo Gallart,1,1667.9,0.0,0,0,0,2.9908871409426
Angel Chang,1,323.2,0.0,0,0,1,6.412615619621868
TED staff,1,193.52,0.0,0,0,0,0.3466881693933609
Takis S. Pappas,1,382.86,0.0,0,0,0,0.6862564172488208
Talya Hackett,1,1140.5,0.0,0,0,0,2.0450315693836605
Angela Garbes,1,1888.08,0.0,0,0,1,9.219120107337366
Taneka Jones,1,392.23,0.0,0,0,0,0.7030608668231614
Tanya Boucicaut,1,259.78,0.0,0,0,0,0.4655209152627111
Tanya Khovanova,1,1667.76,0.0,0,0,1,8.823991363450627
Angela Koine Flynn,1,1234.39,0.0,0,0,0,2.2134168170394606
Tejal Gala,1,547.58,0.0,0,0,0,0.9816703909825872
Terisa Folaron,1,1387.71,0.0,0,0,0,2.4883856760296323
Terry Kupers,1,32526.23,100.0,1,1,1,100.0
Thasunda Duckett,1,485.69,0.0,0,0,1,6.704030241962809
The Audacious Project,1,2.93,0.0,0,0,1,5.838233435505105
Theodore E. Yeshion,1,1406.87,0.0,0,0,0,2.5227478162478145
Theresa A. Yugar,1,4694.55,100.0,1,1,1,50.085799025700595
Theresa Doud,1,10477.5,100.0,1,1,0,54.6237662058599
Thomas Boothby,1,2076.28,0.0,0,0,1,9.556643843718467
Thomas Hofweber,1,349.71,0.0,0,0,1,6.4601594785563154
Thomas L. Dawson,1,7673.48,100.0,1,1,0,49.59494948276036
Thomas Peschak,1,344.47,0.0,0,0,0,0.6174065966342064
Thomas W. Cronin,1,710.33,0.0,0,0,0,1.2735513054141712
Thula Simpson,1,1577.83,0.0,0,0,0,2.829352800157022
Tiffany Yu,1,1307.69,0.0,0,0,1,8.178230620843067
Tim Adams,1,654.39,0.0,0,0,0,1.173226768681128
Tim Dunn,1,242.25,0.0,0,0,0,0.4340820677666395
Tim Hansen,1,3045.72,100.0,1,1,0,41.2953806927763
Tim Seibles,1,263.6,0.0,0,0,1,6.3057271249974605
Tim Smith,1,304.85,0.0,0,0,0,0.5463508557446252
Tim Verstynen,1,294.39,0.0,0,0,0,0.5275915662518178
Tim Wright,1,1270.24,0.0,0,0,0,2.2777113226147128
Timothy J. Burbery,1,9441.63,100.0,1,1,0,52.766004713803106
Timothy Snyder,1,1541.79,0.0,0,0,1,8.598072845533904
Timothy Williams,1,1847.59,0.0,0,0,0,3.313148778510719
Todd Dufresne,1,1223.29,0.0,0,0,1,8.026865034495751
Tomás Chor,1,606.11,0.0,0,0,0,1.0866399143108858
Tony Buffington,1,4659.52,100.0,1,1,0,44.18961983077747
Toril Rokseth,1,5839.86,100.0,1,1,0,46.30647831643139
Trevor Maber,1,487.46,0.0,0,0,0,0.8738493121768924
Trevor Owens,1,271.61,0.0,0,0,1,6.320092508251513
Trier Bryant,1,1249.01,0.0,0,0,0,2.239636779982562
Anika Hazra,1,152.63,0.0,0,0,0,0.27335477098409844
Trudy Wu,1,1593.23,0.0,0,0,0,2.856971639372054
Tsedal Neeley,1,1668.14,0.0,0,0,0,2.9913175644108865
Tucker Hiatt,1,807.89,0.0,0,0,0,1.448518445272514
Unknown,1,0.21,0.0,0,0,0,0.0
Valentin Hammoudi,1,625.49,0.0,0,0,0,1.121396609374997
Valerie Purdie-Greenaway,1,985.73,0.0,0,0,0,1.7674622352725933
Vance Kite,1,1389.14,0.0,0,0,0,2.4909502825281713
Venus Keus,1,1030.48,0.0,0,0,0,1.8477182777967922
Veronica Kalas,1,979.52,0.0,0,0,0,1.7563250280306877
Viann Nguyen-Feng,1,683.03,0.0,0,0,0,1.2245906358966152
Vicki V. May,1,5781.99,100.0,1,1,0,46.20269245764088
Victoria Hwang,1,1042.37,0.0,0,0,0,1.869042173788138
Victoria Smith,1,11596.24,100.0,1,1,1,62.46350463751823
Anjali Grover,1,954.24,0.0,0,0,0,1.7109870893712071
Vikramāditya Prakāsh,1,872.31,0.0,0,0,0,1.564051277885003
W. Keith Campbell,1,5237.64,100.0,1,1,1,51.059793531498755
Wajdi Mohamed Ratemi,1,1322.58,0.0,0,0,0,2.371579507323463
Walter R. Tschinkel,1,2570.9,100.0,1,1,1,46.27717903225892
Ann-Helén Bay,1,4466.11,100.0,1,1,0,43.84275231827232
Wayne Ting,1,236.48,0.0,0,0,1,6.257089273081119
Wendell Oshiro,1,3680.62,100.0,1,1,0,42.4340301095051
Will Kanwischer,1,1680.74,0.0,0,0,0,3.013914796495912
William Butler Yeats,1,199.3,0.0,0,0,1,6.190409504119114
William D. Desmond,1,1981.57,0.0,0,0,1,9.38678798254602
William Shakespeare,1,310.85,0.0,0,0,1,6.390466745316307
William T. Taylor,1,847.09,0.0,0,0,0,1.5188209450925947
Wilton L. Virgo,1,388.29,0.0,0,0,0,0.6959947482187964
Wisecrack,1,2052.01,0.0,0,0,1,9.513117270488022
WorkLife with Adam Grant,1,56.3,0.0,0,0,0,0.10059355140072221
Anna Papadopoulou,1,229.06,0.0,0,0,0,0.4104267113220767
Anna Post,1,711.05,0.0,0,0,0,1.2748425758190298
Yannay Khaikin,1,713.9,0.0,0,0,0,1.2799538545049285
Yen Pham,1,501.61,0.0,0,0,0,0.8992263624946002
Anna Stöckl,1,4721.39,100.0,1,1,0,44.30057941403941
Yossi Elran,1,4502.51,100.0,1,1,0,43.908033210962394
Annabel Spring,1,1794.92,0.0,0,0,0,3.218688761533075
Anne Gaskett,1,263.94,0.0,0,0,0,0.47298158871300533
Zachary Metz,1,3321.42,100.0,1,1,0,41.78982965197008
Zeke Hernandez,1,2539.59,100.0,1,1,0,40.387671401094224
Zoe Pierrat,1,429.29,0.0,0,0,0,0.7695254240510233
Zohreh Davoudi,1,690.58,0.0,0,0,0,1.2381310408364523
Ümit Kurt,1,1658.92,0.0,0,0,0,2.974782129504225
